ut,mission,design,trajectory,body,body_mu,body_radius,mass,thrust,available_thrust,isp,altitude,speed,g_force,pos_x,pos_y,pos_z,vel_x,vel_y,vel_z,apoapsis_altitude,periapsis_altitude,semi_major_axis,stage
341.6999999999792,phase0-forces,A,nominal,Kerbin,3531599999999.9995,600000.0,8630.0,0.0,0.0,0.0,76.1100333792856,174.9644935761987,0.994894802570343,559650.9625636243,-1018.0677963867718,216520.4412344553,-63.130983783718186,1.0142161512359827e-05,163.1779792094371,76.11003354156855,-598435.2606757031,300820.42467891925,2
342.2199999999787,phase0-forces,A,nominal,Kerbin,3531599999999.9995,600000.0,8630.0,0.0,0.0,0.0,76.11003339104354,174.96448758056175,0.9948825836181641,559618.1279798812,-1018.0677961446279,216605.2912720788,-63.15571294698195,7.853267352492952e-06,163.16840330311166,76.11003336624708,-598435.2607832239,300820.4246250712,2
342.73999999997824,phase0-forces,A,nominal,Kerbin,3531599999999.9995,600000.0,8630.0,0.0,0.0,0.0,76.11000810877886,174.96427976520187,0.9946398138999939,559585.2805097951,-1018.0677942065456,216690.13631728673,-63.18126880030083,0.0001325076148134865,163.15828653955154,76.11000821401831,-598435.2645101442,300820.4227490349,2
343.27999999997775,phase0-forces,A,nominal,Kerbin,3531599999999.9995,600000.0,8630.0,0.0,0.0,0.0,76.10993705724832,174.94987983769659,0.9948385953903198,559551.1574674984,-1018.0607915278458,216778.23563771063,-63.2008289057357,0.025835765089624218,163.1352660014555,76.10993708460592,-598435.5227333802,300820.2936018522,2
343.81999999997726,phase0-forces,A,nominal,Kerbin,3531599999999.9995,600000.0,8630.0,0.0,0.0,0.0,76.10999159142375,174.93820812022227,0.9949779510498047,559517.0235707054,-1018.0387590117687,216866.32222247927,-63.221860976751934,0.05352753307071489,163.11459189708827,76.10999159771018,-598435.7320173463,300820.1889871257,2
344.3399999999768,phase0-forces,A,nominal,Kerbin,3531599999999.9995,600000.0,8630.0,0.0,0.0,0.0,76.10990956949536,174.9499570093443,0.9947603940963745,559484.1406747926,-1018.0066207908028,216951.14122795206,-63.25139717636133,0.06904025128852107,163.11573635383348,76.10990958323237,-598435.5213497214,300820.29427993094,2
344.8799999999763,phase0-forces,A,nominal,Kerbin,3531599999999.9995,600000.0,8625.681640625,153653.0625,153653.0625,290.2335510253906,76.14144944923464,174.96970161707017,1.1587928533554077,559450.0056580689,-1017.9587188847297,217039.23715792206,-62.685053418107884,0.14634137722445023,163.35531563477463,76.1625678059645,-598435.1882327719,300820.487167517,1
345.3999999999758,phase0-forces,A,nominal,Kerbin,3531599999999.9995,600000.0,8597.6083984375,153655.28125,153655.421875,290.23773193359375,77.607545027975,175.06868752254476,1.8201888799667358,559418.4558209425,-1017.7888158745998,217124.59664856715,-58.80750327620035,0.5030871164441872,164.8953298691002,78.80802084389143,-598434.584249467,300822.11188568844,1
345.91999999997535,phase0-forces,A,nominal,Kerbin,3531599999999.9995,600000.0,8569.5361328125,153661.21875,153661.53125,290.2489929199219,81.26444696739782,175.29807528339506,1.826016902923584,559388.927127118,-1017.4288194663757,217210.76627653738,-54.91266172921998,0.8576984551334806,166.47305828041715,85.47830228426028,-598433.4596275863,300826.009337349,1
346.4199999999749,phase0-forces,A,nominal,Kerbin,3531599999999.9995,600000.0,8542.544921875,153670.53125,153670.984375,290.2665710449219,86.86200172395911,175.6544101602467,1.831546664237976,559362.4479706825,-1016.9320773966544,217294.40765116678,-51.15318307211023,1.0966758393954033,168.03755821969875,95.74288558436092,-598431.688042363,300832.02742161066,1
346.9399999999744,phase0-forces,A,nominal,Kerbin,3531599999999.9995,600000.0,8514.47265625,153683.96875,153684.578125,290.2919616699219,94.86438579054084,176.1649440221057,1.8372350931167603,559336.9075698756,-1016.3303578980201,217382.2374642704,-47.228647776460264,1.1900436802948027,169.7118915325549,110.47942240932025,-598429.1741126183,300840.6526548955,1
347.45999999997395,phase0-forces,A,nominal,Kerbin,3531599999999.9995,600000.0,8486.400390625,153701.296875,153702.046875,290.32464599609375,105.1060107917292,176.80467120106994,1.8428740501403809,559313.4125131485,-1015.7136996872657,217470.94787304435,-43.28625536963766,1.166029220047412,171.42004617445113,129.408633393934,-598426.2333863237,300851.58762353513,1
347.99999999997345,phase0-forces,A,nominal,Kerbin,3531599999999.9995,600000.0,8457.248046875,153723.484375,153724.375,290.3665771484375,118.12755490618292,177.58317551508287,1.8486762046813965,559291.1906338467,-1015.1114767678016,217564.0150577998,-39.165495634785266,1.059065018271777,173.2071781393295,153.55920633487403,-598423.1502776806,300865.20446432714,1
348.53999999997296,phase0-forces,A,nominal,Kerbin,3531599999999.9995,600000.0,8428.0966796875,153750.015625,153751.078125,290.41668701171875,133.5965199006023,178.4563897476674,1.8544774055480957,559271.2037762328,-1014.5761970169776,217658.04587410693,-35.00835793563757,0.9303832583207524,174.98637747954635,182.34888993855566,-598420.4489731792,300880.9499583797,1
349.0799999999725,phase0-forces,A,nominal,Kerbin,3531599999999.9995,600000.0,8398.943359375,153780.96875,153782.1875,290.47515869140625,151.53005962318275,179.41225588524298,1.8603540658950806,559253.4735503022,-1014.1007653362983,217753.0320212925,-30.808609564385918,0.8455395930727084,176.7452183266571,215.8435813409742,-598418.3735747882,300898.7350032764,1
349.599999999972,phase0-forces,A,nominal,Kerbin,3531599999999.9995,600000.0,8370.8720703125,153815.046875,153816.453125,290.53955078125,171.14516838325653,180.41223360043725,1.8661291599273682,559238.5546477165,-1013.6647719032997,217845.3923588743,-26.723765241356844,0.8465466086554332,178.420003819255,252.60603482776787,-598416.9620895836,300917.82197262207,1
350.1399999999715,phase0-forces,A,nominal,Kerbin,3531599999999.9995,600000.0,8341.720703125,153855.03125,153856.59375,290.61505126953125,193.96774468454532,181.54665459025014,1.8722264766693115,559225.3207858301,-1013.1849936135047,217942.22391556323,-22.44465248984318,0.9415274988893605,180.1514332263016,295.52550712553784,-598415.8732965887,300939.82610526844,1
350.679999999971,phase0-forces,A,nominal,Kerbin,3531599999999.9995,600000.0,8312.568359375,153899.75,153901.484375,290.69952392578125,219.30668515444268,182.79881172433562,1.8783104419708252,559214.4064134442,-1012.6328624375099,218039.99255171657,-18.135517848661976,1.1049605522131765,181.89361622214238,343.3392790972721,-598414.8040989131,300964.2675900921,1
351.17999999997056,phase0-forces,A,nominal,Kerbin,3531599999999.9995,600000.0,8285.576171875,153945.5,153947.421875,290.7859802246094,245.02720852498896,184.07928700160483,1.8837976455688477,559206.3809354216,-1012.0362416564315,218131.36407292887,-14.12526913208822,1.2736472611789629,183.5321184360366,392.030367988511,-598413.5269050704,300989.25173145905,1
351.71999999997007,phase0-forces,A,nominal,Kerbin,3531599999999.9995,600000.0,8256.423828125,153999.75,154001.859375,290.888427734375,275.26048146910034,185.60217638390196,1.8894426822662354,559199.9704515168,-1011.3038106544303,218230.9754771783,-9.776879858891775,1.4243668536217235,185.3390182280357,449.4465907115955,-598411.6467258113,301018.89993245015,1
352.2399999999696,phase0-forces,A,nominal,Kerbin,3531599999999.9995,600000.0,8228.3515625,154056.84375,154059.125,290.9962463378906,306.798521636636,187.2044605436525,1.8945809602737427,559196.0209458389,-1010.5383584109028,218327.82992981895,-5.573915235367622,1.5043504654034878,187.11541477405362,509.5264630034799,-598409.3455521992,301050.09045540215,1
352.7999999999691,phase0-forces,A,nominal,Kerbin,3531599999999.9995,600000.0,8198.1201171875,154123.8125,154126.296875,291.12274169921875,343.4389565284364,189.06662758236413,1.89991295337677,559194.2171830275,-1009.6904928491396,218433.17672075512,-1.0280123489692983,1.5108637530213085,189.0577957839839,579.536889100098,-598406.5267698119,301086.5050596441,1
353.3399999999686,phase0-forces,A,nominal,Kerbin,3531599999999.9995,600000.0,8168.96826171875,154193.921875,154196.609375,291.2552185058594,381.4146987196291,190.97935108241305,1.9050501585006714,559194.8955864692,-1008.887045232858,218535.79572372988,3.3806331798742804,1.4604729289700695,190.9438422101809,652.318602026673,-598403.7749169919,301124.27184251737,1
353.8799999999681,phase0-forces,A,nominal,Kerbin,3531599999999.9995,600000.0,8139.81591796875,154269.609375,154272.515625,291.3981628417969,422.0017398664495,192.99185300202222,1.910413384437561,559197.9632483309,-1008.1171848307027,218639.43325019925,7.821031956256519,1.3944069834465722,192.8282718209596,730.3463822881458,-598401.2735982718,301164.5363920082,1
354.39999999996763,phase0-forces,A,nominal,Kerbin,3531599999999.9995,600000.0,8111.744140625,154347.953125,154351.078125,291.5461120605469,463.5688139112899,195.0166024070398,1.9159572124481201,559203.1930197037,-1007.4043930630911,218740.191838847,12.132247820013006,1.3553484548816679,194.63413577218432,810.5193997591268,-598399.2534922261,301205.6329537665,1
354.91999999996716,phase0-forces,A,nominal,Kerbin,3531599999999.9995,600000.0,8083.671875,154431.75,154435.078125,291.7044372558594,507.5881976613309,197.12701651439755,1.9219093322753906,559210.6744928395,-1006.6991064028194,218841.88715404714,16.480001167751176,1.366305729640915,196.4321852702139,895.7121991626918,-598397.6111942896,301249.0505024365,1
355.3999999999667,phase0-forces,A,nominal,Kerbin,3531599999999.9995,600000.0,8057.7587890625,154514.125,154517.65625,291.8599853515625,550.4123866093578,199.1570277789238,1.9276556968688965,559219.5951992129,-1006.0301616807159,218936.5891445941,20.524312324457107,1.4258689897722738,198.0914970789185,978.8731708379928,-598396.3106130017,301291.28127891815,1
355.93999999996623,phase0-forces,A,nominal,Kerbin,3531599999999.9995,600000.0,8028.60693359375,154612.65625,154616.4375,292.046142578125,601.1206232261611,201.54455130945107,1.9341464042663574,559231.9600826771,-1005.230930008341,219044.0832954394,25.105430053298413,1.5356743262655883,199.96891070546576,1077.6868682577042,-598394.8786181451,301341.4041250563,1
356.45999999996576,phase0-forces,A,nominal,Kerbin,3531599999999.9995,600000.0,8000.53515625,154713.625,154717.625,292.2368469238281,652.5003436332336,203.95578561216976,1.9401379823684692,559246.2124299058,-1004.3995441876452,219148.55973384538,29.542918722672347,1.6572715755012541,201.79799773275246,1178.1607650055084,-598393.3218399545,301392.4194625255,1
356.99999999996527,phase0-forces,A,nominal,Kerbin,3531599999999.9995,600000.0,7971.38330078125,154824.90625,154829.15625,292.4470520019531,708.5210624908796,206.57990343719246,1.9459221363067627,559263.4616323547,-1003.4722490207727,219258.06895876466,34.17348178299167,1.7680360190397477,203.72605060615757,1288.076044684276,-598391.3836189992,301448.34621284256,1
357.3799999999649,phase0-forces,A,nominal,Kerbin,3531599999999.9995,600000.0,7950.869140625,154907.25,154911.6875,292.60260009765625,749.5795554708457,208.49841895352947,1.9499167203903198,559277.1017156501,-1002.7886899516517,219335.75916266057,37.44437653711624,1.822976791657562,205.10042936933417,1373.1853497803677,-598389.7286050844,301491.728372348,1
357.9399999999644,phase0-forces,A,nominal,Kerbin,3531599999999.9995,600000.0,7920.6376953125,155034.796875,155039.5,292.8435363769531,812.5639296995942,211.4272650778016,1.9550832509994507,559299.4733156711,-1001.7544303640639,219451.20781771356,42.28374568320578,1.860980822000626,207.14755615178544,1493.1048938613385,-598387.2824886446,301552.9112026084,1
358.45999999996394,phase0-forces,A,nominal,Kerbin,3531599999999.9995,600000.0,7892.5654296875,155160.0,155164.953125,293.08001708984375,873.7055629575625,214.24621311396052,1.9601223468780518,559322.6798702291,-1000.7865405465346,219559.4412591843,46.80107432947337,1.856863030932183,209.06374945208472,1614.093974480871,-598384.8489036802,301614.6225354003,1
358.99999999996345,phase0-forces,A,nominal,Kerbin,3531599999999.9995,600000.0,7863.41357421875,155297.0625,155302.28125,293.3388977050781,939.9217793829739,217.26583846994868,1.9658023118972778,559349.2732427338,-999.7901331132296,219672.89439238087,51.52200084305626,1.8333231369909602,211.0605764264215,1745.552216721815,-598382.4195360206,301681.5663403506,1
359.53999999996296,phase0-forces,A,nominal,Kerbin,3531599999999.9995,600000.0,7834.26171875,155441.453125,155446.9375,293.61163330078125,1008.9298941371962,220.37453056752682,1.972208857536316,559378.4259135182,-998.8056949481257,219787.42644244753,56.27953069518688,1.81657564565164,213.05925983282432,1883.0588798661483,-598380.2145867414,301751.42214656237,1
360.07999999996247,phase0-forces,A,nominal,Kerbin,3531599999999.9995,600000.0,7805.109375,155593.3125,155599.109375,293.89849853515625,1080.7498771829996,223.5723594535317,1.979396104812622,559410.1590325506,-997.8231708743151,219903.03816230636,61.07819367743807,1.8277688486039816,215.05979036016151,2026.7542949715862,-598378.2608079272,301824.2467435222,1
360.619999999962,phase0-forces,A,nominal,Kerbin,3531599999999.9995,600000.0,7775.9580078125,155752.84375,155758.890625,294.21124267578125,1158.2234073817963,226.98718528774077,1.9874712228775024,559441.8621700774,-996.8994979793557,220011.0505691737,65.73944992433455,1.872614414903005,216.9925313822882,2182.4564287995454,-598376.4193608294,301903.0185339851,1
361.17999999996147,phase0-forces,A,nominal,Kerbin,3531599999999.9995,600000.0,7745.7265625,155926.484375,155932.84375,294.52783203125,1235.840633287793,230.38087297625611,1.9954817295074463,559482.8773851946,-995.7524402928293,220141.89617580103,70.98355315809935,1.955113124673974,219.16400102896202,2339.1678457121598,-598374.678665891,301982.24458991055,1
361.73999999996096,phase0-forces,A,nominal,Kerbin,3531599999999.9995,600000.0,7715.49462890625,156108.65625,156115.3125,294.8719177246094,1319.3763295998797,234.00920918476942,2.00360107421875,559524.1071818871,-994.6305817068417,220265.2413381124,76.08802506902778,2.048549659968615,221.28426484652454,2508.598798417719,-598372.7585407651,302067.9201288263,1
362.27999999996047,phase0-forces,A,nominal,Kerbin,3531599999999.9995,600000.0,7686.3427734375,156292.53125,156299.484375,295.2192077636719,1402.8870548025006,237.61358218863853,2.011018753051758,559566.5816318422,-993.5005364698079,220385.31311180975,81.0447960666835,2.1310179524198043,223.35490644602598,2678.7220177548006,-598370.7095820616,302154.0062178466,1
362.81999999996,phase0-forces,A,nominal,Kerbin,3531599999999.9995,600000.0,7657.19091796875,156484.546875,156491.8125,295.5819396972656,1489.324302736437,241.31851067498872,2.018061399459839,559611.7417411746,-992.3316927671373,220506.51018367446,86.03357811401904,2.191403743682285,225.45075910478946,2855.5338927205885,-598368.4644487054,302243.5347220076,1
363.39999999995945,phase0-forces,A,nominal,Kerbin,3531599999999.9995,600000.0,7625.8798828125,156699.984375,156707.59375,295.98883056640625,1585.4477968100691,245.40386142360381,2.0255041122436523,559661.4297016982,-991.093225807067,220633.39814607764,91.24164600521502,2.225925770937038,227.64682978717389,3052.9880033668596,-598365.9152194196,302343.5363919736,1
363.59999999995927,phase0-forces,A,nominal,Kerbin,3531599999999.9995,600000.0,7615.0830078125,156776.5,156784.203125,296.1333923339844,1619.3868882473325,246.83688364045568,2.02812123298645,559681.7497180679,-990.6026391012404,220683.58438888026,93.29798204800515,2.232822130873669,228.51465637116988,3122.911648543435,-598365.0259496932,302378.94284942513,1
363.6999999999592,phase0-forces,A,nominal,Kerbin,3531599999999.9995,600000.0,7609.68408203125,156815.203125,156822.96875,296.20648193359375,1636.5095405125758,247.55794115348095,2.0294501781463623,559691.135804021,-990.3792196984762,220706.45949653897,94.2347310047951,2.2350428234197675,228.90992613729475,3158.2303820268717,-598364.5824112005,302396.8239854132,1
364.0999999999588,phase0-forces,A,nominal,Kerbin,3531599999999.9995,600000.0,7588.08984375,156972.828125,156980.8125,296.50421142578125,1706.0241491560591,250.47205147589867,2.034952163696289,559729.6190527683,-989.4839384196836,220798.3559131796,97.9953038261711,2.240420137714576,230.4954435909052,3301.9084388668416,-598362.8296671606,302469.5393858531,1
364.6599999999583,phase0-forces,A,nominal,Kerbin,3531599999999.9995,600000.0,7557.8583984375,157201.265625,157209.578125,296.93572998046875,1806.1111889804015,254.63139381126163,2.0432894229888916,559786.0329619888,-988.2274840528788,220928.0791830733,103.29964213234418,2.2477206101887557,232.72575792475996,3509.6246860162355,-598360.474736977,302574.5749745196,1
365.1999999999578,phase0-forces,A,nominal,Kerbin,3531599999999.9995,600000.0,7528.70703125,157430.171875,157438.8125,297.36810302734375,1905.7040513490792,258.7308670800348,2.0520949363708496,559843.258651393,-987.0091271214121,221054.35558957627,108.46231364180335,2.2668101133620553,234.8881641789634,3717.3584967999486,-598358.3373241764,302679.51058631175,1
365.7399999999573,phase0-forces,A,nominal,Kerbin,3531599999999.9995,600000.0,7499.5546875,157667.578125,157676.53125,297.8165283203125,2008.3484643318225,262.91999217082815,2.061518430709839,559903.2860009116,-985.7753201243569,221181.80348562106,113.67455401803548,2.3047107383490903,237.06477249967276,3932.586513337679,-598356.3017603767,302788.1423764805,1
366.27999999995683,phase0-forces,A,nominal,Kerbin,3531599999999.9995,600000.0,7470.40185546875,157913.515625,157922.796875,298.2810974121094,2114.072776920628,267.2018527884107,2.071279287338257,559966.1419942258,-984.5158876289232,221310.43171206437,118.93679533120486,2.3602515115216685,239.2598964780871,4155.482245532679,-598354.297529971,302900.59235778084,1
366.8399999999563,phase0-forces,A,nominal,Kerbin,3531599999999.9995,600000.0,7440.1708984375,158177.5625,158187.15625,298.77984619140625,2226.9968864177354,271.74241758232074,2.081420421600342,560034.3422567954,-983.1746306128149,221445.08267170365,124.44536858455679,2.428397893127163,241.5603333227764,4394.888387631159,-598352.1686342285,303021.3598767013,1
367.35999999995585,phase0-forces,A,nominal,Kerbin,3531599999999.9995,600000.0,7412.099609375,158430.9375,158440.84375,299.2584533691406,2334.8767613209784,276.05003899086074,2.090646743774414,560100.4457740985,-981.894618000459,221571.27586781414,129.60550271078208,2.491497794830687,243.72080365180065,4624.837958301767,-598350.0937599969,303137.3720991524,1
367.8799999999554,phase0-forces,A,nominal,Kerbin,3531599999999.9995,600000.0,7384.02685546875,158692.15625,158702.375,299.7518615722656,2445.692324521835,280.4441221537051,2.099660873413086,560169.2439648513,-980.5837319268873,221698.5989395602,134.80774034077638,2.5464335016716113,245.90505173988936,4862.253402956645,-598347.9127108821,303257.17034603725,1
368.4199999999549,phase0-forces,A,nominal,Kerbin,3531599999999.9995,600000.0,7354.875,158971.6875,158982.203125,300.27984619140625,2563.9038118975004,285.0962455319211,2.108938455581665,560243.5637846311,-979.1956519622761,221832.0278742565,140.25468143061482,2.590727847445074,248.19706219537463,5116.824742127908,-598345.5615607323,303385.6315906978,1
368.9399999999544,phase0-forces,A,nominal,Kerbin,3531599999999.9995,600000.0,7326.802734375,159248.734375,159259.53125,300.8031311035156,2680.7804548824206,289.65963814724637,2.118025779724121,560317.9230585126,-977.8396190457001,221961.69052064003,145.54444046491412,2.6220483952600424,250.42493223231924,5369.8401275693905,-598343.2619042818,303513.2891116438,1
369.45999999995394,phase0-forces,A,nominal,Kerbin,3531599999999.9995,600000.0,7298.73046875,159533.375,159544.484375,301.3408203125,2800.668899158365,294.3040026722339,2.127509832382202,560395.0454344929,-976.4692472043837,222092.51672569863,150.88070881197177,2.6471386069149423,252.67142765752328,5630.756935661775,-598340.9750833773,303644.8909261422,1
369.97999999995346,phase0-forces,A,nominal,Kerbin,3531599999999.9995,600000.0,7270.658203125,159825.546875,159836.921875,301.8927001953125,2923.595959536615,299.02974903514047,2.1375532150268555,560474.9559779953,-975.086049398322,222224.51595951113,156.26676472360452,2.6724318701363075,254.9359667813394,5899.780563903158,-598338.7319087279,303780.5243275876,1
370.499999999953,phase0-forces,A,nominal,Kerbin,3531599999999.9995,600000.0,7242.58642578125,160125.09375,160136.75,302.45849609375,3049.5900185327046,303.83845618002675,2.148195743560791,560557.6814203118,-973.6883585104649,222357.69776012938,161.70562666772037,2.7033678915886425,257.2193413410131,6177.133966254769,-598336.5380423686,303920.2979619431,1
371.0199999999525,phase0-forces,A,nominal,Kerbin,3531599999999.9995,600000.0,7214.51416015625,160431.859375,160443.796875,303.0379333496094,3178.680914188153,308.7319531216532,2.1592459678649902,560643.2497713931,-972.2726276267434,222492.07240054404,167.19902642212853,2.7412529148639875,259.52339003307543,6463.030620772042,-598334.3735216241,304064.32854957395,1
371.53999999995204,phase0-forces,A,nominal,Kerbin,3531599999999.9995,600000.0,7186.44189453125,160745.703125,160757.890625,303.6307678222656,3310.899268861511,313.71110567010106,2.1704585552215576,560731.6895219013,-970.8359407998804,222627.6510680838,172.74736944145616,2.783240707280846,261.84968539790094,6757.657281716121,-598332.2151735708,304212.72105407267,1
371.9199999999517,phase0-forces,A,nominal,Kerbin,3531599999999.9995,600000.0,7165.92724609375,160979.40625,160991.8125,304.07220458984375,3409.516048865742,317.40437284836105,2.1787822246551514,560798.150934339,-969.7719752414179,222727.49607820882,176.83698262007863,2.815018700424465,263.5645900928341,6978.59392261738,-598330.6298869307,304323.98201784334,1
372.4799999999512,phase0-forces,A,nominal,Kerbin,3531599999999.9995,600000.0,7135.69580078125,161330.359375,161343.03125,304.735107421875,3557.946617155336,322.9318365719432,2.191310167312622,560898.9409355415,-968.1817691802906,222875.83001789748,182.91881392265253,2.8626851377716767,266.1155456162985,7313.045259823441,-598328.2760477317,304492.38460604585,1
373.0199999999507,phase0-forces,A,nominal,Kerbin,3531599999999.9995,600000.0,7106.5439453125,161675.921875,161688.84375,305.3878479003906,3704.608641338651,328.3583266681087,2.203721523284912,560999.3747702015,-966.6229384377448,223020.2269802672,188.84698438739275,2.9091125732965124,268.60294906069834,7645.780517183477,-598325.9833245951,304659.89859629417,1
373.5399999999502,phase0-forces,A,nominal,Kerbin,3531599999999.9995,600000.0,7078.4716796875,162015.046875,162028.21875,306.0284423828125,3849.151963202865,333.67426325173,2.2160089015960693,561099.1308987049,-965.0980551067416,223160.55255609434,194.616214374276,2.954126253862431,271.02456751609606,7975.9304131743265,-598323.7525766904,304826.08891824196,1
374.07999999994973,phase0-forces,A,nominal,Kerbin,3531599999999.9995,600000.0,7049.31982421875,162373.59375,162386.984375,306.7056884765625,4002.7324913002085,339.290063885279,2.229280948638916,561205.9169871527,-963.4896954447705,223307.6158199112,200.6726520877519,3.0010516692677145,273.56759282528907,8329.173617677297,-598321.4130435205,305003.8802870784,1
374.6399999999492,phase0-forces,A,nominal,Kerbin,3531599999999.9995,600000.0,7019.08837890625,162751.90625,162765.546875,307.4202880859375,4165.7884624789,345.227193115486,2.2458698749542236,561320.1354150585,-961.7949301043244,223461.5861319831,207.0359654233345,3.049993967414416,276.2401517238644,8707.335722117801,-598318.9617556437,305194.18698323704,1
375.1999999999487,phase0-forces,A,nominal,Kerbin,3531599999999.9995,600000.0,6988.8564453125,163136.515625,163150.359375,308.1467590332031,4332.754866115283,351.2873632809743,2.2636964321136475,561437.9443138154,-960.0726557357285,223617.06453050693,213.49217126747817,3.09926188590877,278.9521446129417,9098.141873480636,-598316.4866120496,305390.8276307155,1
375.7399999999482,phase0-forces,A,nominal,Kerbin,3531599999999.9995,600000.0,6959.7041015625,163512.984375,163527.03125,308.8578796386719,4497.514348314959,357.24841155985223,2.2813527584075928,561554.9947140501,-958.3857304422412,223768.43893137854,219.80713286087843,3.146832366606015,281.6049526403507,9487.313548388658,-598314.081651043,305586.6159486728,1
376.27999999994773,phase0-forces,A,nominal,Kerbin,3531599999999.9995,600000.0,6930.552734375,163894.625,163908.859375,309.5787353515625,4666.017999929609,363.33872584942986,2.3023762702941895,561675.4832679033,-956.6731808871853,223921.25757972032,226.22519125997462,3.1941051510997416,284.30087976219625,9889.445256013074,-598311.6594776869,305788.8928891631,1
376.8399999999472,phase0-forces,A,nominal,Kerbin,3531599999999.9995,600000.0,6900.3212890625,164295.46875,164309.890625,310.3359069824219,4844.787507046247,369.80812054787236,2.3277382850646973,561804.1306885399,-954.8704524644611,224081.2886837205,233.0079067050595,3.242304239254381,287.1495235923196,10321.21132887539,-598309.128126053,306006.0416014112,1
377.37999999994673,phase0-forces,A,nominal,Kerbin,3531599999999.9995,600000.0,6871.1689453125,164686.53125,164701.109375,311.0746154785156,5021.130186509108,376.20613345321317,2.35440993309021,561931.8185496596,-953.1068800421668,224237.13087022072,239.68281405191465,3.287542145645501,289.9524022363201,10752.661388591281,-598306.6658611395,306222.99776372587,1
377.91999999994624,phase0-forces,A,nominal,Kerbin,3531599999999.9995,600000.0,6842.01806640625,165081.703125,165096.40625,311.8210144042969,5201.438330902602,382.7644137496952,2.381479501724243,562063.1487942641,-951.3192644551733,224394.50242135464,246.4929323804467,3.3314106685626,292.8117696107754,11199.541530040558,-598304.1792251603,306447.68115244014,1
378.45999999994575,phase0-forces,A,nominal,Kerbin,3531599999999.9995,600000.0,6812.8662109375,165480.5625,165495.40625,312.57440185546875,5385.789769027615,389.47783949109845,2.4071412086486816,562198.1931929718,-949.5082987196137,224553.4334157862,253.43243741132176,3.374133893403934,295.7255524010053,11662.110890343785,-598301.6645458152,306680.2231722643,1
378.99999999994526,phase0-forces,A,nominal,Kerbin,3531599999999.9995,600000.0,6783.7138671875,165882.6875,165897.65625,313.3339538574219,5574.256485291873,396.33325214641616,2.429750919342041,562337.0180481058,-947.6744605651368,224713.95186680177,260.4873386208707,3.4162535687354754,298.688336542833,12140.280468740151,-598299.1193167545,306920.5805759928,1
379.53999999994477,phase0-forces,A,nominal,Kerbin,3531599999999.9995,600000.0,6754.5615234375,166287.640625,166302.6875,314.098876953125,5766.900125554646,403.31086170142214,2.4480702877044678,562479.6800421927,-945.8178893103961,224876.0820004578,267.6371515753066,3.45844332006586,301.69197111093615,12633.636586291716,-598296.5432978483,307168.5466442217,1
380.0799999999443,phase0-forces,A,nominal,Kerbin,3531599999999.9995,600000.0,6725.41015625,166694.921875,166710.015625,314.8681640625,5963.772821595427,410.40196720035067,2.465214490890503,562626.2270177075,-943.9383424235144,225039.84452626805,274.873199873094,3.50144082363198,304.7330611955362,13142.187271968927,-598293.9354055682,307424.12593320035,1
380.6199999999438,phase0-forces,A,nominal,Kerbin,3531599999999.9995,600000.0,6696.25830078125,167103.9375,167119.109375,315.6407775878906,6164.926025553257,417.60843753408244,2.4828646183013916,562776.7061668515,-942.0352112055165,225205.2599501499,282.1978295106048,3.545801277573697,307.81263686285075,13666.392415845534,-598291.2942505087,307687.54908266844,1
381.11999999994333,phase0-forces,A,nominal,Kerbin,3531599999999.9995,600000.0,6669.26611328125,167483.8125,167499.015625,316.3583068847656,6355.04153513466,424.38533163032906,2.4995639324188232,562919.5868772321,-940.2513342332733,225359.9144312709,289.0607128331138,3.5882151805446516,310.699112826565,14166.130028409418,-598288.8200069016,307938.6550107539,1
381.65999999994284,phase0-forces,A,nominal,Kerbin,3531599999999.9995,600000.0,6640.11376953125,167894.75,167909.984375,317.1344909667969,6564.588393820915,431.81799274991596,2.517892599105835,563077.776472587,-938.3005778467929,225528.5727531622,296.56146369231215,3.63524516283003,313.854842415799,14721.79001078941,-598286.1191787388,308217.8354160253,1
382.1599999999424,phase0-forces,A,nominal,Kerbin,3531599999999.9995,600000.0,6613.12158203125,168275.4375,168290.65625,317.8536071777344,6762.568923764047,438.80575988390456,2.535019874572754,563227.8819815062,-936.4714594877046,225686.26681036095,303.5897751930373,3.6795396302971275,316.81256965853015,15251.431939928094,-598283.5943692494,308483.91878533934,1
382.65999999994193,phase0-forces,A,nominal,Kerbin,3531599999999.9995,600000.0,6586.12890625,168655.84375,168671.046875,318.5721435546875,6964.39722395991,445.8929695258709,2.551670551300049,563381.5220525293,-934.620094656239,225845.44846531452,310.6962663494736,3.724175639489806,319.803847482957,15795.880979299778,-598281.048991549,308757.4159938754,1
383.19999999994144,phase0-forces,A,nominal,Kerbin,3531599999999.9995,600000.0,6556.9775390625,169065.828125,169080.96875,319.3465576171875,7186.742627267609,453.658879896569,2.5698132514953613,563551.4683975525,-932.5954935817193,226019.05484918656,318.4594980091043,3.7725866006955724,323.07227523750646,16400.913192893146,-598278.2774507927,309061.3178710502,1
383.73999999994095,phase0-forces,A,nominal,Kerbin,3531599999999.9995,600000.0,6527.8251953125,169474.328125,169489.4375,320.1181945800781,7413.679932552041,461.541923678957,2.588249683380127,563725.6328930107,-930.5446816489397,226194.437321466,326.3157942873606,3.8212681574788725,326.38067899547883,17024.11180398031,-598275.481389208,309374.31520738616,1
384.2599999999405,phase0-forces,A,nominal,Kerbin,3531599999999.9995,600000.0,6499.75341796875,169865.8125,169880.828125,320.8576354980469,7636.60355223692,469.2447105669708,2.6062588691711426,563897.3808178003,-928.5448715778721,226365.02311033953,333.97034411226366,3.8685749536095817,329.6049783854071,17641.871924966457,-598272.7636949054,309684.5541150305,1
384.79999999994,phase0-forces,A,nominal,Kerbin,3531599999999.9995,600000.0,6470.6005859375,170269.8125,170284.71875,321.6207580566406,7872.715650911792,477.3607424538541,2.6252121925354004,564079.9733116542,-926.4419386290188,226543.95566174824,342.01319646007016,3.9183462512048477,332.9938414534358,18302.216871171608,-598269.9131049474,310016.1518831121,1
385.3199999999395,phase0-forces,A,nominal,Kerbin,3531599999999.9995,600000.0,6442.52880859375,170655.859375,170670.625,322.3499450683594,8104.578699964797,485.28985838662584,2.643726110458374,564259.9329681359,-924.391284166743,226718.0014542519,349.84984863691244,3.9670489419621506,336.2968816155346,18956.73038263654,-598267.1388330229,310344.7957748068,1
385.859999999939,phase0-forces,A,nominal,Kerbin,3531599999999.9995,600000.0,6413.376953125,171053.078125,171067.703125,323.10028076171875,8350.084053173778,493.64302319213164,2.663209915161133,564451.1539803958,-922.2347068542557,226900.57078123154,358.08442249867363,4.018522458671855,339.7687922504184,19656.29799689853,-598264.2263387014,310696.03582909855,1
386.39999999993853,phase0-forces,A,nominal,Kerbin,3531599999999.9995,600000.0,6384.22509765625,171446.015625,171460.46875,323.84246826171875,8600.460577521939,502.1184452201288,2.682931423187256,564646.8494976298,-920.0500746100761,227085.0269732312,366.41855715747386,4.070916767005768,343.28384995159723,20376.68076903373,-598261.2816488887,311057.6995600725,1
386.959999999938,phase0-forces,A,nominal,Kerbin,3531599999999.9995,600000.0,6353.9931640625,171848.34375,171862.578125,324.6024169921875,8865.31846853753,511.0377614489556,2.7036044597625732,564854.5769921888,-917.7543807201502,227278.33291289737,375.16772588985447,4.126164347691101,346.9751372147154,21146.347059405525,-598258.1947604653,311444.0761494701,1
387.49999999993753,phase0-forces,A,nominal,Kerbin,3531599999999.9995,600000.0,6324.841796875,172228.65625,172242.5625,325.3207702636719,9125.800583207514,519.7639577278402,2.723574638366699,565059.5550271183,-915.5111437502679,227466.70536154127,383.7074119696753,4.18024222255721,350.57911992502164,21910.89095875004,-598255.1875037773,311827.85172748636,1
388.03999999993704,phase0-forces,A,nominal,Kerbin,3531599999999.9995,600000.0,6295.689453125,172599.609375,172613.15625,326.021484375,9391.333966152743,528.6131946882243,2.743584394454956,565269.1728579578,-913.2385003201406,227657.03618594562,392.34842785163124,4.23504061916835,354.22688377902347,22697.95693019801,-598252.151192726,312222.902868736,1
388.57999999993655,phase0-forces,A,nominal,Kerbin,3531599999999.9995,600000.0,6266.53759765625,172960.765625,172973.953125,326.7036437988281,9661.978341653594,537.585551777268,2.7636542320251465,565483.4853113877,-910.9360741626078,227849.34906866268,401.0911479557341,4.290521398871673,357.9185772453659,23508.125482276664,-598249.086448052,312629.51951711235,1
389.11999999993606,phase0-forces,A,nominal,Kerbin,3531599999999.9995,600000.0,6237.3857421875,173311.8125,173324.625,327.3667297363281,9937.793636820163,546.6810808651279,2.783773422241211,565702.5473978688,-908.6034966949667,228043.6677783447,409.9358832900159,4.346690588784784,361.6543682136639,24341.98956290167,-598245.9930681614,313047.9982473701,1
389.3999999999358,phase0-forces,A,nominal,Kerbin,3531599999999.9995,600000.0,6222.27001953125,173489.765625,173502.375,327.7029113769531,10082.864571180311,551.445776065505,2.7942214012145996,565818.0232546013,-907.3820167017984,228145.22318362998,414.5622881896497,4.3760981857817125,363.6088597877084,24783.89165630343,-598244.3776348237,313269.7570107399,1
389.9399999999353,phase0-forces,A,nominal,Kerbin,3531599999999.9995,600000.0,6193.1181640625,173825.0625,173837.28125,328.33624267578125,10366.64697016566,560.7283193188538,2.814390182495117,566044.4032619456,-905.0029171651457,228342.63342431412,423.56237768082815,4.43338778084395,367.41190151149783,25654.897739819367,-598241.239843919,313706.8289479502,1
390.45999999993484,phase0-forces,A,nominal,Kerbin,3531599999999.9995,600000.0,6165.04638671875,174138.0,174149.84375,328.9273376464844,10644.948674461804,569.7833353491479,2.8338212966918945,566267.0186837873,-902.6824910056831,228534.68458186332,432.32597742529754,4.489300641318817,371.11607977102335,26517.49056198704,-598238.1899916546,314139.6502851662,1
390.99999999993435,phase0-forces,A,nominal,Kerbin,3531599999999.9995,600000.0,6135.89404296875,174452.640625,174464.09375,329.5216979980469,10939.235984571977,579.30714297323,2.8539886474609375,566503.0474305935,-900.2418253336401,228736.17309450448,441.5272264669339,4.5481561960538714,375.0063845635692,27438.63323551882,-598234.9931645667,314601.82003547606,1
391.53999999993385,phase0-forces,A,nominal,Kerbin,3531599999999.9995,600000.0,6106.7421875,174756.640625,174767.6875,330.0959167480469,11238.964209469268,588.9533980361948,2.8741190433502197,566744.0735414985,-897.7691529674005,228939.77479678227,450.83086596070245,4.60780963578078,378.94116092853267,28386.25652365107,-598231.7661532159,315077.2451852176,1
392.0599999999334,phase0-forces,A,nominal,Kerbin,3531599999999.9995,600000.0,6078.67041015625,175039.15625,175049.8125,330.6295471191406,11532.789975528489,598.3576501867277,2.8934428691864014,566980.9474787524,-895.3574173917203,229137.85533264725,459.88648794549954,4.665972307409158,382.7721573528602,29324.409790224512,-598228.6305607879,315547.8896147183,1
392.5999999999329,phase0-forces,A,nominal,Kerbin,3531599999999.9995,600000.0,6049.51806640625,175321.859375,175332.109375,331.1635437011719,11843.373477782938,608.2426895156308,2.9134199619293213,567231.9437071093,-892.8207161012123,229345.674862417,469.3903408292904,4.72706755593775,386.7939142717892,30325.88678992435,-598225.3460275466,316050.2703811889,1
393.1399999999324,phase0-forces,A,nominal,Kerbin,3531599999999.9995,600000.0,6020.3662109375,175593.75,175603.609375,331.6770935058594,12159.575753462268,618.2483121916999,2.9332802295684814,567488.1004315658,-890.2508375757812,229555.67845008362,478.9955465050292,4.788818239651913,390.8597052346298,31355.764162006206,-598222.0333681708,316566.8653969177,1
393.6799999999319,phase0-forces,A,nominal,Kerbin,3531599999999.9995,600000.0,5991.2138671875,175854.890625,175864.359375,332.17034912109375,12481.45630537835,628.3736850156605,2.9530091285705566,567749.47222439,-887.6474405041732,229767.88981253465,488.70153739285377,4.851181300405741,394.9693170488213,32414.703755259514,-598218.6928684616,317098.00544339896,1
394.2199999999314,phase0-forces,A,nominal,Kerbin,3531599999999.9995,600000.0,5962.0625,176105.265625,176114.359375,332.6433410644531,12809.07441987563,638.6185184518121,2.9727373123168945,568016.1134511695,-885.0102024669962,229982.33259995093,498.508255921781,4.914131641243197,399.12276582227696,33503.421085498994,-598215.3243846674,317644.0483504158,1
394.73999999993094,phase0-forces,A,nominal,Kerbin,3531599999999.9995,600000.0,5933.990234375,176336.296875,176344.984375,333.0797119140625,13130.036774732289,648.5970386877976,2.9918081760406494,568277.9102662039,-882.4383610352018,230190.96420450514,508.0473706187085,4.975302981099308,403.1640288545636,34580.680524793104,-598212.0538373906,318184.31334370124,1
395.27999999993045,phase0-forces,A,nominal,Kerbin,3531599999999.9995,600000.0,5904.83837890625,176565.859375,176574.171875,333.5133056640625,13469.090620361618,659.0768543055301,3.011640787124634,568555.0539095865,-879.7337742960231,230409.85631896713,518.0528867826816,5.0394108632739805,407.40411229583094,35730.103471337236,-598208.6293104223,318760.73708045745,1
395.81999999992996,phase0-forces,A,nominal,Kerbin,3531599999999.9995,600000.0,5875.6865234375,176785.25,176793.1875,333.92767333984375,13814.058726113872,669.6763686531654,3.0314977169036865,568837.6289760022,-876.9943968105504,230631.0504498758,528.1599750220872,5.104138144767098,411.68850760126577,36911.62352402834,-598205.1760067715,319353.2237586284,1
396.3399999999295,phase0-forces,A,nominal,Kerbin,3531599999999.9995,600000.0,5847.6142578125,176987.046875,176994.625,334.3088684082031,14151.895901813055,679.9964426132468,3.0506463050842285,569114.9229581477,-874.323279287032,230846.25027263575,537.9889307041118,5.167068438057774,415.85619366587946,38080.48603547481,-598201.8237600423,319939.33113771625,1
396.879999999929,phase0-forces,A,nominal,Kerbin,3531599999999.9995,600000.0,5818.46240234375,177186.734375,177193.921875,334.6860656738281,14508.647812368348,690.8309174766666,3.0705549716949463,569408.3194989613,-871.5146164688316,231072.0328898057,548.2960201540412,5.233048298522674,420.2278501365628,39327.42066478415,-598198.3150538494,320564.5528054674,1
397.3999999999285,phase0-forces,A,nominal,Kerbin,3531599999999.9995,600000.0,5790.390625,177369.546875,177376.40625,335.0314025878906,14857.94382575783,701.3772128656324,3.089744806289673,569696.136332586,-868.776139767124,231291.69583316537,558.3179202583215,5.2971835264101195,424.47972212141383,40560.85939691146,-598194.9102277037,321182.97458460386,1
397.91999999992805,phase0-forces,A,nominal,Kerbin,3531599999999.9995,600000.0,5762.31787109375,177543.25,177549.734375,335.3594665527344,15212.942829195177,712.034442266327,3.108950614929199,569989.1901804889,-866.0041578767725,231513.58089483157,568.4347059075849,5.36188909700046,428.7729961629911,41827.172224734444,-598191.4802254376,321817.84599964845,1
398.4399999999276,phase0-forces,A,nominal,Kerbin,3531599999999.9995,600000.0,5734.24609375,177707.9375,177714.09375,335.67059326171875,15573.698695605737,722.8025761454159,3.128171443939209,570287.530419682,-863.1983793958793,231737.70962483977,578.6465130471278,5.427145670307204,433.1077500007626,43127.17490768153,-598188.0251502215,322469.57487873,1
398.9599999999271,phase0-forces,A,nominal,Kerbin,3531599999999.9995,600000.0,5706.17431640625,177863.875,177869.71875,335.9651184082031,15940.26538268209,733.6816021707659,3.147409677505493,570591.206502258,-860.3585236602445,231964.10361346262,588.9534909051358,5.492931846282273,437.4840644117775,44461.70768432086,-598184.5451512084,323138.5812665562,1
399.1999999999269,phase0-forces,A,nominal,Kerbin,3531599999999.9995,600000.0,5693.21728515625,177933.0,177938.6875,336.095703125,16111.4248236852,738.740097418983,3.156296491622925,570733.1780613365,-859.0362522121841,232069.36315463003,593.7427026986267,5.523469384910206,439.5179470882762,45089.531028204714,-598182.930567894,323453.30023015535,1
399.45999999992665,phase0-forces,A,nominal,Kerbin,3531599999999.9995,600000.0,5679.181640625,178005.890625,178011.421875,336.2333679199219,16298.26355055836,744.2468309038615,3.165938138961792,570888.2808031307,-857.5955039748559,232183.94653169025,598.9539841554081,5.556675284409846,441.7313590119992,45778.28532956017,-598181.1754157838,323798.5549568882,1
400.01999999992614,phase0-forces,A,nominal,Kerbin,3531599999999.9995,600000.0,5648.9501953125,178156.140625,178161.359375,336.5171813964844,16705.718488518964,756.2018467272052,3.186744451522827,571226.9697220749,-854.4629260525704,232432.70460863344,610.2595539721405,5.628631653999621,446.5342408875979,47292.70222107519,-598177.3738263785,324557.66419734835,1
400.23999999992594,phase0-forces,A,nominal,Kerbin,3531599999999.9995,600000.0,5637.0732421875,178212.765625,178217.84375,336.6241455078125,16867.682393098832,760.9337381634963,3.194927930831909,571361.7636332852,-853.2212173608211,232531.16920630058,614.7314369536564,5.657058535317887,448.43440098312374,47899.411277890904,-598175.8721515798,324861.76956315554,1
400.8199999999254,phase0-forces,A,nominal,Kerbin,3531599999999.9995,600000.0,5605.76171875,178355.640625,178365.125,336.9029541015625,17314.871496221866,773.9401122054887,3.217273712158203,571721.8649793474,-849.9175437917404,232792.77013312376,626.6033153221633,5.732417397385038,453.48003221065426,49588.54934607574,-598171.7523982561,325708.3984739098,1
401.3599999999249,phase0-forces,A,nominal,Kerbin,3531599999999.9995,600000.0,5576.60986328125,178480.390625,178484.84375,337.1296691894531,17708.96016480087,785.3321976939204,3.2366721630096436,572063.3523326564,-846.8022709577323,233038.97380420406,637.7639762082749,5.803092796578251,458.224939849162,51094.17912903812,-598168.1518486821,326463.013640178,1
401.89999999992443,phase0-forces,A,nominal,Kerbin,3531599999999.9995,600000.0,5547.4580078125,178597.34375,178601.53125,337.3505554199219,18124.680427276297,797.2804020046142,3.2568562030792236,572397.9149365306,-843.7661815634433,233278.49225244526,648.6095337207864,5.871615287221466,462.8373138366999,52699.839604532346,-598164.3831106708,327267.72824693075,1
402.43999999992394,phase0-forces,A,nominal,Kerbin,3531599999999.9995,600000.0,5518.30615234375,178706.671875,178710.59375,337.55706787109375,18547.057837895234,809.3489305414446,3.277085304260254,572764.5508741905,-840.4565479233795,233539.13088515698,660.3975065862564,5.94594531507319,467.8519748783215,54349.56339126127,-598160.5855672659,328094.4889119977,1
402.97999999992345,phase0-forces,A,nominal,Kerbin,3531599999999.9995,600000.0,5489.15380859375,178808.640625,178812.28125,337.7496643066406,18976.153990419232,821.5379358672067,3.2973616123199463,573124.3746989309,-837.2255354604936,233793.13374890495,671.871044020879,6.018186474354963,472.73424004064316,56044.55083109962,-598156.7613236035,328943.8947537481,1
403.459999999923,phase0-forces,A,nominal,Kerbin,3531599999999.9995,600000.0,5463.24169921875,178893.3125,178896.71875,337.90960693359375,19363.263160352013,832.4738933116495,3.31542706489563,573449.4423504742,-834.3206484609466,234021.13735649028,682.1578712019109,6.082889578674143,477.1125865632831,57590.2087141294,-598153.3410481074,329718.433833011,1
404.0199999999225,phase0-forces,A,nominal,Kerbin,3531599999999.9995,600000.0,5433.009765625,178985.421875,178988.578125,338.0835876464844,19821.719816235476,845.3531905020332,3.336555004119873,573834.9577158052,-830.8921988086644,234289.81044298515,694.2643336728703,6.158959460853555,482.26664709483254,59441.12059542141,-598149.3265526833,330645.8970213691,1
404.559999999922,phase0-forces,A,nominal,Kerbin,3531599999999.9995,600000.0,5403.85791015625,179067.8125,179070.765625,338.2392272949219,20270.8300943278,857.8958475446623,3.356987476348877,574213.1559110277,-827.5456848768019,234551.6348541272,706.0460227122287,6.232888040857365,487.28374706456975,61275.84220193792,-598145.4301084711,331565.2060467334,1
405.0999999999215,phase0-forces,A,nominal,Kerbin,3531599999999.9995,600000.0,5374.7060546875,179144.453125,179147.203125,338.38397216796875,20726.902846926358,870.5599151112779,3.377488374710083,574597.7459025142,-824.1591017610727,234816.18147704864,717.9337325643435,6.3073369011776625,492.3473762964519,63160.966863937676,-598141.5072116778,332509.7298261299,1
405.63999999992103,phase0-forces,A,nominal,Kerbin,3531599999999.9995,600000.0,5345.55419921875,179215.890625,179218.46875,338.5189208984375,21190.000736008747,883.3457972576305,3.39807391166687,574988.7850636569,-820.732180557523,235083.47552329185,729.9279131271717,6.3822644012110565,497.4578433110127,65097.9329261895,-598137.5561472788,333480.1883894554,1
406.17999999992054,phase0-forces,A,nominal,Kerbin,3531599999999.9995,600000.0,5316.40234375,179282.625,179285.015625,338.64495849609375,21660.186739448574,896.2539978941364,3.418765068054199,575386.3310402981,-817.2646703595877,235353.54237268033,742.0291245585124,6.457649162156082,502.61546515745897,67088.24208566721,-598133.575863131,334477.3331112681,1
406.71999999992005,phase0-forces,A,nominal,Kerbin,3531599999999.9995,600000.0,5287.25,179344.71875,179346.9375,338.76226806640625,22137.52419659763,909.2850583833063,3.4395666122436523,575790.4417990465,-813.7563235346629,235626.40757558765,754.2379750305338,6.533495471709549,507.8205469040157,69133.45568123355,-598129.5658779868,335501.94490162336,1
407.25999999991956,phase0-forces,A,nominal,Kerbin,3531599999999.9995,600000.0,5258.0986328125,179402.3125,179404.359375,338.87103271484375,22622.07681767596,922.4395338192796,3.4604814052581787,576201.1756436,-810.2068860606978,235902.09683784272,766.5551058568999,6.609823357214424,513.0733607123188,71235.1952186377,-598125.5265734072,336554.83432261524,1
407.7799999999191,phase0-forces,A,nominal,Kerbin,3531599999999.9995,600000.0,5230.0263671875,179453.59375,179455.5,338.9679260253906,23095.562135054497,935.2239733930903,3.480729818344116,576603.0115502552,-806.7498244615117,236170.2686163024,778.5189951463965,6.683800581560507,518.1769788548993,73314.08757033932,-598121.6098710576,337596.2388496409,1
408.3199999999186,phase0-forces,A,nominal,Kerbin,3531599999999.9995,600000.0,5200.87451171875,179502.6875,179504.4375,339.0606384277344,23594.464586725342,948.6223613795062,3.50187349319458,577026.9171717665,-803.1189424553792,236451.57669682876,791.0505950942837,6.761131568579653,523.5242378439823,75531.74243678851,-598117.5153695343,338707.1135336271,1
408.8399999999181,phase0-forces,A,nominal,Kerbin,3531599999999.9995,600000.0,5172.80224609375,179546.125,179547.734375,339.1426696777344,24081.888211778714,961.6427755211417,3.522346258163452,577441.5468099471,-799.5829368871866,236725.20752729676,803.2222525724937,6.836084705712554,528.7193098708146,77725.56231900025,-598113.5466562915,339806.0078313544,1
409.35999999991765,phase0-forces,A,nominal,Kerbin,3531599999999.9995,600000.0,5144.73046875,179586.015625,179587.46875,339.218017578125,24576.237821736606,974.7797979236284,3.5429346561431885,577862.5334671546,-796.0078295764612,237001.55197384546,815.4967511162172,6.911501199474501,533.9596749850066,79978.29000564723,-598109.5522567972,340934.368874425,1
409.8799999999172,phase0-forces,A,nominal,Kerbin,3531599999999.9995,600000.0,5116.65771484375,179622.53125,179623.875,339.2870178222656,25077.572030869545,988.034033753225,3.5636446475982666,578289.930787585,-792.3933860935045,237280.63367754823,827.8747116756217,6.987357334785074,539.2456680031387,82291.67958488828,-598105.531214095,342093.07418539666,1
410.3999999999167,phase0-forces,A,nominal,Kerbin,3531599999999.9995,600000.0,5088.5859375,179655.953125,179657.1875,339.35015869140625,25585.94982901821,1001.4061333886638,3.584484338760376,578723.7927465326,-788.739383666455,237562.4764619361,840.3567868229827,7.063631222272938,544.5776528126563,84667.55803560757,-598101.4822627845,343283.03788641153,1
410.91999999991623,phase0-forces,A,nominal,Kerbin,3531599999999.9995,600000.0,5060.513671875,179686.59375,179687.71875,339.4080505371094,26101.430609256844,1014.8968384234835,3.605473756790161,579164.1736748553,-785.0456083014286,237847.10434620184,852.9437169332199,7.140314682295892,549.9560203255924,87107.83591881348,-598097.4042944305,344505.2158121915,1
411.43999999991576,phase0-forces,A,nominal,Kerbin,3531599999999.9995,600000.0,5032.44140625,179714.734375,179715.78125,339.4612121582031,26624.074243949493,1028.5070171883037,3.6266353130340576,579611.1283337198,-781.3118457186871,238134.54156337492,865.6363680090959,7.217414201760109,555.3811949623814,89614.51740414056,-598093.2965309807,345760.6104365799,1
411.9399999999153,phase0-forces,A,nominal,Kerbin,3531599999999.9995,600000.0,5005.44921875,179739.796875,179740.765625,339.5085144042969,27133.427298831288,1041.7071729785177,3.647139310836792,580047.1431540389,-777.6837744204198,238413.59559044306,877.9413335317836,7.291955438175341,560.6422000681156,92089.34634870966,-598089.3186980357,347000.013825337,1
412.4599999999148,phase0-forces,A,nominal,Kerbin,3531599999999.9995,600000.0,4977.376953125,179763.890625,179764.78125,339.55401611328125,27670.296932318015,1055.5541757635256,3.6686365604400635,580507.1532037922,-773.8709284831621,238706.61460068336,890.8438861276757,7.369911882550914,566.1602890698006,94732.41172628384,-598085.1528359307,348323.6294451766,1
412.9599999999144,phase0-forces,A,nominal,Kerbin,3531599999999.9995,600000.0,4950.38427734375,179785.203125,179786.015625,339.5942687988281,28193.441856120946,1068.983692972507,3.6894731521606445,580955.8246585988,-770.1663905791111,238991.08148635572,903.3523563273194,7.445292912696335,571.5113505193602,97342.4781591047,-598081.1196342749,349630.6792624149,1
413.4799999999139,phase0-forces,A,nominal,Kerbin,3531599999999.9995,600000.0,4922.31201171875,179805.515625,179806.25,339.63262939453125,28744.773557731765,1083.070976255183,3.7113211154937744,581429.106016677,-766.2735714301591,239289.77783771884,916.4683156990585,7.524129348603097,577.1238631382623,100130.63284657546,-598076.896477653,351026.86818446126,1
414.0199999999134,phase0-forces,A,nominal,Kerbin,3531599999999.9995,600000.0,4893.16015625,179824.640625,179825.328125,339.6687927246094,29325.212305315537,1097.8312047522506,3.7342028617858887,581927.8415639498,-762.1875078790808,239603.06576931747,930.2053479169383,7.606467298940897,583.0038649011993,103108.14702983631,-598072.479483115,352517.83377336065,1
414.5599999999129,phase0-forces,A,nominal,Kerbin,3531599999999.9995,600000.0,4864.00830078125,179841.953125,179842.5625,339.7015075683594,29913.771733058617,1112.7261095314577,3.7572882175445557,582434.0286383603,-758.0568501516109,239919.54370761372,944.0622305117192,7.689274699537815,588.9369871292229,106172.17571029346,-598068.0292697418,354052.0732202758,1
415.0999999999124,phase0-forces,A,nominal,Kerbin,3531599999999.9995,600000.0,4834.8564453125,179857.53125,179858.078125,339.73089599609375,30510.522954500862,1127.756817948953,3.7805843353271484,582947.7322602326,-753.8813457589453,240239.2404914876,958.040042200144,7.772547830164967,594.9237812289255,109325.73104348988,-598063.5444073984,355631.0933180457,1
415.61999999991195,phase0-forces,A,nominal,Kerbin,3531599999999.9995,600000.0,4806.7841796875,179871.015625,179871.5,339.7563781738281,31092.98158531601,1142.360274101025,3.803222894668579,583449.5751806272,-749.8178702650284,240550.16607965823,971.615494799355,7.853173138405717,600.7400883756899,112450.04741554055,-598059.1917752916,357195.4278201245,1
416.15999999991146,phase0-forces,A,nominal,Kerbin,3531599999999.9995,600000.0,4777.6328125,179883.625,179884.0625,339.78021240234375,31706.022364970762,1157.660999220258,3.826955795288086,583978.2248926285,-745.5536069357858,240876.2663552529,985.8339936142803,7.937353195543546,606.8338525283625,115788.66395168414,-598054.6358944826,358867.01402860077,1
416.679999999911,phase0-forces,A,nominal,Kerbin,3531599999999.9995,600000.0,4749.56005859375,179894.53125,179894.953125,339.8008117675781,32304.302295336383,1172.526766863033,3.8500330448150635,584494.5837886528,-741.4041961590528,241193.4131412786,999.6434480403125,8.018855000313138,612.7541870643042,119097.47321917326,-598050.214113976,360523.62955259864,1
417.2199999999105,phase0-forces,A,nominal,Kerbin,3531599999999.9995,600000.0,4720.408203125,179904.828125,179905.1875,339.82025146484375,32933.91452582949,1188.1023875851656,3.8742425441741943,585038.4372417537,-737.0502082970787,241526.03144114112,1014.107375334109,8.103952252140864,618.9570587984522,122634.53069830162,-598045.5861398171,362294.47227924224,1
417.73999999991,phase0-forces,A,nominal,Kerbin,3531599999999.9995,600000.0,4692.3359375,179913.890625,179914.234375,339.8373718261719,33548.28992221609,1203.2353992450046,3.8978025913238525,585569.5627005927,-732.813923678437,241849.5108238888,1028.1556147745246,8.186355020364283,624.9835528999029,126141.36048722349,-598041.0945004896,364050.1329933669,1
418.25999999990955,phase0-forces,A,nominal,Kerbin,3531599999999.9995,600000.0,4664.263671875,179922.28125,179922.59375,339.85321044921875,34170.66319244355,1218.5014779365463,3.921618700027466,586108.0253457791,-728.5346652497734,242176.13820617553,1042.3228834857814,8.269220347508027,631.0629749005071,129750.70309006504,-598036.5681050114,365857.06749252684,1
418.7799999999091,phase0-forces,A,nominal,Kerbin,3531599999999.9995,600000.0,4636.19189453125,179929.984375,179930.25,339.8677673339844,34801.1024381615,1233.901969962133,3.9456937313079834,586653.8874171899,-724.2121910046869,242505.9412709443,1056.6104581077716,8.35255177268046,637.1959244789645,133466.33094204613,-598032.0061289356,367717.16240655526,1
419.2999999999086,phase0-forces,A,nominal,Kerbin,3531599999999.9995,600000.0,4608.11962890625,179936.96875,179937.234375,339.8809509277344,35439.67649757676,1249.4382387683584,3.9700307846069336,587207.2118218557,-719.8462590540629,242838.94801516214,1071.0196315205735,8.436346232700812,643.3830037049113,137292.20301946183,-598027.4078451684,369632.3975871467,1
419.81999999990813,phase0-forces,A,nominal,Kerbin,3531599999999.9995,600000.0,4580.04736328125,179943.3125,179943.546875,339.8929443359375,36086.454958365066,1265.1116828778852,3.9946372509002686,587768.062145916,-715.4366310423054,243175.18675465594,1085.551718422506,8.520594488932339,649.6248427004732,141232.47953787725,-598022.7721644593,371604.85368670896,1
420.33999999990766,phase0-forces,A,nominal,Kerbin,3531599999999.9995,600000.0,4551.97509765625,179949.046875,179949.265625,339.9037780761719,36741.50817217701,1280.9237288328013,4.0195183753967285,588336.5026661202,-710.9830725575379,243514.68613421955,1100.2080649398147,8.605292428751092,655.9220699675627,145291.53407976485,-598018.0982841933,373636.71789778577,1
420.8399999999072,phase0-forces,A,nominal,Kerbin,3531599999999.9995,600000.0,4524.98291015625,179954.03125,179954.203125,339.91314697265625,37379.23672938789,1296.2596849494457,4.04370641708374,588890.2984962827,-706.6591585129383,243844.22975237644,1114.4191718842471,8.6871577856388,662.0299188493468,149310.76603813714,-598013.567569229,375648.59923445404,1
421.35999999990673,phase0-forces,A,nominal,Kerbin,3531599999999.9995,600000.0,4496.91064453125,179958.671875,179958.828125,339.92193603515625,38050.72854128445,1312.3478714147602,4.069142818450928,589473.8169108236,-702.1187454267911,244190.20946368,1129.323290314568,8.772753760504031,668.4376413334212,153616.39939386863,-598008.816953436,377803.7912202163,1
421.87999999990626,phase0-forces,A,nominal,Kerbin,3531599999999.9995,600000.0,4468.83837890625,179962.796875,179962.96875,339.92974853515625,38730.70809140254,1328.5790458004299,4.0948662757873535,590065.1200957531,-697.5336947124881,244539.5365826836,1144.355812985421,8.858824942278812,674.9026414580842,158055.1519787939,-598004.0264950406,380025.56274187664,1
422.3999999999058,phase0-forces,A,nominal,Kerbin,3531599999999.9995,600000.0,4440.76611328125,179966.5,179966.640625,339.936767578125,39419.24890228,1344.9547692476503,4.120890140533447,590664.2752136464,-692.9037554795696,244892.24107243435,1159.5182077912993,8.945384604880617,681.4255918416363,162632.39272869297,-597999.195523277,382316.59860270796,1
422.9399999999053,phase0-forces,A,nominal,Kerbin,3531599999999.9995,600000.0,4411.6142578125,179969.984375,179970.09375,339.94329833984375,40143.4133101491,1362.115066881206,4.148245811462402,591294.8583385061,-688.0479561878997,245262.11834856283,1175.4028632800369,9.035795722960986,688.2615192014852,167538.34342058608,-597994.1349028413,384772.1042588724,1
423.4799999999048,phase0-forces,A,nominal,Kerbin,3531599999999.9995,600000.0,4382.462890625,179973.078125,179973.1875,339.94915771484375,40876.974728239584,1379.4348734028822,4.175947666168213,591934.059283901,-683.1431863762239,245635.7048799924,1191.430958526041,9.126737051766034,695.1615234580613,172606.47138254985,-597989.028395757,387308.72149339644,1
423.99999999990433,phase0-forces,A,nominal,Kerbin,3531599999999.9995,600000.0,4354.39013671875,179975.8125,179975.921875,339.954345703125,41592.32827583596,1396.2657544627266,4.202959060668945,592557.8038456291,-678.3735236847908,245998.99311463718,1207.00266205974,9.214811918560073,701.8673080485894,177646.80330998776,-597984.0666894274,389831.3683102802,1
424.53999999990384,phase0-forces,A,nominal,Kerbin,3531599999999.9995,600000.0,4325.23828125,179978.5,179978.578125,339.9593811035156,42344.584917098284,1413.904292381058,4.231365203857422,593214.1488738988,-673.3717940648112,246379.96249403473,1223.3175725777455,9.30679198564153,708.89551293474,183054.3527319996,-597978.8673422965,392537.74269485153,1
425.05999999990337,phase0-forces,A,nominal,Kerbin,3531599999999.9995,600000.0,4297.166015625,179980.84375,179980.9375,339.9638366699219,43078.10260053747,1431.0458137973405,4.2590765953063965,593854.5498777309,-668.5082329185626,246750.4259987561,1239.1689354931439,9.395867893935197,715.7263360825848,188435.92022840295,-597973.8146279342,395231.05280023435,1
425.5799999999029,phase0-forces,A,nominal,Kerbin,3531599999999.9995,600000.0,4269.09375,179983.0,179983.078125,339.9678955078125,43820.650706560235,1448.342526043275,4.287143707275391,594503.2312842448,-663.5982161108449,247124.4583326749,1255.1601052255053,9.485450583977306,722.6196850508104,193996.14658787928,-597968.7162312213,398013.715178329,1
426.0999999999024,phase0-forces,A,nominal,Kerbin,3531599999999.9995,600000.0,4241.021484375,179984.953125,179985.015625,339.9715881347656,44572.30937058502,1465.7963160466775,4.315573215484619,595160.2662695615,-658.641476027436,247502.0922187931,1271.292848489402,9.575555107822389,729.57634436712,199743.04186719167,-597963.5717796036,400889.73504379403,1
426.63999999990193,phase0-forces,A,nominal,Kerbin,3531599999999.9995,600000.0,4211.8701171875,179986.78125,179986.84375,339.97503662109375,45362.607888959465,1484.0897131561057,4.345484256744385,595851.4929697543,-653.4443432146318,247898.09801094478,1288.1978399327463,9.669694781169472,736.8684406942789,205917.65953942435,-597958.1800279196,403979.7397557524,1
427.15999999990146,phase0-forces,A,nominal,Kerbin,3531599999999.9995,600000.0,4183.7978515625,179988.34375,179988.40625,339.9779968261719,46133.09048073238,1501.869675861023,4.374670505523682,596525.7868835926,-648.391498020147,248283.17660598402,1304.6247322194445,9.760906369429728,743.9566896393126,212071.9449954084,-597952.9391972892,407059.5028990596,1
427.679999999901,phase0-forces,A,nominal,Kerbin,3531599999999.9995,600000.0,4155.7255859375,179989.765625,179989.8125,339.9806823730469,46912.9333996363,1519.8126707466054,4.404241561889648,597208.6624381384,-643.2910741971228,248671.9587833857,1321.1987195419745,9.852668928146567,751.1107924651124,218440.3864564621,-597947.649315914,410246.36857027403,1
428.1999999999005,phase0-forces,A,nominal,Kerbin,3531599999999.9995,600000.0,4127.6533203125,179991.03125,179991.078125,339.9830322265625,47702.220987143344,1537.9207459088407,4.4342041015625,597900.1966327352,-638.1427861950299,249064.4790250091,1337.9216920234862,9.944977404007265,758.3316320280003,225033.211256842,-597942.3091182022,413545.4510693199,1
428.69999999990006,phase0-forces,A,nominal,Kerbin,3531599999999.9995,600000.0,4100.66064453125,179992.109375,179992.15625,339.985107421875,48470.13765677763,1555.489982709709,4.463393211364746,598573.3714651469,-633.1471071312516,249445.46003122232,1354.1437748493674,10.034250319186905,765.3385114885364,231594.20407917933,-597937.125903796,416828.53908769164,1
429.2199999998996,phase0-forces,A,nominal,Kerbin,3531599999999.9995,600000.0,4072.588623046875,179993.125,179993.15625,339.987060546875,49278.200525537715,1573.9280001255115,4.4941534996032715,599282.1174019594,-627.9041076115183,249845.41455935556,1371.1646567076368,10.127630386468457,772.6928658125914,238659.47662615683,-597931.6839710781,420363.89632753935,1
429.7399999998991,phase0-forces,A,nominal,Kerbin,3531599999999.9995,600000.0,4044.516357421875,179994.03125,179994.0625,339.98870849609375,50095.964368456276,1592.5374470451814,4.52533483505249,599999.7559439922,-622.6123997417158,250249.21200495862,1388.3403976801687,10.221571643303733,780.1166450496976,245983.54480244045,-597926.1888278164,424028.677987312,1
430.23999999989866,phase0-forces,A,nominal,Kerbin,3531599999999.9995,600000.0,4017.52392578125,179994.8125,179994.84375,339.9902038574219,50891.506922993925,1610.5948932966317,4.555721282958984,600698.2546294851,-617.4780093622625,250641.1366685129,1405.0035070908496,10.31244369774126,787.3212234409677,253282.26336688723,-597920.8544351561,427680.70446586556,1
430.77999999989817,phase0-forces,A,nominal,Kerbin,3531599999999.9995,600000.0,3988.371826171875,179995.5625,179995.578125,339.9916076660156,51760.95150435122,1630.2796254435348,4.588994979858398,601462.0362807714,-611.88166588802,251068.48153376835,1423.164808218608,10.411202256985474,795.176202267126,261461.82206309028,-597915.036694986,431773.3926840521,1
431.2999999998977,phase0-forces,A,nominal,Kerbin,3531599999999.9995,600000.0,3960.300048828125,179996.203125,179996.21875,339.9928283691406,52608.35607409163,1649.4169824232313,4.621493339538574,602206.8435425584,-606.442022832468,251484.0277956236,1440.817755021883,10.506919089251596,802.8139157806814,269645.28506422264,-597909.3779929373,435867.95353564265,1
431.8399999998972,phase0-forces,A,nominal,Kerbin,3531599999999.9995,600000.0,3931.14794921875,179996.765625,179996.78125,339.993896484375,53499.00600845355,1669.481656454042,4.655725955963135,602990.0609302814,-600.7403031780202,251919.78164570619,1459.3226519925252,10.606964351319698,810.8229713848052,278479.75104872277,-597903.4418586774,440288.1545950227,1
432.35999999989673,phase0-forces,A,nominal,Kerbin,3531599999999.9995,600000.0,3903.07568359375,179997.234375,179997.265625,339.9947814941406,54367.024054365465,1688.9898967926886,4.689168453216553,603753.7607032652,-595.19852693124,252343.50466208605,1477.311077573671,10.703929843954638,818.6111881911897,287328.8058468964,-597897.6663317514,444715.5697575725,1
432.87999999989626,phase0-forces,A,nominal,Kerbin,3531599999999.9995,600000.0,3875.003662109375,179997.671875,179997.671875,339.9955749511719,55245.298188880784,1708.6838507302418,4.723091125488281,604526.8597520406,-589.6061641296809,252771.29781987355,1495.4675377851227,10.801505017756272,826.4748469654608,296532.1883279742,-597891.8311984384,449320.1785647679,1
433.3999999998958,phase0-forces,A,nominal,Kerbin,3531599999999.9995,600000.0,3846.931396484375,179998.015625,179998.03125,339.9962463378906,56133.924855164834,1728.5660637264018,4.75750207901001,605309.4460845361,-583.9628945967195,253203.2006393539,1513.7943720273302,10.899703074801943,834.415024048494,306110.0801535384,-597885.9351304414,454112.07251154847,1
433.9199999998953,phase0-forces,A,nominal,Kerbin,3531599999999.9995,600000.0,3818.859375,179998.34375,179998.328125,339.9968566894531,57033.0018511056,1748.6391484457015,4.792416095733643,606101.6089419501,-578.2683918977477,253639.25320249872,1532.2939856650737,10.998533786176548,842.4328134789771,316084.2342387218,-597879.9770209796,459102.1286088711,1
434.43999999989484,phase0-forces,A,nominal,Kerbin,3531599999999.9995,600000.0,3790.787109375,179998.59375,179998.609375,339.9973449707031,57942.62836498872,1768.9057738569377,4.827843189239502,606903.4388311412,-572.5223227856314,254079.49616794134,1550.9688380124114,11.098014248424517,850.5293259956319,326478.12506702566,-597873.9558871641,464302.0845899308,1
434.95999999989436,phase0-forces,A,nominal,Kerbin,3531599999999.9995,600000.0,3762.71484375,179998.828125,179998.828125,339.997802734375,58862.90500372241,1789.3686683632227,4.863794803619385,607715.0275539635,-566.724343512113,254523.97077396864,1569.8214452697182,11.19816470945101,858.7056902096353,337317.1231140655,-597867.8708790395,469724.626117513,1
435.4799999998939,phase0-forces,A,nominal,Kerbin,3531599999999.9995,600000.0,3734.642578125,179999.03125,179999.03125,339.9981689453125,59793.93382120435,1810.030608723615,4.900280475616455,608536.4682309772,-560.8741024713792,254972.71885531166,1588.8543606991168,11.298996694545542,866.9630659246551,348628.6838316445,-597861.7208426918,475383.4814944763,1
435.9999999998934,phase0-forces,A,nominal,Kerbin,3531599999999.9995,600000.0,3706.570556640625,179999.1875,179999.203125,339.99847412109375,60735.8183447913,1830.894437538287,4.937313079833984,609367.8553243652,-554.9712423369601,255425.7828569087,1608.0701946821332,11.40051893739139,875.3026439761081,360442.5742791125,-597855.5044899196,481293.53489459644,1
436.5399999998929,phase0-forces,A,nominal,Kerbin,3531599999999.9995,600000.0,3677.418701171875,179999.328125,179999.34375,339.9987487792969,61725.53184046643,1852.7775329520753,4.9763641357421875,610241.849200914,-548.7852699212644,255900.88668882058,1628.221569028622,11.50668107968031,884.0513022740711,373277.2131900656,-597848.9771109845,487714.11803954054,1
437.05999999989245,phase0-forces,A,nominal,Kerbin,3531599999999.9995,600000.0,3649.346435546875,179999.46875,179999.46875,339.9990234375,62689.87225810229,1874.0620085859862,5.014554023742676,611093.8099841161,-542.774029800007,256362.8826271649,1647.8186073322422,11.6096302020128,892.5623036189365,386218.25500841637,-597842.6202512193,494187.81737859856,1
437.579999999892,phase0-forces,A,nominal,Kerbin,3531599999999.9995,600000.0,3621.274169921875,179999.578125,179999.578125,339.99920654296875,63665.392369959736,1895.5574603647776,5.053335666656494,611956.0127632554,-536.7090633023205,256829.32740606632,1667.6068730845236,11.71329335515803,901.1593650096522,399769.00831470836,-597836.1914927315,500966.40841098846,1
438.0999999998915,phase0-forces,A,nominal,Kerbin,3531599999999.9995,600000.0,3593.2021484375,179999.671875,179999.671875,339.9993896484375,64652.20203830383,1917.2670308390238,5.0927228927612305,612828.5577528826,-530.5899990436694,257300.26613111212,1687.5892510217905,11.817671825732871,909.8437942914255,413971.4802849707,-597829.6895559592,508070.89536450576,1
438.61999999989104,phase0-forces,A,nominal,Kerbin,3531599999999.9995,600000.0,3565.1298828125,179999.765625,179999.765625,339.99957275390625,65650.41279086156,1939.1939372375505,5.132730484008789,613711.5466890115,-524.4164607930977,257775.7445854853,1707.768706987444,11.922786506050674,918.6169042725255,428871.6351756556,-597823.1137688314,515524.2607034121,1
439.13999999989056,phase0-forces,A,nominal,Kerbin,3531599999999.9995,600000.0,3537.0576171875,179999.84375,179999.859375,339.99969482421875,66660.1378599935,1961.3414652921736,5.173372268676758,614605.0828638994,-518.1880580761693,258255.8092483134,1728.1482541009227,12.028664276643836,927.4800626202714,444519.86486841366,-597816.4627126391,523351.70107788726,1
439.6599999998901,phase0-forces,A,nominal,Kerbin,3531599999999.9995,600000.0,3508.985595703125,179999.921875,179999.9375,339.9999084472656,67681.4922209417,1983.7129789048108,5.214661598205566,615509.2711539596,-511.90438705227484,258740.50732694223,1748.730968783777,12.135327090378356,936.434682894841,460971.5405002271,-597809.7345719278,531580.9029641496,1
440.1799999998896,phase0-forces,A,nominal,Kerbin,3531599999999.9995,600000.0,3480.913330078125,179999.96875,179999.984375,339.99993896484375,68714.59262207616,2006.3118991707504,5.256611347198486,616424.2180498415,-505.56503839936056,259229.88676335663,1769.519983687915,12.24277783188552,945.4821936314946,478287.6282347087,-597802.927761799,540242.3502364549,1
440.67999999988916,phase0-forces,A,nominal,Kerbin,3531599999999.9995,600000.0,3453.920654296875,179999.984375,180000.0,340.0,69719.14582320652,2028.25935175555,5.297585487365723,617314.2212110665,-499.41662542270944,259704.90398868857,1789.706950101214,12.346829124104863,954.2707092611797,495815.4901636357,-597796.3064658425,549009.5918488966,1
441.21999999988867,phase0-forces,A,nominal,Kerbin,3531599999999.9995,600000.0,3424.768798828125,179999.984375,180000.0,340.0,70816.50763832964,2052.2060421821793,5.3425493240356445,618286.8218859314,-492.71768251099735,260222.88529559626,1811.7297685275362,12.460019800225286,963.8618330999433,515789.41577751376,-597789.0698179373,559000.1729797882,1
441.7399999998882,phase0-forces,A,nominal,Kerbin,3531599999999.9995,600000.0,3396.69677734375,179999.984375,180000.0,340.0,71885.5649601582,2075.5084929890127,5.386571884155273,619234.7001793615,-486.2088537975714,260726.60412117108,1833.1571607788928,12.569846830807096,973.1969622359297,536132.218177445,-597782.0156697191,569175.101253863,1
442.2799999998877,phase0-forces,A,nominal,Kerbin,3531599999999.9995,600000.0,3367.544921875,179999.984375,180000.0,340.0,73008.6878503079,2099.963311788176,5.4330620765686035,620230.8928168567,-479.38899451641373,261254.86350265314,1855.641142405982,12.684784318793204,982.9959093065295,558508.5833779024,-597774.5991151859,580366.9921313582,1
442.79999999988723,phase0-forces,A,nominal,Kerbin,3531599999999.9995,600000.0,3339.47265625,179999.984375,180000.0,340.0,74102.81239306973,2123.7630409879375,5.478596210479736,621201.7266423161,-472.76282292798015,261768.58671002637,1877.5198954493922,12.796341977840951,992.5345082615626,581367.1984169174,-597767.3673261853,591799.915545366,1
443.2999999998868,phase0-forces,A,nominal,Kerbin,3531599999999.9995,600000.0,3312.480224609375,179999.984375,180000.0,340.0,75166.63334879105,2146.8830532851625,5.523103713989258,622146.0059327583,-466.3365830467221,262267.2541886392,1898.771099134824,12.90442507558977,1001.8026918444682,604668.2456529778,-597760.3291569467,603453.9582480156,1
443.8199999998863,phase0-forces,A,nominal,Kerbin,3531599999999.9995,600000.0,3284.408203125,179999.984375,180000.0,340.0,76285.38269663847,2171.176900398651,5.570166110992432,623139.3882082456,-459.59573710518106,262790.8112631616,1921.0984624857424,13.017694337713147,1011.5435580802935,630401.0371594017,-597752.9197314203,616324.0587139907,1
444.33999999988583,phase0-forces,A,nominal,Kerbin,3531599999999.9995,600000.0,3256.3359375,179999.984375,180000.0,340.0,77416.88114458066,2195.7287903888355,5.618037223815918,624144.4438418701,-452.7957484208148,263319.46197914047,1943.6601365506594,13.13186481681822,1021.3901060088267,657806.6832141108,-597745.4165791814,630030.6333174647,1
444.85999999988536,phase0-forces,A,nominal,Kerbin,3531599999999.9995,600000.0,3228.263671875,179999.984375,180000.0,340.0,78561.26347031468,2220.5430090608766,5.6667375564575195,625161.2957289652,-445.9361458387835,263853.2617684779,1966.4600389547331,13.246944679023379,1031.3441175184703,687049.7215152229,-597737.8177221585,644655.9518965322,1
445.39999999988487,phase0-forces,A,nominal,Kerbin,3531599999999.9995,600000.0,3199.11181640625,179999.984375,180000.0,340.0,79763.4441472945,2246.593998235063,5.71821403503418,626229.8768125386,-438.7491053299096,264413.10271158506,1990.3933097113163,13.36742543807524,1041.796706416081,719562.8295010424,-597729.8224059702,660916.5035475361,1
445.9199999998844,phase0-forces,A,nominal,Kerbin,3531599999999.9995,600000.0,3171.03955078125,179999.984375,180000.0,340.0,80934.51667671034,2271.9567182600513,5.768675804138184,627271.1641571862,-431.76649984053455,264957.5743328036,2013.6913702975603,13.484406166350634,1051.9755537209294,753158.2051198396,-597722.0204303949,677718.0923447224,1
446.4399999998839,phase0-forces,A,nominal,Kerbin,3531599999999.9995,600000.0,3142.967529296875,179999.984375,180000.0,340.0,82118.89676601044,2297.595493394513,5.820035934448242,628324.6340446589,-424.72280352230274,265507.36936752766,2037.2401788935672,13.60235736586647,1062.2676125358307,789245.1509420921,-597714.1150963748,695765.5179228587,1
446.95999999988345,phase0-forces,A,nominal,Kerbin,3531599999999.9995,600000.0,3114.895263671875,179999.984375,180000.0,340.0,83316.72871784621,2323.515078167056,5.872317790985107,629390.4180331735,-417.617507664998,266062.5472126862,2061.0440858137877,13.721289360192094,1072.6748440324136,828106.2097313977,-597706.1045536658,715200.052588866,1
447.479999999883,phase0-forces,A,nominal,Kerbin,3531599999999.9995,600000.0,3086.822998046875,179999.984375,180000.0,340.0,84528.16385841824,2349.72039061838,5.92555570602417,630468.6538070583,-410.45010394403056,266623.1708100502,2085.107581029619,13.841210181393176,1083.1992939996394,870068.4141775018,-597697.9864350206,736185.2138712406,1
447.9799999998825,phase0-forces,A,nominal,Kerbin,3531599999999.9995,600000.0,3059.83056640625,179999.984375,180000.0,340.0,85705.96429017885,2375.1918778475942,5.977650165557861,631517.2810905611,-403.4993092602808,267167.42004858423,2108.494572783751,13.95747252827122,1093.4314254196609,913694.7480529065,-597690.0766041264,758002.3357243901,1
448.47999999988207,phase0-forces,A,nominal,Kerbin,3531599999999.9995,600000.0,3032.837890625,179999.984375,180000.0,340.0,86896.6107194823,2400.9367289555535,6.030675411224365,632577.6663089583,-396.49013528454236,267716.8143777988,2132.1299595532787,14.07469482253126,1103.7757539413424,960934.2082617737,-597682.0627340698,781626.072763852,1
449.0199999998816,phase0-forces,A,nominal,Kerbin,3531599999999.9995,600000.0,3003.68603515625,179999.984375,180000.0,340.0,88197.09605738171,2429.053639713713,6.089010715484619,633736.2334086474,-388.8540895923045,268316.0045158144,2157.940123079855,14.202416749404517,1115.0759172213402,1016545.5441319409,-597673.2878258397,809436.1281530507,1
449.5399999998811,phase0-forces,A,nominal,Kerbin,3531599999999.9995,600000.0,2975.614013671875,179999.984375,180000.0,340.0,89463.8928136644,2456.4414163518904,6.146263122558594,634865.1407224886,-381.43537150701394,268898.80456455017,2183.078099873729,14.326518886746358,1126.0857838891213,1075234.2357184256,-597664.7172048724,838784.7592567765,1
450.05999999988063,phase0-forces,A,nominal,Kerbin,3531599999999.9995,600000.0,2947.541748046875,179999.984375,180000.0,340.0,90745.05633468344,2484.1411860774515,6.2046003341674805,636007.1961589501,-373.9518234838392,269487.3641655012,2208.4996330384038,14.451723757125151,1137.223791043773,1139710.552206149,-597656.0258117544,871027.2631971973,1
450.5599999998802,phase0-forces,A,nominal,Kerbin,3531599999999.9995,600000.0,2920.54931640625,179999.984375,180000.0,340.0,91990.64488281682,2511.0751621148256,6.261748790740967,637117.8642460686,-366.6944298684302,270058.7810071353,2233.215708448129,14.573162913057699,1148.0564847834046,1207992.9399286686,-597647.5520677308,905172.6939304689,1
451.0999999998797,phase0-forces,A,nominal,Kerbin,3531599999999.9995,600000.0,2891.3974609375,179999.984375,180000.0,340.0,93351.13995721668,2540.4998859115453,6.324662685394287,638331.3496075606,-358.7879210514802,270682.03239112464,2260.2145000892265,14.705505520759713,1159.8938882545945,1289783.2241281352,-597638.2682785704,946072.4779247824,1
451.6199999998792,phase0-forces,A,nominal,Kerbin,3531599999999.9995,600000.0,2863.3251953125,179999.984375,180000.0,340.0,94676.39735266706,2569.1708333356387,6.386457443237305,639513.7549421479,-351.106379973837,271288.2802536536,2286.5187733917014,14.834130315175333,1171.431013063783,1377795.5030456576,-597629.1948762714,990083.1540846931,1
452.1599999998787,phase0-forces,A,nominal,Kerbin,3531599999999.9995,600000.0,2834.17333984375,179999.984375,180000.0,340.0,96068.5458568465,2599.3002478324574,6.451915264129639,640756.2040500371,-343.0582523421658,271924.2354290759,2314.1581235404806,14.968972081957691,1183.5581470752873,1480597.4028762453,-597619.6304556302,1041488.8862103076,1
452.67999999987825,phase0-forces,A,nominal,Kerbin,3531599999999.9995,600000.0,2806.10107421875,179999.984375,180000.0,340.0,97424.64813164319,2628.6630024958736,6.516232967376709,641966.8318448892,-335.2390453125227,272542.86680697487,2341.0913016170475,15.100068364090482,1195.3797246561521,1592734.6032070373,-597610.2810949689,1097562.1610560343,1
453.1799999998778,phase0-forces,A,nominal,Kerbin,3531599999999.9995,600000.0,2779.108642578125,179999.984375,180000.0,340.0,98743.11448872648,2657.2258064746784,6.57929801940918,643144.1834291993,-327.6559799144418,273143.5373721166,2367.28806414659,15.227303194203973,1206.882072607563,1715238.0787914498,-597601.1596301169,1158818.4595806664,1
453.6999999998773,phase0-forces,A,nominal,Kerbin,3531599999999.9995,600000.0,2751.03662109375,179999.984375,180000.0,340.0,100129.60197139205,2687.279196680382,6.648467063903809,644382.6107693226,-319.7017723300234,273774.3747787734,2394.862930747814,15.360888000029078,1218.9606502922898,1861257.158136616,-597592.3136251393,1231832.4222557384,1
454.21999999987685,phase0-forces,A,nominal,Kerbin,3531599999999.9995,600000.0,2722.96435546875,179999.984375,180000.0,340.0,101531.87776749092,2717.6967506436818,6.714447021484375,645635.4856525628,-311.67776339327673,274411.5486766782,2422.7565940135023,15.495763235850955,1231.2132211542641,2030769.7734860955,-597582.6239338276,1316593.574776134,1
454.7399999998764,phase0-forces,A,nominal,Kerbin,3531599999999.9995,600000.0,2694.89208984375,179999.984375,180000.0,340.0,102950.11320258072,2748.484325919898,6.784131050109863,646902.9616069018,-303.5832684502949,275055.13584177895,2450.9890793827844,15.63195088279465,1243.6133903610412,2229907.570425844,-597572.9191698474,1416167.3256279982,1
455.2599999998759,phase0-forces,A,nominal,Kerbin,3531599999999.9995,600000.0,2666.820068359375,179999.984375,180000.0,340.0,104384.49668016878,2779.649373678492,6.855276107788086,648185.2113480167,-295.41759558174726,275705.21156036534,2479.5672390759582,15.76947518313783,1256.1641099573371,2467148.689622429,-597563.2008308575,1534792.744395786,1
455.77999999987543,phase0-forces,A,nominal,Kerbin,3531599999999.9995,600000.0,2638.747802734375,179999.984375,180000.0,340.0,105835.22633135598,2811.199628510321,6.927929401397705,649482.4165337502,-287.1800380672302,276361.8549498869,2508.4981680096353,15.908383373434386,1268.8684785143469,2754548.2257997105,-597553.4693683266,1678497.378215692,1
456.29999999987496,phase0-forces,A,nominal,Kerbin,3531599999999.9995,600000.0,2630.0,0.0,0.0,340.0,107297.8605910195,2818.5859531463657,0.7322110533714294,650790.5081962692,-278.88794452668964,277023.28468883166,2515.258159875345,15.95296639404946,1271.8681800083414,2856939.2835617214,-597550.434250135,1729694.4246557932,1
456.8199999998745,phase0-forces,A,nominal,Kerbin,3531599999999.9995,600000.0,2630.0,0.0,0.0,340.0,108759.38724165363,2814.9306155290687,0.0010823559714481235,652097.5654579975,-270.59203035442425,277684.2827868912,2511.887617530574,15.954387910109226,1270.4331641789945,2856939.2837766116,-597550.4342506694,1729694.424762971,1
457.339999999874,phase0-forces,A,nominal,Kerbin,3531599999999.9995,600000.0,2630.0,0.0,0.0,340.0,110219.02602513426,2811.2903003267998,0.0010743049206212163,653402.8736968811,-262.2953903850301,278344.53609488404,2508.531132074102,15.955758004912761,1269.0035957053317,2856939.283890891,-597550.4342504409,1729694.424820225,1
457.8799999998735,phase0-forces,A,nominal,Kerbin,3531599999999.9995,600000.0,2630.0,0.0,0.0,340.0,111732.81486341124,2807.525753593513,0.0010660254629328847,654756.5426831833,-253.67890916907837,279029.398476165,2505.0603163550304,15.957127016601193,1267.524768441009,2856939.28413532,-597550.434250376,1729694.4249424723,1
458.419999999873,phase0-forces,A,nominal,Kerbin,3531599999999.9995,600000.0,2630.0,0.0,0.0,340.0,113244.58473773045,2803.777163073362,0.001057845656760037,656108.341465093,-245.06170333464573,279713.4638561114,2501.604429230767,15.958441892569494,1266.0517319434775,2856939.2842398765,-597550.4342494247,1729694.4249952259,1
458.9199999998726,phase0-forces,A,nominal,Kerbin,3531599999999.9995,600000.0,2630.0,0.0,0.0,340.0,114642.578895482,2800.3203666566233,0.001050350023433566,657358.346453619,-237.08218822424223,280346.14980446076,2498.4177441938205,15.959611672566554,1264.692935935284,2856939.2843252136,-597550.4342496631,1729694.4250377752,1
459.4599999998721,phase0-forces,A,nominal,Kerbin,3531599999999.9995,600000.0,2630.0,0.0,0.0,340.0,116150.48434430186,2796.602163303928,0.0010423366911709309,658706.565932102,-228.463668387504,281028.6889783103,2494.9902843669156,15.960824129927088,1263.230934075002,2856939.284522264,-597550.4342502283,1729694.4251360176,1
459.9799999998716,phase0-forces,A,nominal,Kerbin,3531599999999.9995,600000.0,2630.0,0.0,0.0,340.0,117600.6565494556,2793.0364186988418,0.0010347077623009682,660003.1057184094,-220.16374721323243,281685.2041733612,2491.7035624244068,15.961942300728943,1261.8284390429476,2856939.28464998,-597550.4342503658,1729694.425199807,1
460.47999999987115,phase0-forces,A,nominal,Kerbin,3531599999999.9995,600000.0,2630.0,0.0,0.0,340.0,118993.31591483846,2789.6213635567283,0.0010274488013237715,661248.1700461295,-212.18251690647472,282315.7822712703,2488.5559225220595,15.962972306130217,1260.4848099075352,2856939.284695699,-597550.4342504252,1729694.425222637,1
460.9999999998707,phase0-forces,A,nominal,Kerbin,3531599999999.9995,600000.0,2630.0,0.0,0.0,340.0,120439.88234217744,2786.0836921195573,0.001019973075017333,662541.370800658,-203.8815030136518,282970.87213903863,2485.2954578121553,15.96399708427368,1259.0925214891504,2856939.2845599963,-597550.4342503406,1729694.425154828,1
461.5599999998702,phase0-forces,A,nominal,Kerbin,3531599999999.9995,600000.0,2630.0,0.0,0.0,340.0,121995.67971150274,2782.289722582206,0.0010120135266333818,663932.1565024314,-194.9413679675944,283675.5454422692,2481.798993098317,15.965048372039332,1257.5988929198484,2856939.2845849656,-597550.4342497988,1729694.4251675834,1
462.0799999998697,phase0-forces,A,nominal,Kerbin,3531599999999.9995,600000.0,2630.0,0.0,0.0,340.0,123438.45900896576,2778.7813414402794,0.0010046904208138585,665221.8507839214,-186.6392996786215,284329.13740707823,2478.56592035125,15.965976560995434,1256.2172621017644,2856939.2846855354,-597550.4342499584,1729694.4252177884,1
462.5999999998692,phase0-forces,A,nominal,Kerbin,3531599999999.9995,600000.0,2630.0,0.0,0.0,340.0,124879.42601940315,2775.2869064784168,0.0009974511340260506,666509.867262774,-178.33676062933833,284982.01224564784,2475.345888591075,15.966859067751017,1254.8407088221647,2856939.2848304864,-597550.4342500947,1729694.4252901957,1
463.11999999986875,phase0-forces,A,nominal,Kerbin,3531599999999.9995,600000.0,2630.0,0.0,0.0,340.0,126318.58791575173,2771.806317353815,0.0009902879828587174,667796.2126950477,-170.0337744439823,285634.1725889911,2472.1388031412243,15.967696418010412,1253.4691985035352,2856939.2848318317,-597550.4342503906,1729694.4252907205,1
463.6199999998683,phase0-forces,A,nominal,Kerbin,3531599999999.9995,600000.0,2630.0,0.0,0.0,340.0,127700.70175552217,2768.4725619071473,0.0009834642987698317,669031.5136728103,-162.04973394416413,286260.5784735851,2469.0671888954216,15.96845946070636,1252.1551625318787,2856939.2850210695,-597550.4342493321,1729694.4253858686,1
464.1399999998678,phase0-forces,A,nominal,Kerbin,3531599999999.9995,600000.0,2630.0,0.0,0.0,340.0,129136.34349104238,2765.0188445056933,0.0009764494025148451,670314.6007210263,-153.74593824113722,286911.34488180303,2465.8852269446306,15.969209734878126,1250.7934451172464,2856939.2850747067,-597550.4342492461,1729694.4254127303,1
464.65999999986735,phase0-forces,A,nominal,Kerbin,3531599999999.9995,600000.0,2630.0,0.0,0.0,340.0,130570.20105838357,2761.5786818412207,0.0009694958571344614,671596.036447904,-145.44176375730117,287561.40448371356,2462.7159366889946,15.969916368674873,1249.4366702434822,2856939.2850800003,-597550.4342504198,1729694.4254147902,1
465.19999999986686,phase0-forces,A,nominal,Kerbin,3531599999999.9995,600000.0,2630.0,0.0,0.0,340.0,132057.32604726742,2758.0204487439587,0.0009623604128137231,672925.0173904637,-136.8178212289412,288235.72101737,2459.438065341335,15.970604524711609,1248.0329075112613,2856939.2848823695,-597550.43425041,1729694.4253159796,1
465.7199999998664,phase0-forces,A,nominal,Kerbin,3531599999999.9995,600000.0,2630.0,0.0,0.0,340.0,133487.56819750497,2754.607619669003,0.0009555544820614159,674203.1072445154,-128.51294423038857,288884.3477354789,2456.294325432184,15.971223736168424,1246.686105321043,2856939.284732903,-597550.4342508862,1729694.4252410084,1
466.2399999998659,phase0-forces,A,nominal,Kerbin,3531599999999.9995,600000.0,2630.0,0.0,0.0,340.0,134916.04721361352,2751.208055737889,0.0009488101932220161,675479.5655808711,-120.20775622067832,289532.27537677955,2453.1629840323817,15.971800801772936,1245.3441457322324,2856939.284753397,-597550.4342507452,1729694.4252513258,1
466.75999999986544,phase0-forces,A,nominal,Kerbin,3531599999999.9995,600000.0,2630.0,0.0,0.0,340.0,136342.76992027287,2747.821663564681,0.0009421397699043155,676754.3988237034,-111.9022789892417,290179.5064516233,2450.0439530860995,15.972336200364833,1244.0069964344702,2856939.284836885,-597550.4342510337,1729694.4252929257,1
467.259999999865,phase0-forces,A,nominal,Kerbin,3531599999999.9995,600000.0,2630.0,0.0,0.0,340.0,137712.96870405436,2744.57785271592,0.0009358026436530054,677978.6734183901,-103.91599050007765,290801.1894498643,2447.05641298285,15.972812152750338,1242.7257825321608,2856939.2844352922,-597550.4342508512,1729694.4250922205,1
467.7799999998645,phase0-forces,A,nominal,Kerbin,3531599999999.9995,600000.0,2630.0,0.0,0.0,340.0,139136.26598357444,2741.2170298286374,0.0009292530012317002,679250.3374658681,-95.61000829990596,291447.06140802323,2443.9612770790604,15.97326718679606,1241.3979762735248,2856939.2845834116,-597550.4342510081,1729694.4251662018,1
468.29999999986404,phase0-forces,A,nominal,Kerbin,3531599999999.9995,600000.0,2630.0,0.0,0.0,340.0,140557.82688576472,2737.869107633968,0.0009227831033058465,680520.3951803239,-87.30379997681256,292092.2441343293,2440.8781960315955,15.973681935541988,1240.0748865126593,2856939.284707375,-597550.4342520538,1729694.4252276605,1
468.81999999986357,phase0-forces,A,nominal,Kerbin,3531599999999.9995,600000.0,2630.0,0.0,0.0,340.0,141977.65804668656,2734.533996413674,0.000916372868232429,681788.8528065123,-78.99738636108613,292736.7400731221,2437.807085208863,15.97405685355824,1238.7564822656814,2856939.28474487,-597550.4342515398,1729694.425246665,1
469.3399999998631,phase0-forces,A,nominal,Kerbin,3531599999999.9995,600000.0,2630.0,0.0,0.0,340.0,143395.7660617159,2731.2116073465154,0.0009100288152694702,683055.7165508268,-70.69078804886065,293380.55165353854,2434.747860911553,15.974392389471927,1237.4427326865439,2856939.2847955725,-597550.4342517371,1729694.4252719176,1
469.8599999998626,phase0-forces,A,nominal,Kerbin,3531599999999.9995,600000.0,2630.0,0.0,0.0,340.0,144812.15747668676,2727.9018524964213,0.0009037475101649761,684320.9925721443,-62.38402539743901,294023.68128840515,2431.700440226979,15.97468898614798,1236.1336073277514,2856939.2849011444,-597550.434251821,1729694.4253246617,1
470.37999999986215,phase0-forces,A,nominal,Kerbin,3531599999999.9995,600000.0,2630.0,0.0,0.0,340.0,146226.83878983383,2724.6046447813505,0.0008975319215096533,685584.6869843807,-54.07711854776659,294666.13137322495,2428.6647410673595,15.9749470807308,1234.8290759963884,2856939.2848875835,-597550.4342517657,1729694.4253179089,1
470.8999999998617,phase0-forces,A,nominal,Kerbin,3531599999999.9995,600000.0,2630.0,0.0,0.0,340.0,147639.81645879603,2721.319897983925,0.0008913739584386349,686846.8058627849,-45.770087405544984,295307.9042892882,2425.640682169076,15.97516710472958,1233.529108779178,2856939.284710346,-597550.43425176,1729694.4252292928,1
471.4199999998612,phase0-forces,A,nominal,Kerbin,3531599999999.9995,600000.0,2630.0,0.0,0.0,340.0,149051.0968964533,2718.047526773599,0.0008852735627442598,688107.3552397058,-37.46295165440467,295949.00240298896,2422.628183077496,15.975349484093755,1232.2336761213642,2856939.28469098,-597550.4342501007,1729694.4252204397,1
471.93999999986073,phase0-forces,A,nominal,Kerbin,3531599999999.9995,600000.0,2630.0,0.0,0.0,340.0,150460.68647089135,2714.7874466046833,0.0008792418520897627,689366.3411053598,-29.155730761714647,296589.42806397117,2419.627164165091,15.975494639339963,1230.9427485662377,2856939.284624514,-597550.434249982,1729694.4251872662,1
472.4399999998603,phase0-forces,A,nominal,Kerbin,3531599999999.9995,600000.0,2630.0,0.0,0.0,340.0,151814.47238643083,2711.6642672274243,0.000873494369443506,690575.4355111726,-21.167955996548482,297204.5899883771,2416.752321913037,15.975599494103584,1229.705693614042,2856939.2843743325,-597550.4342485287,1729694.4250629018,1
472.9599999998598,phase0-forces,A,nominal,Kerbin,3531599999999.9995,600000.0,2630.0,0.0,0.0,340.0,153220.76360129088,2708.4280540817417,0.0008675605058670044,691831.3717324839,-12.860623808131603,297843.70337723417,2413.7735934096536,15.97567283366525,1228.4235188943462,2856939.28442461,-597550.4342489345,1729694.4250878377,1
473.4999999998593,phase0-forces,A,nominal,Kerbin,3531599999999.9995,600000.0,2630.0,0.0,0.0,340.0,154679.37305575644,2705.0801194757364,0.0008614755934104323,693133.9769250887,-4.2337486596304235,298506.69360990176,2410.692203468749,15.975710885295255,1227.0967075090543,2856939.2845148966,-597550.4342485926,1729694.425133152,1
474.01999999985884,phase0-forces,A,nominal,Kerbin,3531599999999.9995,600000.0,2630.0,0.0,0.0,340.0,156082.26200299477,2701.868374638281,0.0008556691464036703,694386.7678318301,4.073622442592688,299144.4526629821,2407.736324137075,15.975711242851279,1225.8235125627493,2856939.2845622497,-597550.4342485531,1729694.4251568483,1
474.53999999985837,phase0-forces,A,nominal,Kerbin,3531599999999.9995,600000.0,2630.0,0.0,0.0,340.0,157483.49128793261,2698.668510368269,0.0008499238756485283,695638.0245688126,12.380984564863256,299781.55079068296,2404.791538167997,15.975676399812793,1224.554680107206,2856939.2841428565,-597550.4342475838,1729694.4249476362,1
475.0399999998579,phase0-forces,A,nominal,Kerbin,3531599999999.9995,600000.0,2630.0,0.0,0.0,340.0,158829.2676913978,2695.602847590901,0.0008444411214441061,696839.7146047553,20.368807335485638,300393.5239643792,2401.970404941399,15.975610063675118,1223.3387370670976,2856939.28396063,-597550.434247641,1729694.4248564946,1
475.5799999998574,phase0-forces,A,nominal,Kerbin,3531599999999.9995,600000.0,2630.0,0.0,0.0,340.0,160280.99528835458,2692.3041056429242,0.0008385826367884874,698135.9584915291,28.995609239941167,301053.773298093,2398.934946934063,15.975502664868625,1222.0299918393225,2856939.2838733294,-597550.4342482885,1729694.4248125204,1
476.09999999985695,phase0-forces,A,nominal,Kerbin,3531599999999.9995,600000.0,2630.0,0.0,0.0,340.0,161677.28211185883,2689.139408048376,0.0008329918491654098,699382.6470595875,37.30283599366937,301688.90215871576,2396.0229936135643,15.975364537224953,1220.7740813605797,2856939.2841003765,-597550.4342480467,1729694.4249261648,1
476.63999999985646,phase0-forces,A,nominal,Kerbin,3531599999999.9995,600000.0,2630.0,0.0,0.0,340.0,163125.5413444047,2685.865232421872,0.0008272451814264059,700675.6855433278,45.92948592681878,302347.7690194864,2393.010469362013,15.975185462592751,1219.4743677936945,2856939.2843083697,-597550.4342476334,1729694.4250303681,1
477.159999999856,phase0-forces,A,nominal,Kerbin,3531599999999.9995,600000.0,2630.0,0.0,0.0,340.0,164518.5006709398,2682.724031097699,0.0008217733120545745,701919.2990915374,54.23652995899562,302981.57120423287,2390.1204495472607,15.974979087894612,1218.2270985855755,2856939.2843162487,-597550.434247733,1729694.4250342578,1
477.6799999998555,phase0-forces,A,nominal,Kerbin,3531599999999.9995,600000.0,2630.0,0.0,0.0,340.0,165909.83664413902,2679.5942404663783,0.0008163450402207673,703161.412601706,62.5434581028008,303614.7259019908,2387.241080533882,15.974739791176601,1216.9840280959388,2856939.2841719054,-597550.4342484963,1729694.4249617045,1
478.19999999985504,phase0-forces,A,nominal,Kerbin,3531599999999.9995,600000.0,2630.0,0.0,0.0,340.0,167299.55513700354,2676.4757853330316,0.0008109721820801497,704402.0315934042,70.8502533266777,304247.23528862186,2384.3722914895775,15.974467933364027,1215.745130125988,2856939.2841959107,-597550.4342486929,1729694.424973609,1
478.71999999985456,phase0-forces,A,nominal,Kerbin,3531599999999.9995,600000.0,2630.0,0.0,0.0,340.0,168687.66198481072,2673.36859115328,0.0008056481019593775,705641.1615500948,79.15689879874321,304879.1015272987,2381.5140122305397,15.974163870899869,1214.5103786312793,2856939.2842026893,-597550.4342489801,1729694.4249768546,1
479.2399999998541,phase0-forces,A,nominal,Kerbin,3531599999999.9995,600000.0,2630.0,0.0,0.0,340.0,170074.16298473545,2670.2725841384663,0.0008003662223927677,706878.8079189755,87.46337785805086,305510.3267679289,2378.6661732661337,15.973827955814574,1213.2797478658445,2856939.2844891488,-597550.4342486568,1729694.425120246,1
479.7599999998536,phase0-forces,A,nominal,Kerbin,3531599999999.9995,600000.0,2630.0,0.0,0.0,340.0,171459.06389677885,2667.187691098225,0.0007951512234285474,708114.9761118458,95.76967403814896,306140.9131474981,2375.8287057075804,15.973460535768966,1212.0532122148088,2856939.2845015656,-597550.4342490609,1729694.4251262522,1
480.27999999985315,phase0-forces,A,nominal,Kerbin,3531599999999.9995,600000.0,2630.0,0.0,0.0,340.0,172842.3704419179,2664.1138396351125,0.0007899650372564793,709349.6715041922,104.07577104171207,306770.862787539,2373.0015413809806,15.973061954158977,1210.8307464012637,2856939.2846386945,-597550.4342492429,1729694.4251947259,1
480.7999999998527,phase0-forces,A,nominal,Kerbin,3531599999999.9995,600000.0,2630.0,0.0,0.0,340.0,174224.0883021308,2661.0509579460268,0.0007848490495234728,710582.899434044,112.3816527553903,307400.17779685336,2370.1846126957525,15.972632550184015,1209.612325307232,2856939.284516199,-597550.4342495174,1729694.4251333408,1
481.3199999998522,phase0-forces,A,nominal,Kerbin,3531599999999.9995,600000.0,2630.0,0.0,0.0,340.0,175604.22312699258,2657.9989749709675,0.0007797666476108134,711814.6652080503,120.68730323708246,308028.8602740853,2367.3778527649947,15.972172658825967,1208.397924065196,2856939.2845108686,-597550.434250357,1729694.4251302558,1
481.8399999998517,phase0-forces,A,nominal,Kerbin,3531599999999.9995,600000.0,2630.0,0.0,0.0,340.0,176982.78052680544,2654.957820268995,0.0007747284253127873,713044.974096409,128.99270672312497,308656.91230215284,2364.581195257667,15.971682610979128,1207.1875180749225,2856939.2845828263,-597550.4342500613,1729694.4251663825,1
482.35999999985125,phase0-forces,A,nominal,Kerbin,3531599999999.9995,600000.0,2630.0,0.0,0.0,340.0,178359.76607649215,2651.9274240419218,0.0007697432301938534,714273.8313351974,137.29784761328875,309284.33595268056,2361.7945745040524,15.971162733537032,1205.9810828490572,2856939.2846040144,-597550.4342503239,1729694.4251768452,1
482.8799999998508,phase0-forces,A,nominal,Kerbin,3531599999999.9995,600000.0,2630.0,0.0,0.0,340.0,179735.18531584123,2648.907717141808,0.0007648098398931324,715501.242127314,145.60271048204143,309911.1332844479,2359.0179254167197,15.970613349359226,1204.7785941845364,2856939.2845327132,-597550.4342506661,1729694.4251410237,1
483.3999999998503,phase0-forces,A,nominal,Kerbin,3531599999999.9995,600000.0,2630.0,0.0,0.0,340.0,181109.04374736606,2645.8986310806436,0.0007599096279591322,716727.2116407229,153.90728007201238,310537.3063420694,2356.251183538891,15.970034777397379,1203.5800280892033,2856939.2844796632,-597550.4342508765,1729694.4251143932,1
483.91999999984984,phase0-forces,A,nominal,Kerbin,3531599999999.9995,600000.0,2630.0,0.0,0.0,340.0,182481.3468393589,2642.9000980170845,0.0007550531881861389,717951.7450095578,162.21154128150732,311162.8571611398,2353.4942850047582,15.969427332734579,1202.3853608304294,2856939.2847518777,-597550.4342497498,1729694.425251064,1
484.45999999984934,phase0-forces,A,nominal,Kerbin,3531599999999.9995,600000.0,2630.0,0.0,0.0,340.0,183904.79042324482,2639.797334236073,0.0007500700885429978,719221.8612243412,170.83485474774028,311811.8111954038,2350.6417025792634,15.968766298666655,1201.1488460794676,2856939.2848056694,-597550.4342503201,1729694.4252776748,1
484.97999999984887,phase0-forces,A,nominal,Kerbin,3531599999999.9995,600000.0,2630.0,0.0,0.0,340.0,185273.9398065817,2636.8201052897093,0.0007453184807673097,720443.4828355627,179.1384412657684,312436.0998484873,2347.9046739058304,15.968100958057493,1199.9620534262667,2856939.284442147,-597550.434251164,1729694.4250954913,1
485.4999999998484,phase0-forces,A,nominal,Kerbin,3531599999999.9995,600000.0,2630.0,0.0,0.0,340.0,186641.5502538092,2633.853226861421,0.0007406006334349513,721663.6837041555,187.44167453080058,313059.772366051,2345.1772980593187,15.96740767893241,1198.7790885761765,2856939.2841576766,-597550.434250738,1729694.4249534693,1
486.0199999998479,phase0-forces,A,nominal,Kerbin,3531599999999.9995,600000.0,2630.0,0.0,0.0,340.0,188007.6270943469,2630.8966336063813,0.0007359138107858598,722882.4688334572,195.7445400906491,313682.8307322286,2342.4595135776053,15.96668676133355,1197.5999285592093,2856939.2845111494,-597550.4342501407,1729694.4251305044,1
486.53999999984745,phase0-forces,A,nominal,Kerbin,3531599999999.9995,600000.0,2630.0,0.0,0.0,340.0,189372.1756242572,2627.950260596024,0.0007312858360819519,724099.843195138,204.04702365291175,314305.27691937005,2339.7512593965102,15.96593850166135,1196.4245505366873,2856939.2845187187,-597550.4342503493,1729694.4251341848,1
487.059999999847,phase0-forces,A,nominal,Kerbin,3531599999999.9995,600000.0,2630.0,0.0,0.0,340.0,190735.2011069943,2625.0140436555143,0.0007266929023899138,725315.8117295486,212.34911107291344,314927.1128891251,2337.052475136322,15.965163192776222,1195.2529319822206,2856939.2846893016,-597550.4342508652,1729694.4252192182,1
487.5799999998465,phase0-forces,A,nominal,Kerbin,3531599999999.9995,600000.0,2630.0,0.0,0.0,340.0,192096.70877218805,2622.087919088258,0.0007221494452096522,726530.379345875,220.65078836453762,315548.34058904706,2334.3631008711222,15.964361124049518,1194.085050527746,2856939.2846363145,-597550.4342508081,1729694.4251927533,1
488.09999999984603,phase0-forces,A,nominal,Kerbin,3531599999999.9995,600000.0,2630.0,0.0,0.0,340.0,193456.70381643518,2619.17182380513,0.0007176463259384036,727743.550920893,228.9520416849535,316168.9619574549,2331.6830772791413,15.963532581419996,1192.9208839534526,2856939.284277996,-597550.4342515679,1729694.4250132141,1
488.61999999984556,phase0-forces,A,nominal,Kerbin,3531599999999.9995,600000.0,2630.0,0.0,0.0,340.0,194815.19140485395,2616.265695349445,0.0007131764432415366,728955.3313020999,237.25285733809525,316788.97892013553,2329.0123455891403,15.962677847382029,1191.7604103474941,2856939.2841484896,-597550.4342512932,1729694.4249485983,1
489.1399999998451,phase0-forces,A,nominal,Kerbin,3531599999999.9995,600000.0,2630.0,0.0,0.0,340.0,196172.17667166272,2613.369471748875,0.000708745967131108,730165.7253072554,245.55322178242835,317408.39339286287,2326.3508475356302,15.961797201105451,1190.6036078684465,2856939.2841406474,-597550.4342512247,1729694.4249447114,1
489.6599999998446,phase0-forces,A,nominal,Kerbin,3531599999999.9995,600000.0,2630.0,0.0,0.0,340.0,197527.66471462976,2610.4830915909115,0.0007043576333671808,731374.7377201822,253.85312161520045,318027.20727714215,2323.6985253617936,15.960890918490795,1189.4504549053559,2856939.284143775,-597550.4342510443,1729694.4249463652,1
490.15999999984416,phase0-forces,A,nominal,Kerbin,3531599999999.9995,600000.0,2630.0,0.0,0.0,340.0,198829.61137106759,2607.716952217823,0.00070017552934587,732535.9511790454,261.83334402933303,318621.65600718674,2321.156815581925,15.959995570406122,1188.345075684323,2856939.2841377878,-597550.4342510694,1729694.424943359,1
490.69999999984367,phase0-forces,A,nominal,Kerbin,3531599999999.9995,600000.0,2630.0,0.0,0.0,340.0,200234.16938235075,2604.739618651699,0.0006957007572054863,733788.6367716625,270.4514745360636,319263.04084225895,2318.421180201487,15.959002531365229,1187.155011953007,2856939.2838486186,-597550.434251023,1729694.4247987978,1
491.2199999998432,phase0-forces,A,nominal,Kerbin,3531599999999.9995,600000.0,2630.0,0.0,0.0,340.0,201585.19605237374,2601.8824057894667,0.000691424822434783,734993.5328347537,278.7499015278905,319880.06427394436,2315.796044307481,15.958020962472325,1186.0126796512625,2856939.2837977656,-597550.4342513288,1729694.4247732183,1
491.7399999998427,phase0-forces,A,nominal,Kerbin,3531599999999.9995,600000.0,2630.0,0.0,0.0,340.0,202934.7455907493,2599.0347961227094,0.0006871921359561384,736197.0661558739,287.04781170564615,320496.4946203297,2313.1798583966615,15.957014828552197,1184.8739122127613,2856939.2836130843,-597550.4342517639,1729694.4246806602,1
492.25999999984225,phase0-forces,A,nominal,Kerbin,3531599999999.9995,600000.0,2630.0,0.0,0.0,340.0,204282.82294456614,2596.196730952441,0.0006829885533079505,737399.2413756738,295.34519236274934,321112.33372992463,2310.5725672773583,15.955984389616507,1183.7386889493891,2856939.283665988,-597550.4342519843,1729694.424707002,1
492.7799999998418,phase0-forces,A,nominal,Kerbin,3531599999999.9995,600000.0,2630.0,0.0,0.0,340.0,205629.4330300067,2593.368152015021,0.0006788283353671432,738600.063105394,303.6420309318363,321727.5834405173,2307.9741161972884,15.954929902633406,1182.606989266068,2856939.28362792,-597550.4342532479,1729694.424687336,1
493.2799999998413,phase0-forces,A,nominal,Kerbin,3531599999999.9995,600000.0,2630.0,0.0,0.0,340.0,206922.87126389297,2590.657256825622,0.0006748620653524995,739753.4272440491,311.61923752303323,322318.61556990346,2305.483891585285,15.953893530903658,1181.522120514563,2856939.283643484,-597550.4342529785,1729694.4246952527,1
493.81999999984083,phase0-forces,A,nominal,Kerbin,3531599999999.9995,600000.0,2630.0,0.0,0.0,340.0,208318.27090679004,2587.7392225526937,0.0006706097046844661,740997.6643939372,320.234032165463,322956.3219610934,2302.8035175860205,15.952749797582342,1180.3540795477293,2856939.2838439373,-597550.4342528571,1729694.42479554,1
494.33999999984036,phase0-forces,A,nominal,Kerbin,3531599999999.9995,600000.0,2630.0,0.0,0.0,340.0,209660.50838244113,2584.9387580622697,0.0006665606051683426,742194.4530347424,328.5291703476112,323569.8143942923,2300.2312629594203,15.951624678632765,1179.232829218527,2856939.283773028,-597550.4342529004,1729694.4247600636,1
494.8599999998399,phase0-forces,A,nominal,Kerbin,3531599999999.9995,600000.0,2630.0,0.0,0.0,340.0,211001.29795748915,2582.147551951404,0.000662544509395957,743389.9063490258,336.82371746754006,324182.7246737592,2297.6676341817465,15.950476510008041,1178.115022050643,2856939.28371557,-597550.4342527401,1729694.4247314148,1
495.3799999998394,phase0-forces,A,nominal,Kerbin,3531599999999.9995,600000.0,2630.0,0.0,0.0,340.0,212340.64439923572,2579.3655484729047,0.0006585625815205276,744584.0288071923,345.1176615963635,324795.05458367954,2295.1125788710483,15.949305534118006,1177.0006383217444,2856939.283547849,-597550.4342529981,1729694.4246474253,1
495.89999999983894,phase0-forces,A,nominal,Kerbin,3531599999999.9995,600000.0,2630.0,0.0,0.0,340.0,213678.55244873115,2576.592692428351,0.0006546045187860727,745776.8248542392,353.41099094235784,325406.8059000355,2292.5660451371823,15.948111990570535,1175.889658549293,2856939.2837731023,-597550.4342526852,1729694.4247602087,1
496.41999999983847,phase0-forces,A,nominal,Kerbin,3531599999999.9995,600000.0,2630.0,0.0,0.0,340.0,215015.02681881597,2573.828928971614,0.0006506942445412278,746968.2989086034,361.70369382425156,326017.9803883529,2290.027981464348,15.946896116211429,1174.78206328908,2856939.2838257127,-597550.4342532301,1729694.4247862413,1
496.919999999838,phase0-forces,A,nominal,Kerbin,3531599999999.9995,600000.0,2630.0,0.0,0.0,340.0,216298.75066138443,2571.1799882818514,0.0006469634245149791,748112.7044244331,369.6768450641966,326605.10582219646,2287.5954757417626,15.945706165205703,1173.7202417790077,2856939.2836681125,-597550.4342521861,1729694.4247079631,1
497.41999999983756,phase0-forces,A,nominal,Kerbin,3531599999999.9995,600000.0,2630.0,0.0,0.0,340.0,217581.15745663794,2568.5393561525752,0.0006432579248212278,749255.8956241009,377.64939626513257,327191.70111968846,2285.1707089405704,15.944495990393406,1172.6615147400157,2856939.2837036652,-597550.4342521309,1729694.4247257672,1
497.9399999998371,phase0-forces,A,nominal,Kerbin,3531599999999.9995,600000.0,2630.0,0.0,0.0,340.0,218913.46782450762,2565.8018614073826,0.0006394385709427297,750443.5304727117,385.94020217814153,327801.19951911946,2282.657112931097,15.943216173896268,1171.5637031953029,2856939.28382087,-597550.4342518983,1729694.4247844857,1
498.4599999998366,phase0-forces,A,nominal,Kerbin,3531599999999.9995,600000.0,2630.0,0.0,0.0,340.0,220244.3627280069,2563.073248873009,0.0006356503581628203,751629.8604037092,394.2303370051782,328410.12791784597,2280.1517893164596,15.941914929828174,1170.4692016938159,2856939.2840465186,-597550.4342524679,1729694.4248970253,1
498.97999999983614,phase0-forces,A,nominal,Kerbin,3531599999999.9995,600000.0,2630.0,0.0,0.0,340.0,221573.846742598,2560.3534659802212,0.0006319025414995849,752814.889705414,402.5197896614165,329018.4880323207,2277.6546887016207,15.940592481980769,1169.3779916279327,2856939.283898588,-597550.4342531845,1729694.4248227016,1
499.49999999983567,phase0-forces,A,nominal,Kerbin,3531599999999.9995,600000.0,2630.0,0.0,0.0,340.0,222901.9244184707,2557.642460701421,0.0006281798123382032,753998.622642515,410.8085491824995,329626.28156921704,2275.1657622036737,15.939249051603952,1168.2900545749185,2856939.2837574757,-597550.4342534724,1729694.4247520017,1
500.0199999998352,phase0-forces,A,nominal,Kerbin,3531599999999.9995,600000.0,2630.0,0.0,0.0,340.0,224228.60027699103,2554.94018143018,0.0006244835094548762,755181.063451882,419.09660470629416,330233.51022615563,2272.6849613526797,15.93788485740952,1167.2053722263804,2856939.283809432,-597550.4342537817,1729694.4247778251,1
500.5399999998347,phase0-forces,A,nominal,Kerbin,3531599999999.9995,600000.0,2630.0,0.0,0.0,340.0,225553.8788166911,2552.2465769450564,0.0006208282429724932,756362.2163494874,427.38394550437397,330840.1756908283,2270.2122380364435,15.93650011565561,1166.12392641665,2856939.2838587486,-597550.4342539293,1729694.4248024097,1
501.03999999983427,phase0-forces,A,nominal,Kerbin,3531599999999.9995,600000.0,2630.0,0.0,0.0,340.0,226826.8715252839,2549.6647061058625,0.0006173371220938861,757496.7296237401,435.3518584951824,331422.9783137946,2267.8421925640428,15.935149454998259,1165.0871101338548,2856939.2838723534,-597550.4342534485,1729694.4248094524,1
501.5799999998338,phase0-forces,A,nominal,Kerbin,3531599999999.9995,600000.0,2630.0,0.0,0.0,340.0,228200.2617808088,2546.8851897102404,0.0006136038573458791,758720.6751258775,443.95644048328467,332051.8237459508,2265.290833688269,15.93366984243933,1163.9706725423239,2856939.2838160945,-597550.4342531165,1729694.424781489,1
502.0999999998333,phase0-forces,A,nominal,Kerbin,3531599999999.9995,600000.0,2630.0,0.0,0.0,340.0,229521.3750674876,2544.2173066936716,0.0006100378232076764,759897.9893083142,452.2415737439146,332656.8096651498,2262.842058508435,15.932224731392337,1162.898828849706,2856939.2836240977,-597550.4342532967,1729694.4246854004,1
502.6199999998328,phase0-forces,A,nominal,Kerbin,3531599999999.9995,600000.0,2630.0,0.0,0.0,340.0,230841.1087546351,2541.557897990201,0.0006064978078939021,761074.0321804811,460.5259504176363,333261.23904982465,2260.401172590239,15.930759913705225,1161.8301505287307,2856939.283755596,-597550.4342535668,1729694.4247510144,1
503.13999999983236,phase0-forces,A,nominal,Kerbin,3531599999999.9995,600000.0,2630.0,0.0,0.0,340.0,232159.46720924962,2538.906914454735,0.0006029878277331591,762248.807833964,468.8095603040549,333865.1135403023,2257.9681297827324,15.929275593763547,1160.76462012356,2856939.283716052,-597550.4342535746,1729694.4247312387,1
503.6599999998319,phase0-forces,A,nominal,Kerbin,3531599999999.9995,600000.0,2630.0,0.0,0.0,340.0,233476.4547707975,2536.2643074203165,0.0005995116080157459,763422.320333268,477.0923933188938,334468.43476943346,2255.5428843803606,15.927771973619407,1159.702220354578,2856939.2835852746,-597550.4342528448,1729694.424666215,1
504.1799999998314,phase0-forces,A,nominal,Kerbin,3531599999999.9995,600000.0,2630.0,0.0,0.0,340.0,234792.07575837534,2533.6300286395362,0.0005960534908808768,764594.5737239703,485.37443947778104,335071.20436183526,2253.125391092877,15.926249253075401,1158.642934048828,2856939.2836571448,-597550.4342520592,1729694.4247025428,1
504.69999999983094,phase0-forces,A,nominal,Kerbin,3531599999999.9995,600000.0,2630.0,0.0,0.0,340.0,236106.33446120587,2531.0040302282114,0.0005926295998506248,765765.5720233188,493.6556888972714,335673.4239316748,2250.715604981252,15.924707629727301,1157.5867441415498,2856939.283841753,-597550.4342525018,1729694.4247946255,1
505.21999999983046,phase0-forces,A,nominal,Kerbin,3531599999999.9995,600000.0,2630.0,0.0,0.0,340.0,237419.23514793208,2528.386264666544,0.0005892409826628864,766935.3192295933,501.9361318004514,336275.09508446977,2248.3134813921015,15.923147298907928,1156.53363380624,2856939.2838402027,-597550.4342512084,1729694.4247944972,1
505.71999999983,phase0-forces,A,nominal,Kerbin,3531599999999.9995,600000.0,2630.0,0.0,0.0,340.0,238680.36292815465,2525.876902531972,0.0005859991651959717,768058.900015446,509.8973265338058,336853.109341566,2246.0109321877294,15.92162951874248,1155.523916217741,2856939.283745124,-597550.434251172,1729694.424746976,1
506.23999999982954,phase0-forces,A,nominal,Kerbin,3531599999999.9995,600000.0,2630.0,0.0,0.0,340.0,239990.6121096759,2523.2751496602004,0.0005826592678204179,769226.2046694113,518.1761594071686,337453.7093821145,2243.6237109823305,15.920033051795627,1154.4767979297867,2856939.2838513884,-597550.434250703,1729694.4248003426,1
506.77999999982904,phase0-forces,A,nominal,Kerbin,3531599999999.9995,600000.0,2630.0,0.0,0.0,340.0,241349.8314016934,2520.581896245722,0.0005792233278043568,770437.0938943311,526.7725251308552,338076.8339623738,2241.1526458420726,15.918355983356092,1153.3926129725055,2856939.2839138233,-597550.4342506002,1729694.4248316116,1
507.2799999998286,phase0-forces,A,nominal,Kerbin,3531599999999.9995,600000.0,2630.0,0.0,0.0,340.0,242607.07807127247,2518.095881532631,0.0005760588101111352,771557.0996978349,534.7313111047199,338653.2798956736,2238.8718235426595,15.916785880557487,1152.3916358016477,2856939.284001995,-597550.4342505285,1729694.4248757332,1
507.7999999998281,phase0-forces,A,nominal,Kerbin,3531599999999.9995,600000.0,2630.0,0.0,0.0,340.0,243913.3031704967,2515.518274719426,0.0005728042451664805,772720.6978619661,543.0076112570564,339252.2535025951,2236.50707136373,15.915135548101532,1151.353559358685,2856939.283950704,-597550.4342500672,1729694.4248503183,1
508.31999999982764,phase0-forces,A,nominal,Kerbin,3531599999999.9995,600000.0,2630.0,0.0,0.0,340.0,245218.1951908404,2512.948625700131,0.0005695664440281689,773883.0682832407,551.2830486584562,339850.6880869584,2234.149723564363,15.913467628877425,1150.318464449512,2856939.284173718,-597550.434250465,1729694.4249616265,1
508.8199999998272,phase0-forces,A,nominal,Kerbin,3531599999999.9995,600000.0,2630.0,0.0,0.0,340.0,246471.64571523643,2510.485272111368,0.0005664865602739155,774999.5779024564,559.239377912741,340425.59907003696,2231.889986442486,15.911847443649142,1149.3259777003116,2856939.2842114493,-597550.4342516254,1729694.424979912,1
509.3399999998267,phase0-forces,A,nominal,Kerbin,3531599999999.9995,600000.0,2630.0,0.0,0.0,340.0,247773.9347367694,2507.931102618522,0.0005633017281070352,776159.5511875383,567.5130966515785,341022.98082139326,2229.547040607872,15.910145550805783,1148.2966848626647,2856939.2843808695,-597550.4342521369,1729694.4250643663,1
509.85999999982624,phase0-forces,A,nominal,Kerbin,3531599999999.9995,600000.0,2630.0,0.0,0.0,340.0,249074.90275551146,2505.384759113826,0.0005601476295851171,777318.3080345653,575.7859259598379,341619.8281044726,2227.211375452039,15.908426601029142,1147.2703265664813,2856939.2844983996,-597550.4342526057,1729694.425122897,1
510.37999999982577,phase0-forces,A,nominal,Kerbin,3531599999999.9995,600000.0,2630.0,0.0,0.0,340.0,250374.5538065997,2502.84619778182,0.0005570240900851786,778475.8522209955,584.0578570217698,342216.1424406921,2224.882949858326,15.906690769383808,1146.2468871798058,2856939.284360746,-597550.434252617,1729694.4250540645,1
510.8799999998253,phase0-forces,A,nominal,Kerbin,3531599999999.9995,600000.0,2630.0,0.0,0.0,340.0,251622.98004814994,2500.4125719948356,0.0005540300626307726,779587.7353738209,592.0107816629647,342789.0204251639,2222.6508684532696,15.905005941297473,1145.2655490932066,2856939.284399832,-597550.4342524515,1729694.4250736902,1
511.39999999982484,phase0-forces,A,nominal,Kerbin,3531599999999.9995,600000.0,2630.0,0.0,0.0,340.0,252920.05944271386,2497.8891499547112,0.0005509446491487324,780742.9117607619,600.2809254859142,343384.2937554078,2220.3365255664075,15.903237496367721,1144.247790355873,2856939.284546223,-597550.4342519807,1729694.425147121,1
511.91999999982437,phase0-forces,A,nominal,Kerbin,3531599999999.9995,600000.0,2630.0,0.0,0.0,340.0,254215.8336810252,2495.373382460333,0.0005478963139466941,781896.8865415518,608.5501454525123,343979.0385978732,2218.0293025113574,15.901452676870917,1143.2329049215077,2856939.2844149554,-597550.4342518783,1729694.4250815385,1
512.439999999824,phase0-forces,A,nominal,Kerbin,3531599999999.9995,600000.0,2630.0,0.0,0.0,340.0,255510.30670960853,2492.8652271429323,0.0005448629963211715,783049.6634090021,616.8184330903089,344573.25644402194,2215.7291595379074,15.899651650425863,1142.2208776542382,2856939.2844313853,-597550.4342520365,1729694.4250896743,1
512.9599999998235,phase0-forces,A,nominal,Kerbin,3531599999999.9995,600000.0,2630.0,0.0,0.0,340.0,256803.48245254927,2490.3646419004913,0.000541853194590658,784201.2460351262,625.0857800166054,345166.9487762974,2213.4360571321886,15.897834582873866,1141.211693539305,2856939.2844106727,-597550.4342510978,1729694.4250797874,1
513.479999999823,phase0-forces,A,nominal,Kerbin,3531599999999.9995,600000.0,2630.0,0.0,0.0,340.0,258095.36480981426,2487.8715850136755,0.0005388612044043839,785351.6380692568,633.3521779339936,345760.11706823844,2211.1499561862224,15.896001638239284,1140.2053376072402,2856939.284544476,-597550.4342508287,1729694.4251468235,1
513.9999999998225,phase0-forces,A,nominal,Kerbin,3531599999999.9995,600000.0,2630.0,0.0,0.0,340.0,259385.95766380953,2485.3860150202086,0.0005359085625968874,786500.843143757,641.6176186262275,346352.7627877886,2208.870817800885,15.894152978732587,1139.2017950419365,2856939.284472113,-597550.4342506105,1729694.4251107513,1
514.5199999998221,phase0-forces,A,nominal,Kerbin,3531599999999.9995,600000.0,2630.0,0.0,0.0,340.0,260675.2648720683,2482.9078908675174,0.0005329683772288263,787648.8648674663,649.8820939639362,346944.8873940369,2206.598603475703,15.892288764925423,1138.2010511456551,2856939.284469239,-597550.4342508167,1729694.4251092111,1
515.0399999998216,phase0-forces,A,nominal,Kerbin,3531599999999.9995,600000.0,2630.0,0.0,0.0,340.0,261963.2902729105,2480.4371717599333,0.0005300554912537336,788795.7068317625,658.1455959022608,347536.4923375049,2204.333274949814,15.890409155525209,1137.2030913140868,2856939.2842863,-597550.4342513222,1729694.425017489,1
515.5599999998211,phase0-forces,A,nominal,Kerbin,3531599999999.9995,600000.0,2630.0,0.0,0.0,340.0,263250.03768381523,2477.973817296532,0.0005271642585285008,789941.3726077473,666.4081164755895,348127.57906250225,2202.074794319248,15.888514307641008,1136.2079011096887,2856939.284298732,-597550.4342511682,1729694.4250237818,1
516.0799999998206,phase0-forces,A,nominal,Kerbin,3531599999999.9995,600000.0,2630.0,0.0,0.0,340.0,264535.5109021958,2475.5177873098123,0.0005242966581135988,791085.8657474485,674.6696478012402,348718.14900632424,2199.823123932695,15.886604376693361,1135.2154661118943,2856939.2841967866,-597550.4342515164,1729694.4249726352,1
516.5999999998202,phase0-forces,A,nominal,Kerbin,3531599999999.9995,600000.0,2630.0,0.0,0.0,340.0,265819.7137008902,2473.06904199185,0.0005214508273638785,792229.18978001,682.9301820719231,349308.20359671896,2197.5782264400723,15.884679516401567,1134.2257720981543,2856939.283990261,-597550.4342509262,1729694.4248696675,1
517.1199999998197,phase0-forces,A,nominal,Kerbin,3531599999999.9995,600000.0,2630.0,0.0,0.0,340.0,267102.6498351452,2470.627541910785,0.0005186153575778008,793371.3482179984,691.1897115661667,349897.7442549018,2195.3400648870393,15.882739878868323,1133.2388048967612,2856939.284291075,-597550.4342508682,1729694.4250201033,1
517.6199999998192,phase0-forces,A,nominal,Kerbin,3531599999999.9995,600000.0,2630.0,0.0,0.0,340.0,268335.0512279044,2468.286741698261,0.0005159241845831275,794468.4815291485,699.130612181378,350464.12692902464,2193.194304479038,15.880861047220868,1132.292356371148,2856939.2843629015,-597550.4342511997,1729694.425055851,1
518.1599999998188,phase0-forces,A,nominal,Kerbin,3531599999999.9995,600000.0,2630.0,0.0,0.0,340.0,269664.7370369069,2465.7661207189117,0.0005130365607328713,795652.1822694454,707.7057257250909,351075.2894294149,2190.8838026104095,15.878816872393763,1131.272994780338,2856939.284362758,-597550.4342503485,1729694.4250562047,1
518.6799999998183,phase0-forces,A,nominal,Kerbin,3531599999999.9995,600000.0,2630.0,0.0,0.0,340.0,270943.89551127434,2463.346122166432,0.0005102729774080217,796790.8648096657,715.9621953337611,351663.29675181245,2188.6656292945736,15.876833799641798,1130.294124060408,2856939.2844521115,-597550.4342509868,1729694.4251005624,1
519.1799999998178,phase0-forces,A,nominal,Kerbin,3531599999999.9995,600000.0,2630.0,0.0,0.0,340.0,272172.6749901698,2461.025887311704,0.0005076451925560832,797884.6656857149,723.9001325539352,352228.2090232149,2186.5389859731795,15.87491362020707,1129.3554214485766,2856939.284337662,-597550.4342517365,1729694.425042963,1
519.7199999998173,phase0-forces,A,nominal,Kerbin,3531599999999.9995,600000.0,2630.0,0.0,0.0,340.0,273498.4605819632,2458.527357595016,0.0005048307357355952,799064.7781027746,732.4720225319044,352837.7878280035,2184.24901871054,15.872825243848816,1128.3443825906843,2856939.2840550784,-597550.4342525827,1729694.4249012477,1
520.2399999998169,phase0-forces,A,nominal,Kerbin,3531599999999.9995,600000.0,2630.0,0.0,0.0,340.0,274773.8744697318,2456.1285159285735,0.0005021271645091474,800200.0156734474,740.7253655209657,353424.2743459105,2182.050510519752,15.87080004767593,1127.3734846996504,2856939.2840520362,-597550.4342530072,1729694.4248995145,1
520.7599999998164,phase0-forces,A,nominal,Kerbin,3531599999999.9995,600000.0,2630.0,0.0,0.0,340.0,276048.04742062325,2453.736651338222,0.000499450252391398,801334.1117073081,748.9776518272917,354010.2566822367,2179.858486854964,15.86876109468683,1126.405217418766,2856939.2840371085,-597550.4342529898,1729694.4248920593,1
521.2999999998159,phase0-forces,A,nominal,Kerbin,3531599999999.9995,600000.0,2630.0,0.0,0.0,340.0,277369.917430477,2451.2601369096833,0.00049669697182253,802467.0695664715,757.2288743301441,354595.7361995715,2177.5889807202543,15.866629309544109,1125.4024790813983,2856939.2839379045,-597550.4342533835,1729694.4248422605,1
521.8199999998154,phase0-forces,A,nominal,Kerbin,3531599999999.9995,600000.0,2630.0,0.0,0.0,340.0,278641.5718977408,2448.8823801586927,0.0004940518992953002,803642.4016348718,765.7963180309093,355203.2034166747,2175.4100680596853,15.864562744919592,1124.4395329608312,2856939.2840804546,-597550.4342536672,1729694.4249133936,1
522.339999999815,phase0-forces,A,nominal,Kerbin,3531599999999.9995,600000.0,2630.0,0.0,0.0,340.0,279911.99629818206,2446.511488515588,0.000491446815431118,804773.049710677,774.0453502766828,355787.66215626977,2173.237534987038,15.862482843421631,1123.4791771992318,2856939.2840176327,-597550.4342538394,1729694.4248818967,1
522.8599999998145,phase0-forces,A,nominal,Kerbin,3531599999999.9995,600000.0,2630.0,0.0,0.0,340.0,281181.19417202903,2444.147425726321,0.0004888551775366068,805902.5697210908,782.2932975367075,356371.62218193256,2171.071347519461,15.860389740338286,1122.521398772388,2856939.283953098,-597550.4342533989,1729694.4248498497,1
523.379999999814,phase0-forces,A,nominal,Kerbin,3531599999999.9995,600000.0,2630.0,0.0,0.0,340.0,282449.1690371266,2441.790155824043,0.00048627276555635035,807030.9649543135,790.5401529758951,356955.0848292983,2168.911471961684,15.858283569559113,1121.5661847231447,2856939.284149861,-597550.434253156,1729694.4249483526,1
523.8999999998135,phase0-forces,A,nominal,Kerbin,3531599999999.9995,600000.0,2630.0,0.0,0.0,340.0,283715.9243998022,2439.4396430234724,0.00048371686716564,808158.238687782,798.785909836086,357538.0514293961,2166.7578747834114,15.856164463595082,1120.6135221685772,2856939.284207985,-597550.4342531551,1729694.4249774148,1
524.4199999998131,phase0-forces,A,nominal,Kerbin,3531599999999.9995,600000.0,2630.0,0.0,0.0,340.0,284981.4637425054,2437.0958518782063,0.0004811856197193265,809284.3941759871,807.0305614272593,358120.52330564056,2164.610522764564,15.854032553471553,1119.6633983616125,2856939.284233621,-597550.4342530529,1729694.424990284,1
524.9399999998126,phase0-forces,A,nominal,Kerbin,3531599999999.9995,600000.0,2630.0,0.0,0.0,340.0,286245.7905318835,2434.758747180542,0.0004786697681993246,810409.4346585465,815.2741011280789,358702.5017755501,2162.4693829221633,15.851887968971422,1118.7158006143554,2856939.2841296075,-597550.434253289,1729694.4249381593,1
525.4599999998121,phase0-forces,A,nominal,Kerbin,3531599999999.9995,600000.0,2630.0,0.0,0.0,340.0,287508.9082149747,2432.428294046295,0.00047616686788387597,811533.3633569281,823.5165223784261,359283.98814874236,2160.3344225617307,15.849730838523806,1117.7707163833682,2856939.2842572317,-597550.4342531621,1729694.4250020348,1
525.9799999998116,phase0-forces,A,nominal,Kerbin,3531599999999.9995,600000.0,2630.0,0.0,0.0,340.0,288770.8202198717,2430.1044577673665,0.0004736935952678323,812656.1834748695,831.757818682709,359864.98372763884,2158.2056091707227,15.847561289118733,1116.828133154804,2856939.2842668616,-597550.43425295,1729694.4250069559,1
526.4999999998112,phase0-forces,A,nominal,Kerbin,3531599999999.9995,600000.0,2630.0,0.0,0.0,340.0,290031.52995906863,2427.787203968431,0.0004712291120085865,813777.8982000485,839.9979836188644,360445.4898119544,2156.0829105390485,15.845379446532464,1115.8880385524856,2856939.284441709,-597550.4342524222,1729694.4250946434,1
527.0199999998107,phase0-forces,A,nominal,Kerbin,3531599999999.9995,600000.0,2630.0,0.0,0.0,340.0,291291.04082785384,2425.4764984715835,0.00046878616558387876,814898.5107058436,848.2370108282496,361025.5076907596,2153.96629466078,15.843185435227197,1114.950420233361,2856939.284589718,-597550.4342522521,1729694.4251687329,1
527.5399999998102,phase0-forces,A,nominal,Kerbin,3531599999999.9995,600000.0,2630.0,0.0,0.0,340.0,292549.3562022045,2423.172307346349,0.0004663692961912602,816018.0241457426,856.4748940158318,361605.03864991147,2151.8557297562475,15.840979378382308,1114.0152659536448,2856939.284430311,-597550.4342528448,1729694.4250887332,1
528.0599999998097,phase0-forces,A,nominal,Kerbin,3531599999999.9995,600000.0,2630.0,0.0,0.0,340.0,293806.4794413587,2420.874597010632,0.0004639571998268366,817136.4416582927,864.7116269518374,362184.08396723063,2149.751184350344,15.83876139789459,1113.082563637156,2856939.2844883045,-597550.4342529635,1729694.4251176706,1
528.5799999998093,phase0-forces,A,nominal,Kerbin,3531599999999.9995,600000.0,2630.0,0.0,0.0,340.0,295062.4138873023,2418.5833340502368,0.00046156556345522404,818253.7663660572,872.9472034582922,362762.644913594,2147.6526271549815,15.8365316144037,1112.1523012098173,2856939.2846278837,-597550.4342531904,1729694.4251873468,1
529.0999999998088,phase0-forces,A,nominal,Kerbin,3531599999999.9995,600000.0,2630.0,0.0,0.0,340.0,296317.1628649335,2416.298485293937,0.0004591972101479769,819370.0013740421,881.1816174374231,363340.72275689547,2145.5600270978143,15.83429014729562,1111.2244667074838,2856939.284670044,-597550.4342534153,1729694.4252083143,1
529.6199999998083,phase0-forces,A,nominal,Kerbin,3531599999999.9995,600000.0,2630.0,0.0,0.0,340.0,297570.7296794624,2414.020017860014,0.0004568432050291449,820485.1497710431,889.4148628393943,363918.31875259243,2143.4733533674816,15.832037114783704,1110.2990482897935,2856939.284774732,-597550.434252333,1729694.4252611995,1
530.1399999998079,phase0-forces,A,nominal,Kerbin,3531599999999.9995,600000.0,2630.0,0.0,0.0,340.0,298823.1176249187,2411.7478990624245,0.0004545108531601727,821599.2146328142,897.6469336814107,364495.4341575543,2141.3925753826347,15.829772633871059,1109.376034095971,2856939.284804884,-597550.4342522748,1729694.4252763046,1
530.6599999998074,phase0-forces,A,nominal,Kerbin,3531599999999.9995,600000.0,2630.0,0.0,0.0,340.0,300074.32997276285,2409.482096503628,0.0004521884839050472,822712.1990155801,905.8778240429605,365072.0702166001,2139.3176627859357,15.827496820380915,1108.4554124582733,2856939.2849284424,-597550.4342518976,1729694.4253382725,1
531.1799999998069,phase0-forces,A,nominal,Kerbin,3531599999999.9995,600000.0,2630.0,0.0,0.0,340.0,301324.36998151604,2407.2225779541373,0.00044988805893808603,823824.1059621326,914.1075280618745,365648.2281725113,2137.2485854028096,15.825209788856714,1107.5371717197531,2856939.2848089715,-597550.4342516937,1729694.425278639,1
531.6999999998064,phase0-forces,A,nominal,Kerbin,3531599999999.9995,600000.0,2630.0,0.0,0.0,340.0,302573.2408928893,2404.9693115047435,0.0004476068133953959,824934.938500307,922.3360399281424,366223.9092599192,2135.185313357042,15.822911652738693,1106.6213003420903,2856939.284797648,-597550.4342519286,1729694.4252728596,1
532.219999999806,phase0-forces,A,nominal,Kerbin,3531599999999.9995,600000.0,2630.0,0.0,0.0,340.0,303820.94592962123,2402.7222654464013,0.00044533086474984884,826044.6996397213,930.5633539050751,366799.11470733164,2133.1278169388265,15.820602524379995,1105.7077868991646,2856939.284932849,-597550.4342512421,1729694.4253408036,1
532.7399999998055,phase0-forces,A,nominal,Kerbin,3531599999999.9995,600000.0,2630.0,0.0,0.0,340.0,305067.4882995392,2400.4814082464923,0.00044308416545391083,827153.3923758396,938.7894643004475,367373.8457379873,2131.0760666484753,15.818282514859082,1104.7966199411571,2856939.2848403607,-597550.4342513345,1729694.425294513,1
533.259999999805,phase0-forces,A,nominal,Kerbin,3531599999999.9995,600000.0,2630.0,0.0,0.0,340.0,306312.87119435146,2398.246708687998,0.00044084631372243166,828261.0196884201,947.014365484359,367948.10357038036,2129.0300332311317,15.815951734238068,1103.887788230036,2856939.284844531,-597550.4342504425,1729694.4252970442,1
533.7599999998046,phase0-forces,A,nominal,Kerbin,3531599999999.9995,600000.0,2630.0,0.0,0.0,340.0,307509.2642647512,2396.1037371399016,0.00043871343950740993,829325.043967945,954.9217787889078,368499.8294413616,2127.0680576421587,15.813700542776536,1103.0161033137094,2856939.2847188776,-597550.4342505352,1729694.425234171,1
534.2999999998041,phase0-forces,A,nominal,Kerbin,3531599999999.9995,600000.0,2630.0,0.0,0.0,340.0,308800.1712496454,2393.7956585407246,0.00043642494711093605,830473.0898946538,963.4605179958795,369095.204477167,2124.955001043453,15.811258294223496,1102.0770855525452,2856939.2847642438,-597550.4342505586,1729694.4252568425,1
534.8199999998036,phase0-forces,A,nominal,Kerbin,3531599999999.9995,600000.0,2630.0,0.0,0.0,340.0,310042.09471308347,2391.579246576951,0.0004342336324043572,831577.538672813,971.6817583419585,369668.04995726066,2122.925944809166,15.808895849373688,1101.1751923857119,2856939.284801496,-597550.4342511282,1729694.425275184,1
535.3399999998031,phase0-forces,A,nominal,Kerbin,3531599999999.9995,600000.0,2630.0,0.0,0.0,340.0,311282.87130913767,2389.368869435006,0.00043206530972383916,832680.9337991849,979.901767521789,370240.4270487892,2120.9024904820335,15.806523062550218,1100.2755899868455,2856939.284669444,-597550.4342514499,1729694.425208997,1
535.8599999998027,phase0-forces,A,nominal,Kerbin,3531599999999.9995,600000.0,2630.0,0.0,0.0,340.0,312522.5041515499,2387.16449702672,0.0004299056890886277,833783.278180583,988.1205401857601,370812.3369404719,2118.884609882423,15.804140038377394,1099.378267488444,2856939.2848525397,-597550.4342504243,1729694.4253010578,1
536.3799999998022,phase0-forces,A,nominal,Kerbin,3531599999999.9995,600000.0,2630.0,0.0,0.0,340.0,313760.9963352727,2384.9660993588577,0.00042776743066497147,834884.5747058694,996.3380710404621,371383.78081477655,2116.8722749699828,15.80174688034842,1098.4832139591138,2856939.284810388,-597550.4342505,1729694.425279944,1
536.8999999998017,phase0-forces,A,nominal,Kerbin,3531599999999.9995,600000.0,2630.0,0.0,0.0,340.0,314998.35094429273,2382.773646746191,0.0004256442189216614,835984.826254072,1004.5543548364437,371954.7598489261,2114.8654579409217,15.799343690967893,1097.5904186787577,2856939.284820474,-597550.4342501863,1729694.425285144,1
537.4199999998012,phase0-forces,A,nominal,Kerbin,3531599999999.9995,600000.0,2630.0,0.0,0.0,340.0,316234.57104322815,2380.5871096678275,0.00042353454045951366,837084.0356854239,1012.769386388757,372525.2752143702,2112.8641311806614,15.796930571727286,1096.6998709178924,2856939.284724677,-597550.4342505942,1729694.4252370414,1
537.9399999998008,phase0-forces,A,nominal,Kerbin,3531599999999.9995,600000.0,2630.0,0.0,0.0,340.0,317469.65968459623,2378.4064588450206,0.0004214360087644309,838182.2058491604,1020.9831605604546,373095.3280771419,2110.8682672710797,15.794507623075006,1095.8115600926305,2856939.2846577875,-597550.4342504651,1729694.4252036612,1
538.4199999998003,phase0-forces,A,nominal,Kerbin,3531599999999.9995,600000.0,2630.0,0.0,0.0,340.0,318608.73987950746,2376.3987497247513,0.0004195150686427951,839194.9814072091,1028.5639855311383,373621.12121787004,2109.0307565069606,15.792262416828175,1094.993557172277,2856939.2846142203,-597550.4342506628,1729694.4251817786,1
539.0199999997998,phase0-forces,A,nominal,Kerbin,3531599999999.9995,600000.0,2630.0,0.0,0.0,340.0,320031.2416403282,2373.896096948294,0.00041712840902619064,840459.7123518537,1038.0384979933176,374277.8112361991,2106.740348800779,15.789444368408885,1093.9737086820937,2856939.284741115,-597550.4342505061,1729694.4252453044,1
539.5399999997993,phase0-forces,A,nominal,Kerbin,3531599999999.9995,600000.0,2630.0,0.0,0.0,340.0,321262.86784760014,2371.7333761317173,0.0004150860768277198,841554.7024766542,1046.2483716200409,374846.4482672338,2104.7611238012096,15.786991795164598,1093.092214811853,2856939.2845967473,-597550.434251242,1729694.4251727527,1
540.0599999997988,phase0-forces,A,nominal,Kerbin,3531599999999.9995,600000.0,2630.0,0.0,0.0,340.0,322493.3748841606,2369.5764242847977,0.00041304455953650177,842648.6647999871,1054.4569674501295,375414.6274940165,2102.7872518974955,15.784529791867985,1092.2129153251008,2856939.2845747755,-597550.4342513,1729694.4251617377,1
540.5999999997983,phase0-forces,A,nominal,Kerbin,3531599999999.9995,600000.0,2630.0,0.0,0.0,340.0,323770.02773276786,2367.342588524321,0.00041095007327385247,843783.6177111391,1062.9799208211407,376004.17643077974,2100.7430994070132,15.78196321750429,1091.3021082046205,2856939.284600661,-597550.4342518343,1729694.4251744135,1
541.1199999997979,phase0-forces,A,nominal,Kerbin,3531599999999.9995,600000.0,2630.0,0.0,0.0,340.0,324998.26257516514,2365.197309196941,0.0004089409776497632,844875.493478314,1071.1858968688211,376571.42595744564,2098.7800579229543,15.77948228626903,1090.42725013462,2856939.284643428,-597550.4342523885,1729694.4251955196,1
541.6399999997974,phase0-forces,A,nominal,Kerbin,3531599999999.9995,600000.0,2630.0,0.0,0.0,340.0,326225.38724087353,2363.0577135782755,0.0004069489659741521,845966.3498361462,1079.3905804506708,377138.2211211007,2096.822289758782,15.776992212293111,1089.5545554901132,2856939.2846222334,-597550.434251938,1729694.4251851477,1
542.1399999997969,phase0-forces,A,nominal,Kerbin,3531599999999.9995,600000.0,2630.0,0.0,0.0,340.0,327404.2705833287,2361.0057443695237,0.00040504595381207764,847014.2913747623,1087.2784760137954,377682.789028863,2094.944769298292,15.774589374629247,1088.717456857231,2856939.2846445907,-597550.4342516137,1729694.4251964884,1
542.6599999997965,phase0-forces,A,nominal,Kerbin,3531599999999.9995,600000.0,2630.0,0.0,0.0,340.0,328629.22609755327,2358.8772174292217,0.00040308182360604405,848103.1560548976,1095.4806106783612,378248.6961966881,2092.9972700234975,15.772081635120632,1087.8489766606892,2856939.284671866,-597550.4342519783,1729694.4252099437,1
543.179999999796,phase0-forces,A,nominal,Kerbin,3531599999999.9995,600000.0,2630.0,0.0,0.0,340.0,329853.08007585816,2356.754292852277,0.0004011314595118165,849191.0093874107,1103.6814390086427,378814.15230879665,2091.0549679759697,15.769565024651053,1086.9826303118125,2856939.2846744196,-597550.434251676,1729694.4252113719,1
543.6999999997955,phase0-forces,A,nominal,Kerbin,3531599999999.9995,600000.0,2630.0,0.0,0.0,340.0,331075.8354105826,2354.6369435420056,0.0003991926205344498,850277.8540695236,1111.8809564144415,379379.15847497364,2089.117837818791,15.767039633208762,1086.1184079378193,2856939.284641307,-597550.434251508,1729694.4251948993,1
544.219999999795,phase0-forces,A,nominal,Kerbin,3531599999999.9995,600000.0,2630.0,0.0,0.0,340.0,332297.4949762174,2352.5251426082295,0.0003972675185650587,851363.6927830742,1120.0791583547593,379943.7157953485,2087.185854401341,15.764505549940587,1085.2562997539248,2856939.284657193,-597550.4342515998,1729694.4252027965,1
544.7399999997946,phase0-forces,A,nominal,Kerbin,3531599999999.9995,600000.0,2630.0,0.0,0.0,340.0,333518.0616346395,2350.418863318029,0.0003953592386096716,852448.5281976219,1128.2760403273041,380507.8253662853,2085.258992724451,15.761962863102648,1084.39629602361,2856939.284589237,-597550.4342522254,1729694.4251685059,1
545.2399999997941,phase0-forces,A,nominal,Kerbin,3531599999999.9995,600000.0,2630.0,0.0,0.0,340.0,334690.6554117203,2348.3987772498535,0.00039353431202471256,853490.6954892054,1136.1564086749752,381049.8171839983,2083.4110480445825,15.759509939627277,1083.5713450072608,2856939.2845520675,-597550.4342520435,1729694.4251500121,1
545.7799999997936,phase0-forces,A,nominal,Kerbin,3531599999999.9995,600000.0,2630.0,0.0,0.0,340.0,335955.92761247256,2346.2227637571054,0.0003915753623005003,854615.1997455726,1144.6658266229763,381634.70562424563,2081.4205354935602,15.756852027228192,1082.6825634561237,2856939.284510665,-597550.434252052,1729694.4251293065,1
546.2999999997932,phase0-forces,A,nominal,Kerbin,3531599999999.9995,600000.0,2630.0,0.0,0.0,340.0,337173.2325866795,2344.132890977536,0.00038970098830759525,855697.0411524342,1152.8587221786822,382197.4784803044,2079.50889083327,15.754284050426921,1081.8288154981556,2856939.2845495627,-597550.4342514629,1729694.4251490498,1
546.8199999997927,phase0-forces,A,nominal,Kerbin,3531599999999.9995,600000.0,2630.0,0.0,0.0,340.0,338389.45596901304,2342.0484347972993,0.00038784369826316833,856777.8898133843,1161.0502802374988,382759.8079252724,2077.6022696751343,15.751707814447304,1080.9771337443449,2856939.2844925686,-597550.4342515166,1729694.425120526,1
547.3399999997922,phase0-forces,A,nominal,Kerbin,3531599999999.9995,600000.0,2630.0,0.0,0.0,340.0,339604.6005509491,2339.9693694264024,0.00038599700201302767,857857.7483314711,1169.24049652065,383321.6950302032,2075.7006478862486,15.749123403344596,1080.1275088295956,2856939.2844604515,-597550.4342510505,1729694.4251047005,1
547.8599999997917,phase0-forces,A,nominal,Kerbin,3531599999999.9995,600000.0,2630.0,0.0,0.0,340.0,340818.6691159508,2337.895669234157,0.00038416218012571335,858936.6193016497,1177.4293668068613,383883.1408643103,2073.8040015124006,15.74653090027714,1079.279931389252,2856939.284504282,-597550.4342511485,1729694.4251265666,1
548.3799999997913,phase0-forces,A,nominal,Kerbin,3531599999999.9995,600000.0,2630.0,0.0,0.0,340.0,342031.66443030117,2335.8273087559,0.0003823393490165472,860014.5053038885,1185.6168869062901,384444.14648792497,2071.912306741631,15.743930387647685,1078.4343921437003,2856939.2845595274,-597550.43425156,1729694.4251539838,1
548.8199999997909,phase0-forces,A,nominal,Kerbin,3531599999999.9995,600000.0,2630.0,0.0,0.0,340.0,343057.20884454856,2334.0813094998502,0.00038081035017967224,860925.7952701941,1192.5437308725277,384918.5005056321,2070.315491923465,15.74172375839143,1077.7205210031734,2856939.284578174,-597550.4342515566,1729694.4251633086,1
549.3399999997904,phase0-forces,A,nominal,Kerbin,3531599999999.9995,600000.0,2630.0,0.0,0.0,340.0,344268.23000291304,2332.022740649925,0.00037900853203609586,862001.869610684,1200.7287474602615,385478.69620900543,2068.4328765621503,15.73910867272712,1076.8787204339221,2856939.284641875,-597550.4342513405,1729694.4251952672,1
549.8599999997899,phase0-forces,A,nominal,Kerbin,3531599999999.9995,600000.0,2630.0,0.0,0.0,340.0,345478.1857170686,2329.969439991232,0.00037722813431173563,863076.9662614026,1208.9124021770601,386038.45469934365,2066.555145927526,15.736485807682199,1076.0389319852418,2856939.284654246,-597550.4342510663,1729694.4252130454,1
550.3999999997894,phase0-forces,A,nominal,Kerbin,3531599999999.9995,600000.0,2630.0,0.0,0.0,340.0,346733.553404532,2327.8427156648922,0.00037538414471782744,864192.3806831092,1217.4093670863217,386619.2807215713,2064.6103401881433,15.733753914392501,1075.1689639540668,2856939.284600312,-597550.4342514408,1729694.4251744356,1
550.919999999789,phase0-forces,A,nominal,Kerbin,3531599999999.9995,600000.0,2630.0,0.0,0.0,340.0,347941.3456582654,2325.800077394406,0.00037362281000241637,865265.4921879806,1225.5902332632932,387178.1511987407,2062.7424952633805,15.731115436431402,1074.3332491594742,2856939.2845791434,-597550.4342517923,1729694.4251636756,1
551.4399999997885,phase0-forces,A,nominal,Kerbin,3531599999999.9995,600000.0,2630.0,0.0,0.0,340.0,349148.0806885961,2323.7626324871862,0.00037187195266596973,866337.6336669708,1233.769725468606,387736.58762028615,2060.8794651010817,15.728469417957012,1073.4995191979485,2856939.284592102,-597550.4342511595,1729694.4251704712,1
551.959999999788,phase0-forces,A,nominal,Kerbin,3531599999999.9995,600000.0,2630.0,0.0,0.0,340.0,350353.7611732697,2321.7303566559117,0.00037012906977906823,867408.8076159749,1241.9478397984376,388294.591015605,2059.0212270304346,15.72581593602987,1072.6677651392426,2856939.2846695813,-597550.4342520658,1729694.4252087576,1
552.4799999997875,phase0-forces,A,nominal,Kerbin,3531599999999.9995,600000.0,2630.0,0.0,0.0,340.0,351558.3897806654,2319.7032257493142,0.00036840609391219914,868479.0165215672,1250.1245723929694,388852.16241170315,2057.167758446358,15.723155067048262,1071.837978220262,2856939.2846865687,-597550.4342522727,1729694.425217148,1
553.019999999787,phase0-forces,A,nominal,Kerbin,3531599999999.9995,600000.0,2630.0,0.0,0.0,340.0,352808.2397629691,2317.6035481302692,0.00036662965430878103,869589.3685287838,1258.6143281357686,389430.7227118734,2055.2480267869496,15.720384119219176,1070.9783490890495,2856939.2846615375,-597550.4342526773,1729694.42520443,1
553.5399999997866,phase0-forces,A,nominal,Kerbin,3531599999999.9995,600000.0,2630.0,0.0,0.0,340.0,354010.7323679583,2315.586830901811,0.00036492402432486415,870657.6178828697,1266.7882323256458,389987.4166474473,2053.4042114265135,15.717708425257923,1070.1525450063696,2856939.2846312304,-597550.4342530249,1729694.4251891028,1
554.0599999997861,phase0-forces,A,nominal,Kerbin,3531599999999.9995,600000.0,2630.0,0.0,0.0,340.0,355212.1811239786,2313.5751862695424,0.00036323166568763554,871724.909676594,1274.9607432925993,390543.6816696253,2051.5650979610887,15.715025571728011,1069.3286816135328,2856939.2846185016,-597550.4342533287,1729694.4251825865,1
554.5799999997856,phase0-forces,A,nominal,Kerbin,3531599999999.9995,600000.0,2630.0,0.0,0.0,340.0,356412.5886486283,2311.568590736128,0.00036155377165414393,872791.2463489522,1283.1318573301396,391099.518786267,2049.7306644302453,15.712335632019434,1068.5067503208115,2856939.2845499273,-597550.4342535691,1729694.425148179,1
555.1199999997851,phase0-forces,A,nominal,Kerbin,3531599999999.9995,600000.0,2630.0,0.0,0.0,340.0,357658.06641255587,2309.4901375653585,0.00035982212284579873,873897.5876411871,1291.6157624984762,391676.2824178547,2047.830605781619,15.70953481092645,1067.6552421319207,2856939.28437241,-597550.4342538472,1729694.4250592813,1
555.6399999997847,phase0-forces,A,nominal,Kerbin,3531599999999.9995,600000.0,2630.0,0.0,0.0,340.0,358856.3594826454,2307.4937623565615,0.0003581605851650238,874961.984842604,1299.784017636385,392231.2503640044,2046.0056447631364,15.706830650933789,1066.83722300205,2856939.28434429,-597550.434253572,1729694.425045359,1
556.1599999997842,phase0-forces,A,nominal,Kerbin,3531599999999.9995,600000.0,2630.0,0.0,0.0,340.0,360053.61920046154,2305.502365860435,0.0003565107472240925,876025.4342648566,1307.9508648223748,392785.79343645996,2044.1852979025507,15.704119623722772,1066.0211102290457,2856939.284476402,-597550.434253153,1729694.4251116246,1
556.6799999997837,phase0-forces,A,nominal,Kerbin,3531599999999.9995,600000.0,2630.0,0.0,0.0,340.0,361249.84813485213,2303.515925165096,0.00035488023422658443,877087.9383016675,1316.1163005038172,393339.9126237895,2042.3695438021325,15.70140179992977,1065.2068954058625,2856939.2844022242,-597550.4342533079,1729694.4250744581,1
557.1999999997832,phase0-forces,A,nominal,Kerbin,3531599999999.9995,600000.0,2630.0,0.0,0.0,340.0,362445.0488423385,2301.534417574478,0.0003532539994921535,878149.4993349153,1324.2803211644032,393893.6089105786,2040.5583612456817,15.698677249526993,1064.3945702430308,2856939.284254187,-597550.4342533787,1729694.425000404,1
557.7199999997828,phase0-forces,A,nominal,Kerbin,3531599999999.9995,600000.0,2630.0,0.0,0.0,340.0,363639.2238707169,2299.5578205497886,0.0003516361757647246,879210.1197384658,1332.4429233264907,394446.8832776938,2038.7517291746299,15.695946041833995,1063.5841264878868,2856939.284265019,-597550.434253329,1729694.425005845,1
558.2399999997823,phase0-forces,A,nominal,Kerbin,3531599999999.9995,600000.0,2630.0,0.0,0.0,340.0,364832.3757532259,2297.586111642983,0.0003500351740512997,880269.8018715396,1340.6041035431633,394999.73670281377,2036.9496266195802,15.69320824556376,1062.7755559119878,2856939.284184346,-597550.4342535532,1729694.4249653965,1
558.7599999997818,phase0-forces,A,nominal,Kerbin,3531599999999.9995,600000.0,2630.0,0.0,0.0,340.0,366024.5070119612,2295.619268602559,0.00034844063338823617,881328.5480844886,1348.7638584087333,395552.17015590286,2035.1520327839019,15.690463928712532,1061.9688503796147,2856939.284149566,-597550.4342533293,1729694.4249481184,1
559.2799999997814,phase0-forces,A,nominal,Kerbin,3531599999999.9995,600000.0,2630.0,0.0,0.0,340.0,367215.6201577878,2293.657269299759,0.00034685799619182944,882386.3607162982,1356.922184547231,396104.1846045633,2033.3589270061557,15.687713158722573,1061.1640017602613,2856939.2841194174,-597550.4342535156,1729694.4249329509,1
559.7999999997809,phase0-forces,A,nominal,Kerbin,3531599999999.9995,600000.0,2630.0,0.0,0.0,340.0,368405.7176909151,2291.7000917481478,0.00034529008553363383,883443.2420957799,1365.0790786209977,396655.78101278533,2031.5702887306427,15.68495600232148,1060.361002027408,2856939.284059206,-597550.4342528491,1729694.4249031786,1
560.3399999997804,phase0-forces,A,nominal,Kerbin,3531599999999.9995,600000.0,2630.0,0.0,0.0,340.0,369640.5159169361,2289.672718227379,0.0003436633851379156,884539.7895764861,1373.5481801085643,397228.1512292963,2029.7175633790757,15.682086112727616,1059.5290659913082,2856939.2839774485,-597550.43425288,1729694.4248622842,1
560.8599999997799,phase0-forces,A,nominal,Kerbin,3531599999999.9995,600000.0,2630.0,0.0,0.0,340.0,370828.55085606675,2287.7253021637903,0.00034211514866910875,885594.7797995105,1381.7021447800346,397778.8984452673,2027.9379689503403,15.679316141954859,1058.7298103365633,2856939.283893239,-597550.4342534569,1729694.424819891,1
561.3799999997794,phase0-forces,A,nominal,Kerbin,3531599999999.9995,600000.0,2630.0,0.0,0.0,340.0,372015.5777098432,2285.7826419511703,0.00034057212178595364,886648.8457810888,1389.8546674592915,398329.23052377976,2026.16278046653,15.676539983759083,1057.9323794040665,2856939.283875799,-597550.4342532256,1729694.4248112866,1
561.899999999779,phase0-forces,A,nominal,Kerbin,3531599999999.9995,600000.0,2630.0,0.0,0.0,340.0,373201.598930574,2283.844716194585,0.00033903526491485536,887701.9898052269,1398.0057449408698,398879.1484106482,2024.3919779478686,15.673757702395513,1057.1367653382072,2856939.2840073816,-597550.434252488,1729694.4248774468,1
562.4199999997785,phase0-forces,A,nominal,Kerbin,3531599999999.9995,600000.0,2630.0,0.0,0.0,340.0,374386.6169611643,2281.911503585145,0.0003375182568561286,888754.2141469484,1406.155374056806,399428.65304848476,2022.6255415085852,15.670969361495956,1056.342960288273,2856939.283989514,-597550.4342524558,1729694.4248685292,1
562.939999999778,phase0-forces,A,nominal,Kerbin,3531599999999.9995,600000.0,2630.0,0.0,0.0,340.0,375570.63423734135,2279.9829830163426,0.0003360012487974018,889805.5210745339,1414.3035516749733,399977.7453771515,2020.8634514242617,15.668175024228546,1055.5509565308212,2856939.2840670813,-597550.4342522325,1729694.4249074243,1
563.4599999997776,phase0-forces,A,nominal,Kerbin,3531599999999.9995,600000.0,2630.0,0.0,0.0,340.0,376753.65317797754,2278.059133470229,0.00033450298360548913,890855.912840526,1422.4502746933447,400526.42633016617,2019.1056880682813,15.665374753029116,1054.7607463454872,2856939.2840478495,-597550.4342519254,1729694.424897962,1
563.9799999997771,phase0-forces,A,nominal,Kerbin,3531599999999.9995,600000.0,2630.0,0.0,0.0,340.0,377935.6761930712,2276.1399341119877,0.0003330085310153663,891905.3916890149,1430.595540038212,401074.6968379647,2017.3522319899544,15.662568609717132,1053.972322069711,2856939.2841370143,-597550.4342521045,1729694.424942455,1
564.4999999997766,phase0-forces,A,nominal,Kerbin,3531599999999.9995,600000.0,2630.0,0.0,0.0,340.0,379116.7056850529,2274.225364190983,0.0003315257199574262,892953.9598569886,1438.739344673827,401622.5578280837,2015.6030638073803,15.659756655617567,1053.1856760901164,2856939.2841927717,-597550.434252382,1729694.424970195,1
565.0199999997761,phase0-forces,A,nominal,Kerbin,3531599999999.9995,600000.0,2630.0,0.0,0.0,340.0,380296.7440416913,2272.3154031157333,0.0003300499520264566,894001.6195676371,1446.8816855965777,402170.0102227554,2013.8581642884592,15.656938951567467,1052.400800849373,2856939.284229287,-597550.43425247,1729694.4249884083,1
565.5399999997757,phase0-forces,A,nominal,Kerbin,3531599999999.9995,600000.0,2630.0,0.0,0.0,340.0,381475.7936424953,2270.4100304184594,0.0003285874263383448,895048.3730362557,1455.022559832593,402717.05494139175,2012.1175143169535,15.654115557710874,1051.6176888345976,2856939.2842306253,-597550.434252036,1729694.4249892947,1
566.0799999997752,phase0-forces,A,nominal,Kerbin,3531599999999.9995,600000.0,2630.0,0.0,0.0,340.0,382699.14731375943,2268.4362088461066,0.0003270778397563845,896134.4294227308,1463.4749890724866,403284.70932499156,2010.3143937893985,15.651177613372393,1050.8063153438766,2856939.284212729,-597550.434252143,1729694.424980293,1
566.5999999997747,phase0-forces,A,nominal,Kerbin,3531599999999.9995,600000.0,2630.0,0.0,0.0,340.0,383876.18869794847,2266.5401265446153,0.00032563271815888584,897179.3423706288,1471.6128644416133,403830.9258412291,2008.5823477074377,15.648342805116252,1050.0267744597813,2856939.284132547,-597550.4342523334,1729694.424940107,1
567.1199999997742,phase0-forces,A,nominal,Kerbin,3531599999999.9995,600000.0,2630.0,0.0,0.0,340.0,385052.2484886445,2264.6485712508534,0.00032419615308754146,898223.3557446646,1479.7492642724176,404376.7374484377,2006.854493877689,15.645502486511678,1049.248974230331,2856939.2841106686,-597550.4342523919,1729694.4249291383,1
567.6399999997737,phase0-forces,A,nominal,Kerbin,3531599999999.9995,600000.0,2630.0,0.0,0.0,340.0,386227.32902352314,2262.7615230255515,0.00032276706770062447,899266.471720616,1487.8841857186687,404922.14505096787,2005.1308136858825,15.642656715495045,1048.4729073195858,2856939.2841960522,-597550.4342524642,1729694.424971794,1
568.1399999997733,phase0-forces,A,nominal,Kerbin,3531599999999.9995,600000.0,2630.0,0.0,0.0,340.0,387356.292834828,2260.95128548573,0.00032140512485057116,900268.6235794073,1495.7048287558632,405446.1952787809,2003.4773475834077,15.639915308839194,1047.7283169356742,2856939.2842242615,-597550.4342527214,1729694.4249857701,1
568.6599999997728,phase0-forces,A,nominal,Kerbin,3531599999999.9995,600000.0,2630.0,0.0,0.0,340.0,388529.45926856284,2259.073020562201,0.00031999690691009164,901309.9855554283,1503.836842127532,405990.8130175156,2001.7618004746248,15.637059009117033,1046.9556288487875,2856939.2842007093,-597550.4342525387,1729694.4249740853,1
569.1799999997723,phase0-forces,A,nominal,Kerbin,3531599999999.9995,600000.0,2630.0,0.0,0.0,340.0,389701.65330511704,2257.1992043600953,0.0003185954119544476,902350.4565173348,1511.9673688444166,406535.0294040051,2000.0503725349818,15.634197425530298,1046.1846526103259,2856939.2841269667,-597550.4342524066,1729694.4249372801,1
569.6999999997719,phase0-forces,A,nominal,Kerbin,3531599999999.9995,600000.0,2630.0,0.0,0.0,340.0,390872.87724295957,2255.3298174364877,0.00031720357947051525,903390.0386051254,1520.0964061794284,407078.84532567824,1998.3430456105955,15.63133061400733,1045.4153810716134,2856939.28408671,-597550.4342517772,1729694.4249174662,1
570.2199999997714,phase0-forces,A,nominal,Kerbin,3531599999999.9995,600000.0,2630.0,0.0,0.0,340.0,392043.13336797827,2253.4648404567542,0.00031582172960042953,904428.7339455269,1528.223951422748,407622.261668572,1996.6398016629187,15.628458629918349,1044.6478070962953,2856939.284025205,-597550.4342515272,1729694.4248868388,1
570.7399999997709,phase0-forces,A,nominal,Kerbin,3531599999999.9995,600000.0,2630.0,0.0,0.0,340.0,393212.42395519046,2251.6042542157147,0.00031444733031094074,905466.5446561582,1536.3500018998293,408165.2793122589,1994.9406227621148,15.625581528106176,1043.8819236186237,2856939.283940307,-597550.4342512616,1729694.4248445227,1
571.2599999997705,phase0-forces,A,nominal,Kerbin,3531599999999.9995,600000.0,2630.0,0.0,0.0,340.0,394380.7512744736,2249.748039618212,0.0003130837867502123,906503.4728491134,1544.4745549688553,408707.89913584024,1993.2454910904294,15.62269936291088,1043.1177235951259,2856939.283806403,-597550.4342513825,1729694.4247775103,1
571.77999999977,phase0-forces,A,nominal,Kerbin,3531599999999.9995,600000.0,2630.0,0.0,0.0,340.0,395548.11757822346,2247.8961777446007,0.00031171986483968794,907539.5206200466,1552.5976080078613,409250.1220121355,1991.5543889796922,15.619812188203902,1042.3552000741952,2856939.2839437835,-597550.4342512513,1729694.4248462662,1
572.2999999997695,phase0-forces,A,nominal,Kerbin,3531599999999.9995,600000.0,2630.0,0.0,0.0,340.0,396714.5251148889,2246.04864969195,0.00031037285225465894,908574.6900621457,1560.7191584239754,409791.948809616,1989.8672987974778,15.616920057376232,1041.5943460711478,2856939.2839604337,-597550.4342513331,1729694.4248545503,1
572.819999999769,phase0-forces,A,nominal,Kerbin,3531599999999.9995,600000.0,2630.0,0.0,0.0,340.0,397879.9761220277,2244.205436728284,0.0003090377140324563,909608.9832569712,1568.8392036516589,410333.38039583236,1988.184203061353,15.61402302328345,1040.8351546825795,2856939.2838656427,-597550.4342516268,1729694.424807008,1
573.3399999997686,phase0-forces,A,nominal,Kerbin,3531599999999.9995,600000.0,2630.0,0.0,0.0,340.0,399044.4728261683,2242.3665202691045,0.0003077010333072394,910642.4022762425,1576.9577411618675,410874.4176331173,1986.5050844176699,15.611121138326483,1040.0776190762513,2856939.2838860266,-597550.4342513741,1729694.4248173262,1
573.8599999997681,phase0-forces,A,nominal,Kerbin,3531599999999.9995,600000.0,2630.0,0.0,0.0,340.0,400208.0174463021,2240.5318817979773,0.00030637794407084584,911674.9491848112,1585.074768443603,411415.0613804902,1984.8299255976824,15.608214454463683,1039.3217324036996,2856939.283914331,-597550.4342512958,1729694.4248315175,1
574.3999999997676,phase0-forces,A,nominal,Kerbin,3531599999999.9995,600000.0,2630.0,0.0,0.0,340.0,401415.30843367125,2238.6311885689365,0.00030500887078233063,912746.2885677994,1593.5023879426535,411976.08355480095,1983.0945104112202,15.605190950792334,1038.5385111905298,2856939.2840284775,-597550.4342513063,1729694.4248885855,1
574.9199999997671,phase0-forces,A,nominal,Kerbin,3531599999999.9995,600000.0,2630.0,0.0,0.0,340.0,402576.9190949085,2236.8052137876057,0.000303702981909737,913777.0640635403,1601.6163290191703,412515.92783599265,1981.4273705172163,15.602274643245996,1037.7859648398621,2856939.2840173305,-597550.4342519196,1729694.4248827053,1
575.4399999997667,phase0-forces,A,nominal,Kerbin,3531599999999.9995,600000.0,2630.0,0.0,0.0,340.0,403737.5843538507,2234.983461483889,0.00030240422347560525,914806.9736648703,1609.728752404841,413055.38121657295,1979.7641386363994,15.599353691670972,1037.0350469681268,2856939.284058015,-597550.4342515962,1729694.4249032093,1
575.9599999997662,phase0-forces,A,nominal,Kerbin,3531599999999.9995,600000.0,2630.0,0.0,0.0,340.0,404897.3063876451,2233.1659135872537,0.00030111620435491204,915836.0193966408,1617.8396557021886,413594.44454164134,1978.1047979223645,15.596428146060832,1036.2857508783954,2856939.2839283543,-597550.4342515117,1729694.4248384214,1
576.4799999997657,phase0-forces,A,nominal,Kerbin,3531599999999.9995,600000.0,2630.0,0.0,0.0,340.0,406056.0873689762,2231.35255220391,0.0002998309500981122,916864.2032802172,1625.949036529579,414133.1186529718,1976.4493316814137,15.593498055966824,1035.5380699623618,2856939.2839481067,-597550.4342517621,1729694.4248481723,1
576.9999999997652,phase0-forces,A,nominal,Kerbin,3531599999999.9995,600000.0,2630.0,0.0,0.0,340.0,407213.92945787054,2229.5433594941187,0.00029855387401767075,917891.5273244403,1634.0568925416028,414671.40438911703,1974.7977232651224,15.590563470597633,1034.7919976410135,2856939.28398385,-597550.4342520075,1729694.4248659213,1
577.5199999997648,phase0-forces,A,nominal,Kerbin,3531599999999.9995,600000.0,2630.0,0.0,0.0,340.0,408370.8348082999,2227.7383177368215,0.00029728718800470233,918917.9935331686,1642.163221410406,415209.30258475326,1973.1499561415444,15.587624438638422,1034.0475273679947,2856939.284006465,-597550.4342521824,1729694.4248771414,1
578.0399999997643,phase0-forces,A,nominal,Kerbin,3531599999999.9995,600000.0,2630.0,0.0,0.0,340.0,409526.80555989314,2225.937409322462,0.00029602888389490545,919943.6038962236,1650.2680208345064,415746.8140705951,1971.5060138788137,15.58468100834349,1033.3046526454493,2856939.2839575973,-597550.4342520258,1729694.424852786,1
578.5599999997638,phase0-forces,A,nominal,Kerbin,3531599999999.9995,600000.0,2630.0,0.0,0.0,340.0,410681.84384972113,2224.140616778663,0.0002947719767689705,920968.3604016469,1658.3712885436169,416283.93967488536,1969.8658801848974,15.581733227509892,1032.5633670034867,2856939.2840700154,-597550.4342520599,1729694.4249089777,1
579.0799999997633,phase0-forces,A,nominal,Kerbin,3531599999999.9995,600000.0,2630.0,0.0,0.0,340.0,411835.95180101553,2222.3479226808035,0.00029352985438890755,921992.2650238245,1666.4730222813198,416820.68022228807,1968.2295388059256,15.57878114353191,1031.8236640015475,2856939.284090323,-597550.4342522818,1729694.4249190206,1
579.5999999997629,phase0-forces,A,nominal,Kerbin,3531599999999.9995,600000.0,2630.0,0.0,0.0,340.0,412989.1315296022,2220.559309750254,0.00029229576466605067,923015.319730355,1674.573219828452,417357.03653430764,1966.5969736184052,15.575824803396232,1031.0855372640767,2856939.284080479,-597550.4342522556,1729694.4249141116,1
580.1199999997624,phase0-forces,A,nominal,Kerbin,3531599999999.9995,600000.0,2630.0,0.0,0.0,340.0,414141.3851440962,2218.7747607958104,0.00029106589499861,924037.5264824539,1682.67187898466,417893.0094288753,1964.968168590991,15.57286425362639,1030.3489804273165,2856939.2839946947,-597550.4342521427,1729694.4248712761,1
580.6399999997619,phase0-forces,A,nominal,Kerbin,3531599999999.9995,600000.0,2630.0,0.0,0.0,340.0,415292.7147396001,2216.994258761312,0.00028984289383515716,925058.8872279171,1690.7689975640499,418428.5997206114,1963.3431078158324,15.569899540335197,1029.6139871820856,2856939.283965576,-597550.4342521704,1729694.4248567028,1
581.1399999997615,phase0-forces,A,nominal,Kerbin,3531599999999.9995,600000.0,2630.0,0.0,0.0,340.0,416398.8929813078,2215.286038207087,0.00028867009677924216,926040.1688546939,1698.5532336734943,418943.23032853834,1961.7840656425512,15.56704497068987,1028.9087316069947,2856939.2840152895,-597550.4342520329,1729694.4248816282,1
581.659999999761,phase0-forces,A,nominal,Kerbin,3531599999999.9995,600000.0,2630.0,0.0,0.0,340.0,417548.41614374344,2213.5134251354784,0.0002874644997064024,927059.8757670532,1706.6473241361982,419478.0724833276,1960.166303445382,15.56407222291539,1028.176787205442,2856939.2840455277,-597550.4342516285,1729694.4248969497,1
582.1799999997605,phase0-forces,A,nominal,Kerbin,3531599999999.9995,600000.0,2630.0,0.0,0.0,340.0,418697.02145239245,2211.7448089801424,0.00028626693529076874,928078.7424051971,1714.739867722675,420012.53443052137,1958.5522388759086,15.561095445790125,1027.4463878730119,2856939.283968112,-597550.4342522112,1729694.4248579503,1
582.69999999976,phase0-forces,A,nominal,Kerbin,3531599999999.9995,600000.0,2630.0,0.0,0.0,340.0,419844.7109700496,2209.980173096032,0.00028507044771686196,929096.7706878039,1722.8308623431371,420546.61696998385,1956.9418563896181,15.558114683877184,1026.7175274901106,2856939.283995049,-597550.4342519571,1729694.424871546,1
583.1999999997596,phase0-forces,A,nominal,Kerbin,3531599999999.9995,600000.0,2630.0,0.0,0.0,340.0,420947.3968625093,2208.28714596138,0.0002839302469510585,930074.855206698,1730.6092022021262,421059.80081736983,1955.3968696853274,15.555244849839003,1026.018145746332,2856939.2840210134,-597550.4342524118,1729694.4248843007,1
583.6999999997591,phase0-forces,A,nominal,Kerbin,3531599999999.9995,600000.0,2630.0,0.0,0.0,340.0,422049.2397743792,2206.5977688211333,0.0002827976131811738,931052.1680765466,1738.3861062461483,421572.6353276436,1953.8552593058996,15.552371411217374,1025.3201757463703,2856939.28402234,-597550.4342520045,1729694.4248851677,1
584.2399999997587,phase0-forces,A,nominal,Kerbin,3531599999999.9995,600000.0,2630.0,0.0,0.0,340.0,423238.28537194687,2204.777324405203,0.00028157656197436154,932106.8012018083,1746.783547829331,422126.10503437434,1952.1940967597834,15.549264093393434,1024.5679475631543,2856939.284095932,-597550.4342522444,1729694.4249218437,1
584.7599999997582,phase0-forces,A,nominal,Kerbin,3531599999999.9995,600000.0,2630.0,0.0,0.0,340.0,424382.36706339475,2203.0282945176914,0.0002804133400786668,933121.5270069459,1754.86838614912,422658.6923553998,1950.598149966967,15.54626797513247,1023.8451237091571,2856939.2840656107,-597550.4342523325,1729694.4249066391,1
585.2799999997577,phase0-forces,A,nominal,Kerbin,3531599999999.9995,600000.0,2630.0,0.0,0.0,340.0,425525.5430754692,2201.2831636231754,0.00027925410540774465,934135.423856929,1762.951665506278,423190.9041996257,1949.0058094763244,15.543268087055662,1023.1238086837617,2856939.284071215,-597550.4342522515,1729694.4249094818,1
585.7999999997572,phase0-forces,A,nominal,Kerbin,3531599999999.9995,600000.0,2630.0,0.0,0.0,340.0,426667.8154243168,2199.5419156241655,0.0002781046205200255,935148.493625163,1771.0333839554266,423722.7413527394,1947.4170602856336,15.540264471395748,1022.4039965083488,2856939.284095725,-597550.4342526378,1729694.4249215436,1
586.3199999997568,phase0-forces,A,nominal,Kerbin,3531599999999.9995,600000.0,2630.0,0.0,0.0,340.0,427809.1861129259,2197.804534524597,0.00027695894823409617,936160.7381742967,1779.113539560418,424254.2045921104,1945.8318874786003,15.537257169947539,1021.6856812581764,2856939.284111921,-597550.4342531265,1729694.4249293974,1
586.8399999997563,phase0-forces,A,nominal,Kerbin,3531599999999.9995,600000.0,2630.0,0.0,0.0,340.0,428949.6571387778,2196.071004431946,0.00027581845642998815,937172.1593606295,1787.1921304213165,424785.29469560506,1944.2502762206454,15.534246224164947,1020.968857074949,2856939.2841828205,-597550.434252317,1729694.4249652517,1
587.3599999997558,phase0-forces,A,nominal,Kerbin,3531599999999.9995,600000.0,2630.0,0.0,0.0,340.0,430089.23048866517,2194.3413095264414,0.0002746890240814537,938182.7590307955,1795.269154651006,425316.01243634924,1942.6722117884676,15.531231675116196,1020.2535180443019,2856939.284198747,-597550.4342522243,1729694.4249732613,1
587.8799999997553,phase0-forces,A,nominal,Kerbin,3531599999999.9995,600000.0,2630.0,0.0,0.0,340.0,431227.9081445945,2192.615434113528,0.00027356151258572936,939192.5390267232,1803.344610387343,425846.3585860863,1941.097679536943,15.528213563531295,1019.5396583716966,2856939.284315911,-597550.434251746,1729694.4250320825,1
588.3999999997549,phase0-forces,A,nominal,Kerbin,3531599999999.9995,600000.0,2630.0,0.0,0.0,340.0,432365.6920792244,2190.893362535618,0.0002724492223933339,940201.5011819999,1811.418495787571,426376.3339121475,1939.526664877305,15.525191929755263,1018.8272722341559,2856939.2842687294,-597550.4342513543,1729694.4250086877,1
588.8999999997544,phase0-forces,A,nominal,Kerbin,3531599999999.9995,600000.0,2630.0,0.0,0.0,340.0,433458.87409916706,2189.241097240666,0.0002713831781875342,941170.887535961,1819.1803645371706,426885.57657982636,1938.0193776562683,15.522283228346753,1018.1436698225378,2856939.2842191905,-597550.4342510683,1729694.4249840612,1
589.4199999997539,phase0-forces,A,nominal,Kerbin,3531599999999.9995,600000.0,2630.0,0.0,0.0,340.0,434594.9106607009,2187.526442053871,0.00027027440955862403,942178.2507575689,1827.2511643895907,427414.8267405027,1936.4552209673416,15.519254801526786,1017.4341573800233,2856939.2841505734,-597550.4342514853,1729694.424949544,1
589.9399999997535,phase0-forces,A,nominal,Kerbin,3531599999999.9995,600000.0,2630.0,0.0,0.0,340.0,435730.05929357174,2185.815544999939,0.00026917431387118995,943184.8015217779,1835.3203885772189,427943.7083328383,1934.8945392644614,15.516222970008469,1016.7261015203126,2856939.2840838674,-597550.4342515608,1729694.4249161533,1
590.459999999753,phase0-forces,A,nominal,Kerbin,3531599999999.9995,600000.0,2630.0,0.0,0.0,340.0,436864.32193924044,2184.1083908171495,0.00026808350230567157,944190.5416325976,1843.3880353364837,428472.22211318923,1933.3373183224157,15.51318777271702,1016.0194965771553,2856939.2840277962,-597550.4342512875,1729694.4248882544,1
590.9599999997525,phase0-forces,A,nominal,Kerbin,3531599999999.9995,600000.0,2630.0,0.0,0.0,340.0,437954.12536948477,2182.470411998058,0.00026703818002715707,945156.8366177367,1851.1438987782215,428980.06227859954,1931.8432410076944,15.510266175642077,1015.341431767177,2856939.284040429,-597550.434251674,1729694.4248943776,1
591.4799999997521,phase0-forces,A,nominal,Kerbin,3531599999999.9995,600000.0,2630.0,0.0,0.0,340.0,439086.6557224938,2180.7705556262868,0.0002659556921571493,946160.9918080539,1859.2084463101883,429507.8567678467,1930.2927674988778,15.507224488118215,1014.637656514276,2856939.284082366,-597550.4342511293,1729694.4249156185,1
592.0199999997516,phase0-forces,A,nominal,Kerbin,3531599999999.9995,600000.0,2630.0,0.0,0.0,340.0,440261.81323939865,2179.00923424042,0.0002648431691341102,947202.9159623926,1867.5814937342589,430055.564102857,1928.6862791165645,15.504062370711688,1013.9083310154466,2856939.2841054914,-597550.4342510187,1729694.4249272363,1
592.5399999997511,phase0-forces,A,nominal,Kerbin,3531599999999.9995,600000.0,2630.0,0.0,0.0,340.0,441392.55118480336,2177.316900694175,0.0002637762518133968,948205.431343378,1875.6428135724655,430582.6141382718,1927.142760648445,15.501014093115446,1013.2074736651242,2856939.284046925,-597550.4342511782,1729694.4248978735,1
593.0399999997506,phase0-forces,A,nominal,Kerbin,3531599999999.9995,600000.0,2630.0,0.0,0.0,340.0,442478.97269864916,2175.693116085899,0.0002627541252877563,949168.6323335234,1883.3925870598666,431089.04966990626,1925.6618062156174,15.498080061400918,1012.5349144500581,2856939.28413678,-597550.4342510905,1729694.4249428448,1
593.5599999997502,phase0-forces,A,nominal,Kerbin,3531599999999.9995,600000.0,2630.0,0.0,0.0,340.0,443607.99333508743,2174.007963361095,0.0002616972487885505,950169.5767155822,1891.4507944857005,431615.3862536777,1924.1249261591336,15.495025588806769,1011.8368433065516,2856939.2842506175,-597550.4342513145,1729694.4249996515,1
594.0999999997497,phase0-forces,A,nominal,Kerbin,3531599999999.9995,600000.0,2630.0,0.0,0.0,340.0,444779.5141809323,2172.261848560017,0.0002606105408631265,951208.1740334516,1899.8172509486665,432161.5827425025,1922.5324957248547,15.4918503517797,1011.113418051616,2856939.2843159945,-597550.4342515548,1729694.4250322198,1
594.5999999997492,phase0-forces,A,nominal,Kerbin,3531599999999.9995,600000.0,2630.0,0.0,0.0,340.0,445863.4184080942,2170.648560489823,0.000259608932537958,952169.0723189074,1907.5624403235984,432666.97226521926,1921.061244497225,15.488907368393726,1010.4449325895241,2856939.284315175,-597550.4342514956,1729694.4250318396,1
595.1199999997488,phase0-forces,A,nominal,Kerbin,3531599999999.9995,600000.0,2630.0,0.0,0.0,340.0,446989.8265954696,2168.9742812823442,0.00025857408763840795,953167.6270242997,1915.6158755500148,433192.2231562962,1919.5344158136054,15.485843692894003,1009.7510822061554,2856939.284246207,-597550.4342515088,1729694.4249973493,1
595.6399999997483,phase0-forces,A,nominal,Kerbin,3531599999999.9995,600000.0,2630.0,0.0,0.0,340.0,448115.3677044795,2167.3035976608,0.00025754611124284565,954165.3886429702,1923.6677168866595,433717.11360819126,1918.010910642161,15.482777021624718,1009.0586279829197,2856939.284100723,-597550.4342515205,1729694.424924601,1
596.1599999997478,phase0-forces,A,nominal,Kerbin,3531599999999.9995,600000.0,2630.0,0.0,0.0,340.0,449240.0435926998,2165.6364953374396,0.0002565151371527463,955162.358899951,1931.7179627797684,434241.64434656006,1916.4907156702702,15.479707389881238,1008.3675646043997,2856939.2841406693,-597550.4342515889,1729694.4249445403,1
596.6799999997473,phase0-forces,A,nominal,Kerbin,3531599999999.9995,600000.0,2630.0,0.0,0.0,340.0,450363.8561099153,2163.97296004067,0.00025549932615831494,956158.539513929,1939.7666117058002,434765.81609203503,1914.9738176080464,15.476634832792895,1007.6778867461046,2856939.2841319405,-597550.4342520988,1729694.424939921,1
597.1799999997469,phase0-forces,A,nominal,Kerbin,3531599999999.9995,600000.0,2630.0,0.0,0.0,340.0,451443.63258240675,2162.376757582238,0.0002545215538702905,957115.6624093016,1947.504189780808,435269.4895077321,1913.5183586522667,15.473677724586093,1007.0160366797957,2856939.284188018,-597550.4342526669,1729694.4249676757,1
597.6999999997464,phase0-forces,A,nominal,Kerbin,3531599999999.9995,600000.0,2630.0,0.0,0.0,340.0,452565.75690691406,2160.7201781229637,0.000253510195761919,958110.2990694926,1955.5497018080046,435792.95916221023,1912.0078893658947,15.470599529980351,1006.3290613415143,2856939.284257954,-597550.4342524115,1729694.4250027712,1
598.2199999997459,phase0-forces,A,nominal,Kerbin,3531599999999.9995,600000.0,2630.0,0.0,0.0,340.0,453687.0232944158,2159.067123982569,0.00025251269107684493,959104.1511335599,1963.5936124376203,436316.0719450354,1910.5006781298318,15.467518512110976,1005.6434560016247,2856939.28418497,-597550.4342522192,1729694.4249663753,1
598.7399999997455,phase0-forces,A,nominal,Kerbin,3531599999999.9995,600000.0,2630.0,0.0,0.0,340.0,454807.4335658413,2157.4175812767894,0.00025151402223855257,960097.22029181,1971.6359202164467,436838.8285689525,1908.99671200513,15.464434704848097,1004.9592154983474,2856939.284242192,-597550.4342518091,1729694.4249951914,1
599.259999999745,phase0-forces,A,nominal,Kerbin,3531599999999.9995,600000.0,2630.0,0.0,0.0,340.0,455926.9895373895,2155.771536148365,0.0002505253651179373,961089.5082310142,1979.6766236958924,437361.22974290606,1907.4959780940544,15.461348141790392,1004.2763346490486,2856939.284342215,-597550.4342520023,1729694.4250451063,1
599.7999999997445,phase0-forces,A,nominal,Kerbin,3531599999999.9995,600000.0,2630.0,0.0,0.0,340.0,457088.7030668368,2154.0658687642244,0.0002495025109965354,962119.1360173656,1988.0248854342237,437903.3478038045,1905.9409309647917,15.458139983598466,1003.5686227439977,2856939.2842803067,-597550.4342529036,1729694.4250137014,1
600.299999999744,phase0-forces,A,nominal,Kerbin,3531599999999.9995,600000.0,2630.0,0.0,0.0,340.0,458163.5457861824,2152.4898836052816,0.0002485633303876966,963071.7471439366,1995.753212079121,438404.96855422144,1904.5041556446586,15.455166881096174,1002.9146314477533,2856939.2842300306,-597550.4342523423,1729694.4249888442,1
600.8199999997436,phase0-forces,A,nominal,Kerbin,3531599999999.9995,600000.0,2630.0,0.0,0.0,340.0,459280.5496581213,2150.8542489347387,0.000247584015596658,964061.7014554176,2003.7890941847202,438926.3075963468,1903.0130417159348,15.452072249235242,1002.235798942988,2856939.2843252234,-597550.4342522484,1729694.4250364876,1
601.3399999997431,phase0-forces,A,nominal,Kerbin,3531599999999.9995,600000.0,2630.0,0.0,0.0,340.0,460396.7064100662,2149.222057231053,0.00024661803035996854,965050.8812149367,2011.8233664009356,439447.2939936403,1901.5251091303376,15.448974993058657,1001.5583057451026,2856939.284275934,-597550.4342523025,1729694.4250118157,1
601.8599999997426,phase0-forces,A,nominal,Kerbin,3531599999999.9995,600000.0,2630.0,0.0,0.0,340.0,461512.0178203068,2147.593295066621,0.00024565571220591664,966039.2880730826,2019.8560273682895,439967.92844231235,1900.0403453733475,15.44587514465357,1000.8821468632827,2856939.284282405,-597550.4342518802,1729694.4250152623,1
602.3799999997422,phase0-forces,A,nominal,Kerbin,3531599999999.9995,600000.0,2630.0,0.0,0.0,340.0,462626.4856613886,2145.967949052782,0.0002446978760417551,967026.9236765315,2027.8870757464942,440488.21163316595,1898.5587379798164,15.44277273591121,1000.2073172960276,2856939.284296731,-597550.4342511365,1729694.4250227972,1
602.8999999997417,phase0-forces,A,nominal,Kerbin,3531599999999.9995,600000.0,2630.0,0.0,0.0,340.0,463740.11169747007,2144.346005873232,0.00024374786880798638,968013.7896620734,2035.9165102159714,441008.1442583356,1897.0802745596936,15.439667798499137,999.5338120540362,2856939.2842309796,-597550.4342511819,1729694.424989899,1
603.4199999997412,phase0-forces,A,nominal,Kerbin,3531599999999.9995,600000.0,2630.0,0.0,0.0,340.0,464852.89768565004,2142.7274523036795,0.00024280247453134507,968999.8876613851,2043.9443294657297,441527.727004009,1895.6049427894009,15.43656036370941,998.8616262187404,2856939.2841309034,-597550.4342512226,1729694.4249398403,1
603.9199999997408,phase0-forces,A,nominal,Kerbin,3531599999999.9995,600000.0,2630.0,0.0,0.0,340.0,465922.0936368692,2141.1743351289415,0.00024189265968743712,969947.3360799003,2051.661862006197,442026.9964813414,1894.1892964514468,15.43357011941393,998.2165333919327,2856939.284138309,-597550.4342508961,1729694.4249437063,1
604.4399999997403,phase0-forces,A,nominal,Kerbin,3531599999999.9995,600000.0,2630.0,0.0,0.0,340.0,467033.23691561515,2139.562392298272,0.00024095503613352776,970931.9323575274,2059.6865092067706,442545.8949109991,1892.7200720425465,15.430457875907287,997.546921399741,2856939.284196233,-597550.4342509992,1729694.4249726168,1
604.9599999997398,phase0-forces,A,nominal,Kerbin,3531599999999.9995,600000.0,2630.0,0.0,0.0,340.0,468143.54531377857,2137.9538003171974,0.00024002668214961886,971915.7654459896,2067.7095374168557,443064.44548202364,1891.2539431891473,15.427343226269391,996.878614347418,2856939.284170126,-597550.4342509478,1729694.4249595893,1
605.4799999997393,phase0-forces,A,nominal,Kerbin,3531599999999.9995,600000.0,2630.0,0.0,0.0,340.0,469253.02055903827,2136.348546268027,0.00023909642186481506,972898.8369484572,2075.7309453898233,443582.64887167205,1889.790897857503,15.424226200758397,996.2116074221138,2856939.284200192,-597550.434250393,1729694.4249748995,1
605.9999999997389,phase0-forces,A,nominal,Kerbin,3531599999999.9995,600000.0,2630.0,0.0,0.0,340.0,470361.66437706095,2134.746617261353,0.00023817908368073404,973881.1484672315,2083.750731900189,444100.50575412024,1888.3309240599092,15.421106829376239,995.545895783814,2856939.2841491546,-597550.434250344,1729694.4249494052,1
606.5199999997384,phase0-forces,A,nominal,Kerbin,3531599999999.9995,600000.0,2630.0,0.0,0.0,340.0,471469.4784845514,2133.1480005269464,0.0002372614835621789,974862.7015954899,2091.7688957307855,444618.0168018231,1886.8740098926396,15.417985141899324,994.8814746882888,2856939.2842123024,-597550.434249711,1729694.4249812956,1
607.0399999997379,phase0-forces,A,nominal,Kerbin,3531599999999.9995,600000.0,2630.0,0.0,0.0,340.0,472576.4645919753,2131.5526832983514,0.00023635396792087704,975843.4979202966,2099.785435688797,445135.18268546823,1885.4201434868096,15.414861167848736,994.2183393328435,2856939.284099685,-597550.4342499872,1729694.4249248488,1
607.5599999997374,phase0-forces,A,nominal,Kerbin,3531599999999.9995,600000.0,2630.0,0.0,0.0,340.0,473682.6244063936,2129.9606529417265,0.0002354477037442848,976823.5390263305,2107.800350592366,445652.0040726374,1883.9693130720202,15.411734936452499,993.5564850118664,2856939.2840028456,-597550.434250404,1729694.4248762208,1
608.079999999737,phase0-forces,A,nominal,Kerbin,3531599999999.9995,600000.0,2630.0,0.0,0.0,340.0,474787.95962362504,2128.37189687374,0.00023454404436051846,977802.826487204,2115.813639277611,446168.4816279537,1882.521506920787,15.408606476716795,992.8959070461805,2856939.283928981,-597550.434249937,1729694.424839522,1
608.5999999997365,phase0-forces,A,nominal,Kerbin,3531599999999.9995,600000.0,2630.0,0.0,0.0,340.0,475892.4719349691,2126.7864025843264,0.00023364668595604599,978781.3618724183,2123.825300587233,446684.6160140337,1881.076713396189,15.405475817407858,992.236600741482,2856939.2839323096,-597550.434249406,1729694.424841452,1
609.119999999736,phase0-forces,A,nominal,Kerbin,3531599999999.9995,600000.0,2630.0,0.0,0.0,340.0,476996.16302534565,2125.2041576164384,0.0002327561378479004,979759.1467459251,2131.8353333922964,447200.4078901598,1879.634920908275,15.402342987028385,991.5785614276097,2856939.283957804,-597550.434249252,1729694.424854276,1
609.6399999997356,phase0-forces,A,nominal,Kerbin,3531599999999.9995,600000.0,2630.0,0.0,0.0,340.0,478099.03457254963,2123.625149575285,0.0002318725746590644,980736.1826645497,2139.843736567392,447715.8579139382,1878.1961179185919,15.399208013870139,990.9217844697572,2856939.2838903875,-597550.4342494499,1729694.4248204688,1
610.1599999997351,phase0-forces,A,nominal,Kerbin,3531599999999.9995,600000.0,2630.0,0.0,0.0,340.0,479201.0882500063,2122.0493661690493,0.00023098711972124875,981712.4711811407,2147.8505090025483,448230.96674103977,1876.7602929847785,15.396070925928354,990.2662652712123,2856939.2839005343,-597550.4342500084,1729694.424825263,1
610.6599999997346,phase0-forces,A,nominal,Kerbin,3531599999999.9995,600000.0,2630.0,0.0,0.0,340.0,480259.9855076829,2120.537219392838,0.00023014617909211665,982650.5067421516,2155.5477897746814,448725.9425330541,1875.3824899075862,15.393052526730926,989.6371402247588,2856939.283925272,-597550.4342500732,1729694.4248375995,1
611.1599999997342,phase0-forces,A,nominal,Kerbin,3531599999999.9995,600000.0,2630.0,0.0,0.0,340.0,481318.1296124561,2119.028031812098,0.0002293068537255749,983587.8540841911,2163.2435608706137,449220.60405098635,1874.0074195803804,15.390032222479984,989.0091697609932,2856939.2839246066,-597550.4342502258,1729694.4248371904,1
611.6999999997337,phase0-forces,A,nominal,Kerbin,3531599999999.9995,600000.0,2630.0,0.0,0.0,340.0,482460.0810009469,2117.4014205766503,0.00022840574092697352,984599.4177804884,2171.5532968909606,449754.4861623715,1872.525401493123,15.386768182187195,988.332253843789,2856939.2839350174,-597550.4342502643,1729694.4248423765,1
612.1999999997332,phase0-forces,A,nominal,Kerbin,3531599999999.9995,600000.0,2630.0,0.0,0.0,340.0,483516.66325263446,2115.898353694287,0.00022757513215765357,985535.3379926502,2179.245924839742,450248.49583428365,1871.1559832377584,15.383743993042744,987.7066720340035,2856939.2839741106,-597550.4342501671,1729694.4248619718,1
612.7399999997327,phase0-forces,A,nominal,Kerbin,3531599999999.9995,600000.0,2630.0,0.0,0.0,340.0,484656.931253962,2114.2783278445017,0.00022668702877126634,986545.3635561008,2187.5522640937124,450781.6752911715,1869.680046146836,15.380475813070632,987.032326520804,2856939.2839509994,-597550.4342497208,1729694.4248506394,1
613.2399999997323,phase0-forces,A,nominal,Kerbin,3531599999999.9995,600000.0,2630.0,0.0,0.0,340.0,485711.9579664797,2112.781335551017,0.0002258647873532027,987479.8624958321,2195.241744914303,451275.0355939278,1868.3162370488442,15.377447842308488,986.4091161025649,2856939.2839543694,-597550.4342493376,1729694.4248525158,1
613.7799999997318,phase0-forces,A,nominal,Kerbin,3531599999999.9995,600000.0,2630.0,0.0,0.0,340.0,486850.54937354615,2111.1678455743972,0.0002249826502520591,988488.3562278774,2203.544683163644,451807.51506179845,1866.8463348799828,15.374175633310154,985.7373224424518,2856939.2839290933,-597550.4342489463,1729694.4248400736,1
614.2999999997313,phase0-forces,A,nominal,Kerbin,3531599999999.9995,600000.0,2630.0,0.0,0.0,340.0,487946.1504486196,2109.6173037696453,0.0002241412876173854,989458.748921453,2211.538434627345,452319.930532047,1865.4338182431177,15.371022680360316,985.0916555229622,2856939.283897604,-597550.434249037,1729694.4248242835,1
614.8199999997308,phase0-forces,A,nominal,Kerbin,3531599999999.9995,600000.0,2630.0,0.0,0.0,340.0,489040.9483568461,2108.069879213331,0.00022329784405883402,990428.4078538882,2219.530546066567,452832.01057141024,1864.024179714163,15.367867853342393,984.4472061645018,2856939.2839701353,-597550.4342491413,1729694.424860497,1
615.3399999997304,phase0-forces,A,nominal,Kerbin,3531599999999.9995,600000.0,2630.0,0.0,0.0,340.0,490134.9447092321,2106.5255602226594,0.00022246362641453743,991397.3345193593,2227.5210165132153,453343.75581255223,1862.6174084167546,15.364711178012664,983.8039699984236,2856939.2840162506,-597550.4342488315,1729694.4248837095,1
615.8599999997299,phase0-forces,A,nominal,Kerbin,3531599999999.9995,600000.0,2630.0,0.0,0.0,340.0,491228.141111688,2104.984335178651,0.00022163931862451136,992365.5304075854,2235.50984501283,453855.1668855105,1861.2134935504787,15.361552679916423,983.1619426485097,2856939.2839188767,-597550.4342490005,1729694.424834938,1
616.3799999997294,phase0-forces,A,nominal,Kerbin,3531599999999.9995,600000.0,2630.0,0.0,0.0,340.0,492320.53916332684,2103.4461925864853,0.00022080712369643152,993332.9970015431,2243.497030630655,454366.24441860465,1859.8124244061091,15.358392384344706,982.5211198313343,2856939.283994913,-597550.4342485925,1729694.4248731602,1
616.899999999729,phase0-forces,A,nominal,Kerbin,3531599999999.9995,600000.0,2630.0,0.0,0.0,340.0,493412.14045498613,2101.9111209183784,0.00021999224554747343,994299.7357769515,2251.482572433028,454876.9890360081,1858.4141902652566,15.35523031634469,981.8814972098293,2856939.283863424,-597550.4342481664,1729694.4248076286,1
617.4199999997285,phase0-forces,A,nominal,Kerbin,3531599999999.9995,600000.0,2630.0,0.0,0.0,340.0,494502.9465739024,2100.3791087837703,0.00021917566482443362,995265.748206032,2259.466469505503,455387.40136077,1857.0187805396704,15.352066500882923,981.2430704939593,2856939.2837082096,-597550.4342485974,1729694.4247298061,1
617.939999999728,phase0-forces,A,nominal,Kerbin,3531599999999.9995,600000.0,2630.0,0.0,0.0,340.0,495592.9591004653,2098.8501448586076,0.00021835739607922733,996231.0357544406,2267.4487209458284,455897.4820137157,1855.6261846759874,15.34890096258057,980.6058354696235,2856939.2837361405,-597550.4342483946,1729694.4247438728,1
618.4599999997275,phase0-forces,A,nominal,Kerbin,3531599999999.9995,600000.0,2630.0,0.0,0.0,340.0,496682.1796075674,2097.324217820989,0.00021754854242317379,997195.5998809135,2275.429325854881,456407.23161266063,1854.2363921524407,15.345733725880056,979.9697878671248,2856939.283731429,-597550.4342485716,1729694.4247414286,1
618.979999999727,phase0-forces,A,nominal,Kerbin,3531599999999.9995,600000.0,2630.0,0.0,0.0,340.0,497770.60966646485,2095.801316433403,0.0002167471538996324,998159.4420426218,2283.4082833705756,456916.6507747944,1852.8493925110342,15.34256481513207,979.3349234763205,2856939.2836849913,-597550.4342487789,1729694.4247181062,1
619.4999999997266,phase0-forces,A,nominal,Kerbin,3531599999999.9995,600000.0,2630.0,0.0,0.0,340.0,498858.25084021315,2094.2814295211333,0.00021594669669866562,999122.5636889313,2291.3855926210963,457425.74011454114,1851.4651753579274,15.339394254227065,978.7012380996737,2856939.2835863177,-597550.4342492423,1729694.4246685377,1
620.0199999997261,phase0-forces,A,nominal,Kerbin,3531599999999.9995,600000.0,2630.0,0.0,0.0,340.0,499945.10468412354,2092.764545997566,0.00021514901891350746,1000084.9662620793,2299.361252753761,457934.5002431813,1850.083730370014,15.336222067145558,978.0687275939655,2856939.2836151766,-597550.4342491841,1729694.4246829962,1
620.5399999997256,phase0-forces,A,nominal,Kerbin,3531599999999.9995,600000.0,2630.0,0.0,0.0,340.0,501031.17275272193,2091.2506547934086,0.00021435509552247822,1001046.6512037704,2307.3352629334067,458442.9317711592,1848.7050472571973,15.333048277483117,977.4373877902073,2856939.2836997514,-597550.434249146,1729694.4247253027,1
621.0599999997252,phase0-forces,A,nominal,Kerbin,3531599999999.9995,600000.0,2630.0,0.0,0.0,340.0,502116.45658952603,2089.7397449031787,0.00021356878278311342,1002007.6199448397,2315.307622331262,458951.03530610324,1847.329115776865,15.329872908717245,976.8072145657361,2856939.283754054,-597550.4342487247,1729694.4247526645,1
621.5799999997247,phase0-forces,A,nominal,Kerbin,3531599999999.9995,600000.0,2630.0,0.0,0.0,340.0,503200.95773640624,2088.231805376591,0.00021278858184814453,1002967.8739152998,2323.278330129803,459458.8114533753,1845.9559257499757,15.32669598406722,976.1782037953622,2856939.283715453,-597550.4342484591,1729694.424733497,1
622.0999999997242,phase0-forces,A,nominal,Kerbin,3531599999999.9995,600000.0,2630.0,0.0,0.0,340.0,504284.677728551,2086.7268253305547,0.00021201193158049136,1003927.4145387424,2331.247385532079,459966.26081619627,1844.5854670645012,15.32351752663537,975.5503513705389,2856939.2835751707,-597550.434249212,1729694.4246629793,1
622.6199999997237,phase0-forces,A,nominal,Kerbin,3531599999999.9995,600000.0,2630.0,0.0,0.0,340.0,505367.6180928678,2085.224793994851,0.00021123043552506715,1004886.2432305675,2339.214787741135,460473.3839956803,1843.2177296825703,15.320337559250202,974.9236532835645,2856939.2836915837,-597550.434249417,1729694.4247210834,1
623.1399999997233,phase0-forces,A,nominal,Kerbin,3531599999999.9995,600000.0,2630.0,0.0,0.0,340.0,506449.78035457083,2083.725700547538,0.0002104640007019043,1005844.3614044469,2347.180535979289,460980.18159253884,1841.8527035396714,15.317156104563638,974.2981054660835,2856939.2836924884,-597550.4342490912,1729694.4247216985,1
623.6599999997228,phase0-forces,A,nominal,Kerbin,3531599999999.9995,600000.0,2630.0,0.0,0.0,340.0,507531.1660315392,2082.2295342833877,0.00020970155310351402,1006801.7704683274,2355.144629481154,461486.65420226025,1840.4903786972131,15.313973185078316,973.6737038609442,2856939.283617439,-597550.4342496966,1729694.4246838714,1
624.1599999997223,phase0-forces,A,nominal,Kerbin,3531599999999.9995,600000.0,2630.0,0.0,0.0,340.0,508570.22900221497,2080.793663460475,0.0002089610497932881,1007721.688686245,2362.80085049096,461973.34117187647,1839.1829891959549,15.310911324973873,973.0743949687997,2856939.2836817023,-597550.4342489153,1729694.4247163935,1
624.6799999997219,phase0-forces,A,nominal,Kerbin,3531599999999.9995,600000.0,2630.0,0.0,0.0,340.0,509650.0957653795,2079.303208119869,0.00020820440840907395,1008677.710869791,2370.76169597468,462479.1780346172,1837.825934322568,15.307725596803003,972.4522301717514,2856939.283697956,-597550.4342484141,1729694.4247247707,1
625.1799999997214,phase0-forces,A,nominal,Kerbin,3531599999999.9995,600000.0,2630.0,0.0,0.0,340.0,510687.7010251023,2077.872808984842,0.0002074789081234485,1009596.2981289912,2378.4147925320826,462965.2548040067,1836.5235939099096,15.304661076777233,971.8550646470447,2856939.283664609,-597550.434248648,1729694.4247079804,1
625.699999999721,phase0-forces,A,nominal,Kerbin,3531599999999.9995,600000.0,2630.0,0.0,0.0,340.0,511766.0546504648,2076.3880239860932,0.0002067285095108673,1010550.9387871231,2386.3723871759266,463470.4581916241,1835.1717712877698,15.30147262435337,971.2351213567745,2856939.2837125533,-597550.434248875,1729694.4247318392,1
626.2199999997205,phase0-forces,A,nominal,Kerbin,3531599999999.9995,600000.0,2630.0,0.0,0.0,340.0,512843.63908346626,2074.9061142644973,0.0002059776015812531,1011504.8771874857,2394.3283234719433,463975.3395023718,1833.8226016788358,15.298282815064034,970.6163047914313,2856939.283758613,-597550.4342487978,1729694.4247549076,1
626.71999999972,phase0-forces,A,nominal,Kerbin,3531599999999.9995,600000.0,2630.0,0.0,0.0,340.0,513879.0539609436,2073.4839029060236,0.0002052676136372611,1012421.4646706709,2401.9766976669794,464460.49911156495,1832.5278161275737,15.295214431105538,970.0223477552505,2856939.2836754113,-597550.4342491783,1729694.4247131166,1
627.2399999997195,phase0-forces,A,nominal,Kerbin,3531599999999.9995,600000.0,2630.0,0.0,0.0,340.0,514955.13390486455,2072.007603034294,0.00020452550961636007,1013374.0295622539,2409.929379023793,464964.75035207026,1831.1838225083022,15.292022022313548,969.4057299594793,2856939.283682762,-597550.4342489813,1729694.4247168906,1
627.7599999997191,phase0-forces,A,nominal,Kerbin,3531599999999.9995,600000.0,2630.0,0.0,0.0,340.0,516030.4490385433,2070.534147838033,0.00020378940098453313,1014325.8962581825,2417.8803999880934,465468.6812402946,1829.8424534469032,15.288828319550149,968.7902273740182,2856939.283624201,-597550.4342484168,1729694.4246878922,1
628.2799999997186,phase0-forces,A,nominal,Kerbin,3531599999999.9995,600000.0,2630.0,0.0,0.0,340.0,517105.0008350797,2069.0635271158744,0.00020305327780079097,1015277.0661233105,2425.829759896523,465972.2923573488,1828.5036994664636,15.28563334361199,968.1758361433754,2856939.283697153,-597550.434248301,1729694.424724426,1
628.8199999997181,phase0-forces,A,nominal,Kerbin,3531599999999.9995,600000.0,2630.0,0.0,0.0,340.0,518220.07517552376,2067.539333234329,0.00020229650544933975,1016264.0833513096,2434.083105601706,466494.93529416964,1827.1162126728227,15.282314158597087,967.538986673474,2856939.283779064,-597550.4342480883,1729694.424765488,1
629.3399999997176,phase0-forces,A,nominal,Kerbin,3531599999999.9995,600000.0,2630.0,0.0,0.0,340.0,519293.0754684042,2066.0744589851715,0.0002015763457166031,1017213.8369521548,2442.0290774927294,466997.89635348355,1825.7827601483498,15.279116651283621,966.9268490482093,2856939.2837866386,-597550.434248373,1729694.4247691329,1
629.8599999997172,phase0-forces,A,nominal,Kerbin,3531599999999.9995,600000.0,2630.0,0.0,0.0,340.0,520365.3168561731,2064.6123884311737,0.00020086001313757151,1018162.8978299296,2449.973386358715,467500.5393870678,1824.4518940779863,15.275917933142523,966.3158112077143,2856939.2836724096,-597550.4342481456,1729694.424712132,1
630.3799999997167,phase0-forces,A,nominal,Kerbin,3531599999999.9995,600000.0,2630.0,0.0,0.0,340.0,521436.80078676995,2063.153111595711,0.0002001383836613968,1019111.267326514,2457.9160315843546,468002.8649653697,1823.1236051944989,15.272718024421158,965.7058693794004,2856939.283696034,-597550.4342481446,1729694.4247239446,1
630.9199999997162,phase0-forces,A,nominal,Kerbin,3531599999999.9995,600000.0,2630.0,0.0,0.0,340.0,522548.695471253,2061.640654984122,0.00019939951016567647,1020095.382229674,2466.1624016510755,468524.1753644266,1821.7469460993557,15.269393803517733,965.0736242763578,2856939.28370907,-597550.4342481104,1729694.42473048,1
631.4199999997157,phase0-forces,A,nominal,Kerbin,3531599999999.9995,600000.0,2630.0,0.0,0.0,340.0,523577.50205254066,2060.2428992232267,0.0001987134455703199,1021005.937528538,2473.7963286545764,469006.56603273965,1820.4747219280023,15.266314714937948,964.4892587561117,2856939.2838024446,-597550.434248115,1729694.4247771648,1
631.9399999997153,phase0-forces,A,nominal,Kerbin,3531599999999.9995,600000.0,2630.0,0.0,0.0,340.0,524646.722257243,2058.7919439100783,0.00019801105372607708,1021952.2408926878,2481.7339793037368,469507.9426536149,1819.1541091558654,15.263111353698566,963.8825825183138,2856939.2838350344,-597550.434247719,1729694.4247936576,1
632.4599999997148,phase0-forces,A,nominal,Kerbin,3531599999999.9995,600000.0,2630.0,0.0,0.0,340.0,525715.1907497759,2057.343742744562,0.00019730701751541346,1022897.858199337,2489.6699639153344,470009.00408341544,1817.8360367859595,15.259906880864563,963.2769873792815,2856939.2838369505,-597550.4342475762,1729694.4247946872,1
632.9599999997143,phase0-forces,A,nominal,Kerbin,3531599999999.9995,600000.0,2630.0,0.0,0.0,340.0,526741.8567254352,2055.9538298155594,0.00019663959392346442,1023806.4598521832,2497.299146664303,470490.4972037088,1816.571046774893,15.256824626711829,962.6957004447181,2856939.2837183047,-597550.4342483871,1729694.424734959,1
633.4799999997139,phase0-forces,A,nominal,Kerbin,3531599999999.9995,600000.0,2630.0,0.0,0.0,340.0,527808.8548351161,2054.511002728409,0.000195938948309049,1024750.7352562814,2505.23186161848,470990.9420036933,1815.2579311996976,15.253618029445892,962.0922152713314,2856939.283760707,-597550.4342481643,1729694.4247587307,1
633.9999999997134,phase0-forces,A,nominal,Kerbin,3531599999999.9995,600000.0,2630.0,0.0,0.0,340.0,528875.1054332412,2053.070901040041,0.00019524461822584271,1025694.3284943437,2513.162908870858,471491.07327036705,1813.9473292991029,15.250410377380192,961.489800366774,2856939.283859029,-597550.4342480319,1729694.4248054984,1
634.5399999997129,phase0-forces,A,nominal,Kerbin,3531599999999.9995,600000.0,2630.0,0.0,0.0,340.0,529981.5759894894,2051.5782851521913,0.00019453033746685833,1026673.4931525143,2521.3972306692153,472010.10909694445,1812.5889705955065,15.247078257960355,960.8653445660962,2856939.2839059895,-597550.434247947,1729694.4248290213,1
635.0399999997124,phase0-forces,A,nominal,Kerbin,3531599999999.9995,600000.0,2630.0,0.0,0.0,340.0,531005.3697212152,2050.1988354010123,0.00019387825159355998,1027579.473685098,2529.0199980952557,472490.3974231952,1811.3336307804957,15.243991984339194,960.2881668497195,2856939.2838437855,-597550.4342476592,1729694.4247980632,1
635.559999999712,phase0-forces,A,nominal,Kerbin,3531599999999.9995,600000.0,2630.0,0.0,0.0,340.0,532110.2951000652,2048.711829834076,0.00019317011174280196,1028521.0282347891,2536.9460390109043,472989.5914142141,1810.0305164401661,15.240781280594643,959.6889410318221,2856939.2838110733,-597550.4342478628,1729694.4247816051,1
636.0999999997115,phase0-forces,A,nominal,Kerbin,3531599999999.9995,600000.0,2630.0,0.0,0.0,340.0,533173.5411781836,2047.2826371979447,0.000192493389477022,1029498.0799076168,2545.1751602542095,473507.65566803544,1808.6799051917105,15.237446051011894,959.0677855948026,2856939.283739139,-597550.4342474453,1729694.4247458468,1
636.639999999711,phase0-forces,A,nominal,Kerbin,3531599999999.9995,600000.0,2630.0,0.0,0.0,340.0,534276.8976207061,2045.8013093961192,0.0001917883928399533,1030474.402968257,2553.4024801915134,474025.3848044873,1807.3319566507498,15.234109784837209,958.4477648233687,2856939.283767596,-597550.4342473719,1729694.424760112,1
637.1599999997105,phase0-forces,A,nominal,Kerbin,3531599999999.9995,600000.0,2630.0,0.0,0.0,340.0,535338.6357496493,2044.3775647277264,0.0001911194558488205,1031413.8786227778,2561.3233815908593,474523.62262876634,1806.0364396242962,15.230896123284536,957.8517764845182,2856939.2838110006,-597550.4342478305,1729694.424781585,1
637.67999999971,phase0-forces,A,nominal,Kerbin,3531599999999.9995,600000.0,2630.0,0.0,0.0,340.0,536399.6362291835,2042.95647843852,0.00019045289081986994,1032352.6812475272,2569.2426116453707,475021.5508113971,1804.7433739810085,15.227681537226882,957.2568331333891,2856939.283785243,-597550.4342477138,1729694.4247687648,1
638.1999999997096,phase0-forces,A,nominal,Kerbin,3531599999999.9995,600000.0,2630.0,0.0,0.0,340.0,537459.9004310591,2041.5380412538107,0.0001897901966003701,1033290.8121132286,2577.1601698789636,475519.1698937889,1803.4527511108613,15.224466044437179,956.6629312515322,2856939.2836825447,-597550.4342477907,1729694.424717377,1
638.7199999997091,phase0-forces,A,nominal,Kerbin,3531599999999.9995,600000.0,2630.0,0.0,0.0,340.0,538519.4297254253,2040.1222439739886,0.00018912590167019516,1034228.2724888287,2585.076055826847,476016.4804172925,1802.1645624615276,15.221249662602496,956.0700673716453,2856939.283718456,-597550.4342477967,1729694.4247353298,1
639.2199999997086,phase0-forces,A,nominal,Kerbin,3531599999999.9995,600000.0,2630.0,0.0,0.0,340.0,539537.5161101576,2038.7633814220226,0.00018849404295906425,1035129.0455678436,2592.6859071433146,476494.373129526,1800.9282071605694,15.218156165658685,955.5009815817536,2856939.2837408134,-597550.4342484894,1729694.424746162,1
639.7599999997082,phase0-forces,A,nominal,Kerbin,3531599999999.9995,600000.0,2630.0,0.0,0.0,340.0,540636.2890416777,2037.298532389003,0.00018781483231578022,1036101.1868170558,2600.9028090271727,477010.1779413481,1799.5954536906652,15.214814301667484,954.8874397310086,2856939.2838061117,-597550.4342480077,1729694.424779052,1
640.2799999997077,phase0-forces,A,nominal,Kerbin,3531599999999.9995,600000.0,2630.0,0.0,0.0,340.0,541693.6217777026,2035.890599856569,0.00018716098566073924,1037036.6432836009,2608.8136753965987,477506.5660136792,1798.314516632575,15.211595357187372,954.2976690842211,2856939.283867106,-597550.4342481556,1729694.4248094752,1
640.7999999997072,phase0-forces,A,nominal,Kerbin,3531599999999.9995,600000.0,2630.0,0.0,0.0,340.0,542750.225035162,2034.4852707402458,0.0001865179801825434,1037971.4342881192,2616.7228677018984,478002.64767175855,1797.0359798842696,15.208375592781723,953.7089226657275,2856939.2838513074,-597550.4342475528,1729694.4248018772,1
641.3399999997067,phase0-forces,A,nominal,Kerbin,3531599999999.9995,600000.0,2630.0,0.0,0.0,340.0,543846.6962182391,2033.028636419213,0.00018584486679174006,1038941.4757819477,2624.934487375358,478517.4856453486,1795.7108002847137,15.205031141597132,953.0986125629289,2856939.283930037,-597550.4342476749,1729694.4248411811,1
641.8599999997062,phase0-forces,A,nominal,Kerbin,3531599999999.9995,600000.0,2630.0,0.0,0.0,340.0,544901.8166239075,2031.6285864777558,0.0001852029818110168,1039874.9141219347,2632.8402658685377,479012.94433528313,1794.4371306776143,15.201809758173196,952.5119434522444,2856939.2840347043,-597550.434247549,1729694.4248935776,1
642.3999999997058,phase0-forces,A,nominal,Kerbin,3531599999999.9995,600000.0,2630.0,0.0,0.0,340.0,545996.7508076711,2030.177415086247,0.000184542965143919,1040843.5535972648,2641.0483395514307,479527.13652141235,1793.1169874862799,15.198463661808004,951.9037832768213,2856939.2840957185,-597550.4342473948,1729694.424924162,1
642.8999999997053,phase0-forces,A,nominal,Kerbin,3531599999999.9995,600000.0,2630.0,0.0,0.0,340.0,547009.8825465175,2028.836206365612,0.00018393414211459458,1041739.8069600483,2648.6467964953254,480002.9478288284,1791.8969083544036,15.195364701188625,951.3416436704199,2856939.284123846,-597550.4342472503,1729694.4249382978,1
643.4199999997048,phase0-forces,A,nominal,Kerbin,3531599999999.9995,600000.0,2630.0,0.0,0.0,340.0,548062.8307227567,2027.443858510905,0.0001833034766605124,1042671.2639209882,2656.54754784534,480497.4936830408,1790.6303392088994,15.192141060515747,950.7580063129664,2856939.284145372,-597550.4342469661,1729694.424949203,1
643.9399999997044,phase0-forces,A,nominal,Kerbin,3531599999999.9995,600000.0,2630.0,0.0,0.0,340.0,549115.0574742297,2026.0540604019259,0.00018267380073666573,1043602.0628774634,2664.446622719784,480991.7363074962,1789.3661205199562,15.188916700131474,950.1753728738546,2856939.28414353,-597550.4342467717,1729694.4249483792,1
644.4599999997039,phase0-forces,A,nominal,Kerbin,3531599999999.9995,600000.0,2630.0,0.0,0.0,340.0,550166.5641184167,2024.6668033193405,0.000182045521796681,1044532.205050007,2672.344020739003,481485.6762218046,1788.1042441888196,15.185691636130484,949.5937400524604,2856939.284222263,-597550.4342466822,1729694.4249877904,1
644.9799999997034,phase0-forces,A,nominal,Kerbin,3531599999999.9995,600000.0,2630.0,0.0,0.0,340.0,551217.3519698719,2023.2820785492372,0.00018142566841561347,1045461.6916549063,2680.2397415476858,481979.3139477183,1786.8447021202237,15.182465884452988,949.0131045528709,2856939.284246931,-597550.4342467228,1729694.4250001041,1
645.4999999997029,phase0-forces,A,nominal,Kerbin,3531599999999.9995,600000.0,2630.0,0.0,0.0,340.0,552267.4223340924,2021.8998774543145,0.00018080486916005611,1046390.5239012325,2688.133784786614,482472.65000092273,1785.5874862833866,15.179239461017774,948.4334631208106,2856939.2842717385,-597550.4342461477,1729694.4250127953,1
646.0199999997025,phase0-forces,A,nominal,Kerbin,3531599999999.9995,600000.0,2630.0,0.0,0.0,340.0,553316.7765187293,2020.5201914174584,0.00018018954142462462,1047318.7029996403,2696.026150118363,482965.6848987326,1784.3325886870816,15.176012381506292,947.8548124702945,2856939.284256278,-597550.4342461053,1729694.4250050865,1
646.539999999702,phase0-forces,A,nominal,Kerbin,3531599999999.9995,600000.0,2630.0,0.0,0.0,340.0,554365.4158227951,2019.1430118878482,0.00017957587260752916,1048246.23015257,2703.9168372027766,483458.419155565,1783.0800013860244,15.172784661479211,947.2771493698993,2856939.2842930853,-597550.434246378,1729694.4250233537,1
647.0599999997015,phase0-forces,A,nominal,Kerbin,3531599999999.9995,600000.0,2630.0,0.0,0.0,340.0,555413.3415416444,2017.7683303333617,0.00017896613280754536,1049173.106559197,2711.8058457065936,483950.8532840993,1781.8297164470796,15.169556316394475,946.7004706049142,2856939.2843139167,-597550.4342461684,1729694.425033874,1
647.599999999701,phase0-forces,A,nominal,Kerbin,3531599999999.9995,600000.0,2630.0,0.0,0.0,340.0,556500.8181975905,2016.3434112536422,0.0001783372281352058,1050134.9445689034,2719.9965006145426,484461.9100672405,1780.5337720791306,15.166203159070465,946.1026502834535,2856939.2842928553,-597550.4342459028,1729694.4250234764,1
648.1199999997006,phase0-forces,A,nominal,Kerbin,3531599999999.9995,600000.0,2630.0,0.0,0.0,340.0,557547.2932937203,2014.973795516879,0.00017773080617189407,1051060.4981514162,2727.8820864224226,484953.73397535336,1779.2881560871056,15.162973587236264,945.5279681002766,2856939.284371472,-597550.4342457671,1729694.4250599984,1
648.6599999997001,phase0-forces,A,nominal,Kerbin,3531599999999.9995,600000.0,2630.0,0.0,0.0,340.0,558633.2663054531,2013.5541189247926,0.00017710580141283572,1052020.9650246403,2736.0691863199977,485464.15816584765,1777.9970433634394,15.15961918868035,944.9322142756696,2856939.2843661564,-597550.4342453099,1729694.4250604233,1
649.1599999996996,phase0-forces,A,nominal,Kerbin,3531599999999.9995,600000.0,2630.0,0.0,0.0,340.0,559638.1157337371,2012.2419726646087,0.00017653343093115836,1052909.6651156226,2743.648219143254,485936.4865525633,1776.8037519830877,15.156512722014774,944.3815243925972,2856939.284313711,-597550.434245666,1729694.4250340224,1
649.6999999996991,phase0-forces,A,nominal,Kerbin,3531599999999.9995,600000.0,2630.0,0.0,0.0,340.0,560722.618829496,2010.8274045991768,0.00017591347568668425,1053868.7916821565,2751.8318298594577,486446.2922074495,1775.5173471966214,15.153157168261568,943.7877847899749,2856939.284299115,-597550.4342453153,1729694.4250269,1
650.1999999996987,phase0-forces,A,nominal,Kerbin,3531599999999.9995,600000.0,2630.0,0.0,0.0,340.0,561726.1096714763,2009.5199725167374,0.00017534240032546222,1054756.2530134562,2759.407631419276,486918.0488449374,1774.3284002105693,15.150049660355583,943.2389538951197,2856939.284337787,-597550.434245352,1729694.4250462174,1
650.7199999996982,phase0-forces,A,nominal,Kerbin,3531599999999.9995,600000.0,2630.0,0.0,0.0,340.0,562769.0491214984,2008.162635277386,0.0001747565547702834,1055678.5827460904,2767.284816687781,487408.38488977874,1773.0940997500998,15.146817342595744,942.669113252359,2856939.2842614315,-597550.4342455843,1729694.4250079235,1
651.2599999996977,phase0-forces,A,nominal,Kerbin,3531599999999.9995,600000.0,2630.0,0.0,0.0,340.0,563851.3572170462,2006.7556656822726,0.00017414384637959301,1056635.7079912974,2775.463191456261,487917.266652619,1771.8146971426802,15.14346017032323,942.0783705993697,2856939.28438533,-597550.4342457042,1729694.425069813,1
651.7999999996972,phase0-forces,A,nominal,Kerbin,3531599999999.9995,600000.0,2630.0,0.0,0.0,340.0,564932.9082476492,2005.3513084789067,0.00017354008741676807,1057592.1430099937,2783.6397532090773,488425.82969329064,1770.5377017918445,15.1401024692058,941.4886585875258,2856939.284337897,-597550.4342457977,1729694.4250460495,1
652.2999999996968,phase0-forces,A,nominal,Kerbin,3531599999999.9995,600000.0,2630.0,0.0,0.0,340.0,565933.6705817645,2004.0532991606158,0.00017297896556556225,1058477.116689711,2791.209026935889,488896.4376968506,1769.3574377710027,15.136993029000063,940.9435449180899,2856939.2843735013,-597550.4342458037,1729694.4250638487,1
652.8199999996963,phase0-forces,A,nominal,Kerbin,3531599999999.9995,600000.0,2630.0,0.0,0.0,340.0,566973.7773505806,2002.7057293883256,0.00017240215674974024,1059396.8638614626,2799.0794222381883,489385.581130838,1768.1321376811998,15.13375875826076,940.3775579891208,2856939.2843732256,-597550.4342454232,1729694.425063901,1
653.3399999996958,phase0-forces,A,nominal,Kerbin,3531599999999.9995,600000.0,2630.0,0.0,0.0,340.0,568013.185839283,2001.360557877459,0.0001718257844913751,1060315.9744534711,2806.9481356082138,489874.43049763446,1766.9090473633364,15.130524039412233,939.8125175881909,2856939.2843889114,-597550.434245136,1729694.4250718877,1
653.8599999996953,phase0-forces,A,nominal,Kerbin,3531599999999.9995,600000.0,2630.0,0.0,0.0,340.0,569051.8972862354,2000.0177766266936,0.00017125341400969774,1061234.4496110473,2814.815166813516,490362.9862896064,1765.6881593862915,15.127288886414581,939.2484206836763,2856939.284387749,-597550.4342448553,1729694.425071447,1
654.3799999996949,phase0-forces,A,nominal,Kerbin,3531599999999.9995,600000.0,2630.0,0.0,0.0,340.0,570089.9129267274,1998.6773776789646,0.00017068631132133305,1062152.2904774493,2822.680515627149,490851.24899616087,1764.469466360593,15.124053312949886,938.6852642596523,2856939.2843899955,-597550.4342443906,1729694.4250728025,1
654.8799999996944,phase0-forces,A,nominal,Kerbin,3531599999999.9995,600000.0,2630.0,0.0,0.0,340.0,571087.3498581294,1997.3907717775592,0.00017014099285006523,1063034.2326677917,2830.24176425312,491320.45642909285,1763.299709235297,15.120941800904856,938.1446518058524,2856939.2843476897,-597550.4342440625,1729694.4250518137,1
655.3999999996939,phase0-forces,A,nominal,Kerbin,3531599999999.9995,600000.0,2630.0,0.0,0.0,340.0,572124.0042217837,1996.0550228287989,0.00016957157640717924,1063950.832655442,2838.103812378913,491808.1456538208,1762.0853003693096,15.117705442432667,937.5833314242702,2856939.2843315606,-597550.434244322,1729694.4250436192,1
655.8999999996935,phase0-forces,A,nominal,Kerbin,3531599999999.9995,600000.0,2630.0,0.0,0.0,340.0,573120.1345004071,1994.7728735368019,0.00016903408686630428,1064831.5837907917,2845.6618868879877,492276.80256160063,1760.9196491192438,15.11459320048046,937.0444788890295,2856939.2843310353,-597550.434244034,1729694.4250435007,1
656.419999999693,phase0-forces,A,nominal,Kerbin,3531599999999.9995,600000.0,2630.0,0.0,0.0,340.0,574155.4322936882,1993.4417443977893,0.00016847487131599337,1065746.947254701,2853.5206335508688,492763.9201707619,1759.7094963753634,15.11135610863972,936.4849831100464,2856939.284337152,-597550.4342439639,1729694.4250465939,1
656.9399999996925,phase0-forces,A,nominal,Kerbin,3531599999999.9995,600000.0,2630.0,0.0,0.0,340.0,575190.0403036126,1992.1129589192672,0.00016791871166788042,1066661.6820006685,2861.377696830656,493250.74708305066,1758.5015027144766,15.10811866251565,935.9264131305862,2856939.2843079655,-597550.4342441704,1729694.4250318976,1
657.4599999996921,phase0-forces,A,nominal,Kerbin,3531599999999.9995,600000.0,2630.0,0.0,0.0,340.0,576223.9597410294,1990.7865093690152,0.0001673638034844771,1067575.789149061,2869.2330765482516,493737.2837787105,1757.2956609526084,15.104880875257404,935.3687660257573,2856939.284276931,-597550.4342440818,1729694.4250164246,1
657.9799999996916,phase0-forces,A,nominal,Kerbin,3531599999999.9995,600000.0,2630.0,0.0,0.0,340.0,577257.1918144887,1989.4623880492093,0.0001668113691266626,1068489.2698179437,2877.08677253234,494223.53073741484,1756.0919639463364,15.101642759876622,934.8120388674479,2856939.284275663,-597550.4342439052,1729694.4250158789,1
658.4999999996911,phase0-forces,A,nominal,Kerbin,3531599999999.9995,600000.0,2630.0,0.0,0.0,340.0,578289.7377268525,1988.140587293442,0.00016626266005914658,1069402.125120288,2884.9387846131276,494709.4884362295,1754.8904045859151,15.098404329249892,934.2562287309121,2856939.284285009,-597550.4342441913,1729694.4250204088,1
659.0199999996906,phase0-forces,A,nominal,Kerbin,3531599999999.9995,600000.0,2630.0,0.0,0.0,340.0,579321.5986787444,1986.8210994706287,0.00016571659944020212,1070314.356166512,2892.789112630118,495195.15735233534,1753.690975774895,15.095165596219774,933.7013327413629,2856939.2842934215,-597550.434243776,1729694.4250248228,1
659.5399999996902,phase0-forces,A,nominal,Kerbin,3531599999999.9995,600000.0,2630.0,0.0,0.0,340.0,580352.7758646214,1985.503916986223,0.00016517493349965662,1071225.964061809,2900.637756431928,495680.5379594509,1752.4936704729034,15.091926573457224,933.1473479962026,2856939.284280069,-597550.4342434027,1729694.4250183334,1
660.0599999996897,phase0-forces,A,nominal,Kerbin,3531599999999.9995,600000.0,2630.0,0.0,0.0,340.0,581383.2704760581,1984.1890322939428,0.00016463108477182686,1072136.9499089646,2908.4847158676225,496165.63072956464,1751.2984816761805,15.088687273550534,932.5942716265411,2856939.2843068973,-597550.4342430716,1729694.425031913,1
660.5799999996892,phase0-forces,A,nominal,Kerbin,3531599999999.9995,600000.0,2630.0,0.0,0.0,340.0,582413.0837018378,1982.8764378615392,0.00016409502131864429,1073047.3148068897,2916.329990798691,496650.4361363211,1750.1054023962206,15.085447708947964,932.0421007644723,2856939.284309189,-597550.4342430588,1729694.425033065,1
661.0999999996887,phase0-forces,A,nominal,Kerbin,3531599999999.9995,600000.0,2630.0,0.0,0.0,340.0,583442.2167266344,1981.566126199967,0.00016355856496375054,1073957.0598518609,2924.1735810899586,497134.95464920206,1748.9144256797508,15.082207892090606,931.4908325676156,2856939.2842655466,-597550.4342430766,1729694.425011235,1
661.5999999996883,phase0-forces,A,nominal,Kerbin,3531599999999.9995,600000.0,2630.0,0.0,0.0,340.0,584431.127347003,1980.3083569847383,0.00016304412565659732,1074831.231166349,2931.713906020043,497600.56771621114,1747.7712321534518,15.079092457093724,930.9616156271265,2856939.2842948986,-597550.4342427809,1729694.425026059,1
662.1199999996878,phase0-forces,A,nominal,Kerbin,3531599999999.9995,600000.0,2630.0,0.0,0.0,340.0,585458.9295522403,1979.0025014853957,0.00016251453780569136,1075739.763509414,2939.5541914597475,498084.5248359051,1746.5843596690738,15.07585218098989,930.4121098340465,2856939.2843131213,-597550.4342430735,1729694.4250350238,1
662.6199999996874,phase0-forces,A,nominal,Kerbin,3531599999999.9995,600000.0,2630.0,0.0,0.0,340.0,586446.5627122556,1977.7490033421873,0.00016200462414417416,1076612.7707754453,2947.09133842894,498549.598964424,1745.4450998009393,15.072736326864437,929.8845823119798,2856939.28432947,-597550.4342424537,1729694.425043508,1
663.1399999996869,phase0-forces,A,nominal,Kerbin,3531599999999.9995,600000.0,2630.0,0.0,0.0,340.0,587473.0386087813,1976.4475755764938,0.0001614817592781037,1077520.0945894988,2954.928318573332,499032.99648143747,1744.2623051609157,15.069495637984534,929.3368281189255,2856939.2842354756,-597550.4342423825,1729694.4249965465,1
663.6399999996864,phase0-forces,A,nominal,Kerbin,3531599999999.9995,600000.0,2630.0,0.0,0.0,340.0,588459.3986311713,1975.1983213251945,0.00016097592015285045,1078391.9418051927,2962.4622871743195,499497.53338889335,1743.1269537359633,15.066379409067398,928.8109796597737,2856939.2842590096,-597550.4342422305,1729694.4250083896,1
664.159999999686,phase0-forces,A,nominal,Kerbin,3531599999999.9995,600000.0,2630.0,0.0,0.0,340.0,589484.5527053641,1973.9012931830946,0.0001604514691280201,1079298.061239628,2970.295961624511,499980.37308574474,1741.948210859012,15.063138353215006,928.2649663635548,2856939.284296296,-597550.4342421904,1729694.4250270529,1
664.6799999996855,phase0-forces,A,nominal,Kerbin,3531599999999.9995,600000.0,2630.0,0.0,0.0,340.0,590509.0346222692,1972.606497225587,0.00015993486158549786,1080203.5682602888,2978.12795067764,500462.92908555834,1740.771523600382,15.059897127644982,927.719836490042,2856939.2842883733,-597550.4342421415,1729694.425023116,1
665.199999999685,phase0-forces,A,nominal,Kerbin,3531599999999.9995,600000.0,2630.0,0.0,0.0,340.0,591532.8455390313,1971.3139262377779,0.00015942021855153143,1081108.4639378157,2985.9582542549147,500945.2018471297,1739.5968852691851,15.056655743978878,927.1755872856883,2856939.284257766,-597550.434242334,1729694.4250077158,1
665.7199999996845,phase0-forces,A,nominal,Kerbin,3531599999999.9995,600000.0,2630.0,0.0,0.0,340.0,592555.9866040344,1970.0235730586644,0.0001589025487191975,1082012.7493343344,2993.786872276821,501427.19182672974,1738.4242892157715,15.053414213731779,926.632216033943,2856939.2843130273,-597550.4342423212,1729694.425035353,1
666.2399999996841,phase0-forces,A,nominal,Kerbin,3531599999999.9995,600000.0,2630.0,0.0,0.0,340.0,593578.4589651332,1968.7354305153883,0.00015839394473005086,1082916.4255109173,3001.6138046669757,501908.89948157704,1737.2537287865719,15.050172548280594,926.0897200001905,2856939.2842947436,-597550.4342422534,1729694.425026245,1
666.7599999996836,phase0-forces,A,nominal,Kerbin,3531599999999.9995,600000.0,2630.0,0.0,0.0,340.0,594600.2637652666,1967.4494915039713,0.00015788325981702656,1083819.4935246652,3009.4390513579333,502390.32526570285,1736.0851973945146,15.046930758977403,925.5480964712854,2856939.284270221,-597550.434242524,1729694.4250138486,1
667.2599999996831,phase0-forces,A,nominal,Kerbin,3531599999999.9995,600000.0,2630.0,0.0,0.0,340.0,595582.1398994832,1966.2150831385857,0.00015739475202281028,1084687.2556073826,3016.9617372727216,502852.9692777279,1734.9635168894024,15.04381354756492,925.028124922901,2856939.2843070845,-597550.4342431324,1729694.425031976,1
667.7999999996827,phase0-forces,A,nominal,Kerbin,3531599999999.9995,600000.0,2630.0,0.0,0.0,340.0,596641.8752329724,1964.8841957947416,0.00015687427367083728,1085623.8092710122,3025.0844874054824,503352.33303206804,1733.7541954746603,15.04044685379365,924.4674561694422,2856939.2842301205,-597550.4342434482,1729694.4249933362,1
668.2999999996822,phase0-forces,A,nominal,Kerbin,3531599999999.9995,600000.0,2630.0,0.0,0.0,340.0,597622.4730135556,1963.6539913344725,0.0001563882251502946,1086490.4068192982,3032.603931318107,503814.43713944615,1732.636385719558,15.03732945746834,923.9491497302542,2856939.2842335617,-597550.4342428979,1729694.4249953318,1
668.8199999996817,phase0-forces,A,nominal,Kerbin,3531599999999.9995,600000.0,2630.0,0.0,0.0,340.0,598641.6444014001,1962.3767124514784,0.00015588538371957839,1087391.075887989,3040.422499501811,504294.7507197343,1731.4758281717081,15.0340872870638,923.4109563181579,2856939.284305632,-597550.4342428831,1729694.4250313744,1
669.3399999996813,phase0-forces,A,nominal,Kerbin,3531599999999.9995,600000.0,2630.0,0.0,0.0,340.0,599660.1538439805,1961.1016022783967,0.0001553899928694591,1088291.1419865717,3048.2393817375573,504774.784662624,1730.3172673583151,15.03084504778382,922.8736221377754,2856939.284300928,-597550.4342434697,1729694.425028729,1
669.8399999996808,phase0-forces,A,nominal,Kerbin,3531599999999.9995,600000.0,2630.0,0.0,0.0,340.0,600638.8666445089,1959.8775735751542,0.0001549125008750707,1089156.0224938758,3055.754024698492,505236.09246576094,1729.20514361434,15.027727454923784,922.357762534736,2856939.2843414405,-597550.434243083,1729694.4250491788,1
670.3599999996803,phase0-forces,A,nominal,Kerbin,3531599999999.9995,600000.0,2630.0,0.0,0.0,340.0,601656.0809081092,1958.6066973700695,0.00015441894356627017,1090054.9088500494,3063.5675997890617,505715.57918350515,1728.0504808621288,15.024485111490682,921.8221061691845,2856939.2843867554,-597550.4342430367,1729694.4250718593,1
670.8599999996799,phase0-forces,A,nominal,Kerbin,3531599999999.9995,600000.0,2630.0,0.0,0.0,340.0,602633.5504080439,1957.3867270590677,0.00015394756337627769,1090918.6568972375,3071.0790627601227,506176.3616309783,1726.9420934523182,15.021367438295977,921.3078549810687,2856939.2843701486,-597550.4342428352,1729694.4250636566,1
671.3799999996794,phase0-forces,A,nominal,Kerbin,3531599999999.9995,600000.0,2630.0,0.0,0.0,340.0,603649.4737813973,1956.1200584384226,0.0001534535113023594,1091816.367475868,3078.889330631103,506655.3028307559,1725.7913042973025,15.018125031663176,920.7738663523671,2856939.2845125343,-597550.434243124,1729694.4251347051,1
671.9199999996789,phase0-forces,A,nominal,Kerbin,3531599999999.9995,600000.0,2630.0,0.0,0.0,340.0,604703.7763268857,1954.806931373954,0.0001529556029709056,1092747.9725620877,3086.998208841274,507152.37118617963,1724.598334164787,15.01475789952456,920.2202354811129,2856939.2844279897,-597550.4342434589,1729694.4250922655,1
672.4199999996785,phase0-forces,A,nominal,Kerbin,3531599999999.9995,600000.0,2630.0,0.0,0.0,340.0,605679.3522500719,1953.5931192465437,0.00015248774434439838,1093609.9959542872,3094.504808192375,507612.35330812103,1723.4956159124715,15.01164017858623,919.7084256203591,2856939.2844227427,-597550.4342436425,1729694.4250895502,1
672.939999999678,phase0-forces,A,nominal,Kerbin,3531599999999.9995,600000.0,2630.0,0.0,0.0,340.0,606693.3095504006,1952.332835201623,0.00015200798225123435,1094505.9158927212,3102.3100178796194,508090.46346304077,1722.3507041843177,15.008397752827197,919.1769683793677,2856939.2843795316,-597550.4342437786,1729694.4250678765,1
673.4599999996775,phase0-forces,A,nominal,Kerbin,3531599999999.9995,600000.0,2630.0,0.0,0.0,340.0,607706.6136913795,1951.0746659116514,0.00015152504784055054,1095401.2409833292,3110.1135415063113,508568.2974781658,1721.2077391378584,15.00515534116167,918.6463498035528,2856939.284360053,-597550.4342440879,1729694.4250579826,1
673.959999999677,phase0-forces,A,nominal,Kerbin,3531599999999.9995,600000.0,2630.0,0.0,0.0,340.0,608680.3296550531,1949.866875852469,0.000151065643876791,1096261.570465386,3117.6153395870247,509027.49325592257,1720.1105643305232,15.002037660356,918.1369281818667,2856939.284396658,-597550.4342438539,1729694.4250764023,1
674.4799999996766,phase0-forces,A,nominal,Kerbin,3531599999999.9995,600000.0,2630.0,0.0,0.0,340.0,609692.3557725528,1948.612835378441,0.00015058909775689244,1097155.731672379,3125.415555979696,509504.78687702,1718.9713998145567,14.99879530566984,917.6079473067841,2856939.284430762,-597550.4342438887,1729694.4250934366,1
675.0199999996761,phase0-forces,A,nominal,Kerbin,3531599999999.9995,600000.0,2630.0,0.0,0.0,340.0,610742.6180787499,1947.3127799832432,0.00015009730122983456,1098083.6572612757,3133.513996169855,510000.1470371582,1717.7904623005857,14.995428291628862,917.0595007116815,2856939.2844785303,-597550.4342435293,1729694.4251175006,1
675.5399999996756,phase0-forces,A,nominal,Kerbin,3531599999999.9995,600000.0,2630.0,0.0,0.0,340.0,611753.3204835868,1946.0630032679262,0.0001496252225479111,1098976.613036804,3141.3107757221987,510476.88083571807,1716.6552223487724,14.992186036750132,916.5322114517886,2856939.2845236044,-597550.4342438979,1729694.4251398533,1
676.0599999996751,phase0-forces,A,nominal,Kerbin,3531599999999.9995,600000.0,2630.0,0.0,0.0,340.0,612763.3751618701,1944.8153082282413,0.00014915750944055617,1099868.9789856123,3149.1058693188043,510953.34065977245,1715.521898395899,14.988943845742062,916.005748238203,2856939.284524589,-597550.434244119,1729694.4251402349,1
676.5799999996747,phase0-forces,A,nominal,Kerbin,3531599999999.9995,600000.0,2630.0,0.0,0.0,340.0,613772.7831890625,1943.5696883501157,0.0001486894761910662,1100760.7561026495,3156.8992769890865,511429.5269358243,1714.390484401879,14.985701728277245,915.4801085820313,2856939.2845419203,-597550.434244143,1729694.4251488887,1
677.0999999996742,phase0-forces,A,nominal,Kerbin,3531599999999.9995,600000.0,2630.0,0.0,0.0,340.0,614781.5456394728,1942.3261371240055,0.00014822761295363307,1101651.945380141,3164.6909987828535,511905.4400934409,1713.2609743261223,14.982459694041594,914.9552900047538,2856939.2844910473,-597550.4342436398,1729694.4251237037,1
677.6199999996737,phase0-forces,A,nominal,Kerbin,3531599999999.9995,600000.0,2630.0,0.0,0.0,340.0,615789.6635819587,1941.084648101474,0.0001477620389778167,1102542.5478059468,3172.4810347433745,512381.08055859024,1712.1333622026132,14.979217752564415,914.431290017746,2856939.28448152,-597550.4342439483,1729694.4251187858,1
678.1599999996732,phase0-forces,A,nominal,Kerbin,3531599999999.9995,600000.0,2630.0,0.0,0.0,340.0,616835.874265484,1939.7975853112341,0.00014727991947438568,1103466.784084183,3180.56890317824,512874.72671580187,1710.964382830773,14.97585122933263,913.8879999998704,2856939.284555721,-597550.434243793,1729694.425155964,1
678.6799999996728,phase0-forces,A,nominal,Kerbin,3531599999999.9995,600000.0,2630.0,0.0,0.0,340.0,617842.6817016818,1938.5602800994232,0.00014682354230899364,1104356.1932840515,3188.3555027914795,513349.8126216571,1709.8406211288166,14.97260950616849,913.3656611026892,2856939.2845642474,-597550.4342440083,1729694.4251601195,1
679.1999999996723,phase0-forces,A,nominal,Kerbin,3531599999999.9995,600000.0,2630.0,0.0,0.0,340.0,618848.8478593943,1937.3250176160063,0.00014636955165769905,1105245.0186167618,3196.1404167379324,513824.6271223709,1708.718739309781,14.969367904227598,912.8441333749149,2856939.2845660443,-597550.4342439772,1729694.4251610336,1
679.7399999996718,phase0-forces,A,nominal,Kerbin,3531599999999.9995,600000.0,2630.0,0.0,0.0,340.0,619893.0350992151,1936.0444003237185,0.00014589364582207054,1106167.4126023338,3204.2229663644616,514317.41690848314,1707.5556916113942,14.966001763608844,912.3034028554162,2856939.28459708,-597550.4342438034,1729694.4251766384,1
680.2599999996713,phase0-forces,A,nominal,Kerbin,3531599999999.9995,600000.0,2630.0,0.0,0.0,340.0,620897.8973026283,1934.8132822317466,0.00014544319128617644,1107055.0507635938,3212.0044443536717,514791.67946291174,1706.4376236622606,14.962760437521991,911.783521155307,2856939.284590528,-597550.4342435739,1729694.425173477,1
680.7799999996708,phase0-forces,A,nominal,Kerbin,3531599999999.9995,600000.0,2630.0,0.0,0.0,340.0,621902.1214270336,1933.5841876592626,0.00014499170356430113,1107942.1080140602,3219.784236897462,515265.6718885064,1705.3214177930608,14.959519260500725,911.264443268632,2856939.2845524265,-597550.4342437914,1729694.4251543176,1
681.2999999996704,phase0-forces,A,nominal,Kerbin,3531599999999.9995,600000.0,2630.0,0.0,0.0,340.0,622905.7085185559,1932.357110359938,0.00014454347547143698,1108828.5853207575,3227.5623440658974,515739.394601725,1704.2070682080844,14.956278241603249,910.7461668156363,2856939.2845950196,-597550.4342439835,1729694.425175518,1
681.7999999996699,phase0-forces,A,nominal,Kerbin,3531599999999.9995,600000.0,2630.0,0.0,0.0,340.0,623870.0963247519,1931.179124905652,0.000144114121212624,1109680.42132826,3235.0397039618297,516194.6432469118,1703.1373233876043,14.953162034733317,910.2485776427395,2856939.284611489,-597550.4342438959,1729694.4251837966,1
682.3399999996694,phase0-forces,A,nominal,Kerbin,3531599999999.9995,600000.0,2630.0,0.0,0.0,340.0,624910.9757695482,1929.908982625849,0.00014365253446158022,1110599.8039517375,3243.1135026340617,516686.03255543683,1701.9839147496195,14.94979671388176,909.7120086773134,2856939.2846399858,-597550.4342439328,1729694.4251980265,1
682.859999999669,phase0-forces,A,nominal,Kerbin,3531599999999.9995,600000.0,2630.0,0.0,0.0,340.0,625912.6580066073,1928.687919802923,0.0001432088465662673,1111484.547195789,3250.8865542156072,517158.94862451026,1700.8750993963322,14.946556222735172,909.1961222444388,2856939.284655339,-597550.4342441128,1729694.4252056133,1
683.3799999996685,phase0-forces,A,nominal,Kerbin,3531599999999.9995,600000.0,2630.0,0.0,0.0,340.0,626913.7073635936,1927.468849458147,0.0001427687966497615,1112368.7143330355,3258.657920791092,517631.59663828794,1699.768117336619,14.943315925078803,908.6810277686009,2856939.2846304956,-597550.4342438732,1729694.4251933112,1
683.899999999668,phase0-forces,A,nominal,Kerbin,3531599999999.9995,600000.0,2630.0,0.0,0.0,340.0,627914.1248705168,1926.2517654813114,0.00014233043475542217,1113252.3063145396,3266.4276024667024,518103.97700905934,1698.6629629153595,14.940075829410727,908.166722894917,2856939.2846713155,-597550.4342442241,1729694.4252135458,1
684.4199999996675,phase0-forces,A,nominal,Kerbin,3531599999999.9995,600000.0,2630.0,0.0,0.0,340.0,628913.9115553275,1925.0366617632778,0.00014189165085554123,1114135.3240907884,3274.1955993449096,518576.0901454161,1697.559630456669,14.936835944580482,907.6532053094322,2856939.2847120822,-597550.4342437795,1729694.4252341513,1
684.9199999996671,phase0-forces,A,nominal,Kerbin,3531599999999.9995,600000.0,2630.0,0.0,0.0,340.0,629874.6509633576,1923.8701546247753,0.0001414748840034008,1114983.8390213707,3281.663238372125,519029.79345100845,1696.5004468271993,14.933720877278862,907.1601786629687,2856939.2847211724,-597550.4342438494,1729694.4252386615,1
685.4399999996666,phase0-forces,A,nominal,Kerbin,3531599999999.9995,600000.0,2630.0,0.0,0.0,340.0,630873.2032341885,1922.6589176481928,0.0001410420227330178,1115865.7332124147,3289.427930785435,519501.3835844911,1695.400671911701,14.93048143028239,906.648198596199,2856939.2847290887,-597550.4342439561,1729694.4252425663,1
685.9599999996661,phase0-forces,A,nominal,Kerbin,3531599999999.9995,600000.0,2630.0,0.0,0.0,340.0,631871.1277077934,1921.4496430228942,0.00014061146066524088,1116747.055992302,3297.190938750802,519972.70769196225,1694.3027023633745,14.92724221892706,906.1369989558489,2856939.284728948,-597550.4342436612,1729694.4252426433,1
686.4799999996657,phase0-forces,A,nominal,Kerbin,3531599999999.9995,600000.0,2630.0,0.0,0.0,340.0,632868.4253957507,1920.242324758231,0.00014018274669069797,1117627.808295389,3304.9522623861358,520443.7661776592,1693.2065326322775,14.924003251621006,905.6265774430549,2856939.284711348,-597550.434243289,1729694.4252340295,1
686.9999999996652,phase0-forces,A,nominal,Kerbin,3531599999999.9995,600000.0,2630.0,0.0,0.0,340.0,633865.0973106679,1919.0369568855938,0.00013975804904475808,1118507.9910569943,3312.7119018286535,520914.5594461403,1692.112157192458,14.920764536474332,905.1169317606725,2856939.2846701704,-597550.4342434359,1729694.4252133672,1
687.5199999996647,phase0-forces,A,nominal,Kerbin,3531599999999.9995,600000.0,2630.0,0.0,0.0,340.0,634861.1444606096,1917.8335334731153,0.00013932831643614918,1119387.6052084577,3320.469857202815,521385.0878996906,1691.0195705429533,14.917526081759297,904.6080596425727,2856939.284659545,-597550.4342438009,1729694.425207872,1
688.0399999996642,phase0-forces,A,nominal,Kerbin,3531599999999.9995,600000.0,2630.0,0.0,0.0,340.0,635856.5678516603,1916.6320486147333,0.00013890463742427528,1120266.6516793417,3328.2261286513694,521855.3519396717,1689.9287672013572,14.914287895499083,904.0999588424836,2856939.2847341965,-597550.4342435437,1729694.4252453265,1
688.5599999996638,phase0-forces,A,nominal,Kerbin,3531599999999.9995,600000.0,2630.0,0.0,0.0,340.0,636851.3684843488,1915.4324964012078,0.00013848354865331203,1121145.1313928904,3335.9807163131627,522325.3519677994,1688.8397417017104,14.911049985815106,903.5926270764849,2856939.2847497584,-597550.4342438029,1729694.4252529778,1
689.0799999996633,phase0-forces,A,nominal,Kerbin,3531599999999.9995,600000.0,2630.0,0.0,0.0,340.0,637845.5473625101,1914.2348709672153,0.00013806505012325943,1122023.0452766493,3343.7336203371983,522795.0883843332,1687.7524886039355,14.907812360610226,903.0860621052213,2856939.2847214607,-597550.4342441098,1729694.4252386754,1
689.5999999996628,phase0-forces,A,nominal,Kerbin,3531599999999.9995,600000.0,2630.0,0.0,0.0,340.0,638839.1054788525,1913.0391664925942,0.00013764486357104033,1122900.3942480588,3351.484840867815,523264.56158482505,1686.6670025112148,14.904575027760476,902.5802617040522,2856939.284734075,-597550.4342441126,1729694.4252449812,1
690.1199999996624,phase0-forces,A,nominal,Kerbin,3531599999999.9995,600000.0,2630.0,0.0,0.0,340.0,639832.0438279589,1911.845377155594,0.00013722905714530498,1123777.179225228,3359.2343780674396,523733.77196777856,1685.5832780301816,14.901337995229587,902.0752236383585,2856939.284730302,-597550.434244075,1729694.4252431137,1
690.6399999996619,phase0-forces,A,nominal,Kerbin,3531599999999.9995,600000.0,2630.0,0.0,0.0,340.0,640824.3633986872,1910.6534971666547,0.00013681793643627316,1124653.4011215107,3366.982232086594,524202.7199282972,1684.5013097930728,14.898101270719168,901.5709456937474,2856939.2846818645,-597550.4342437087,1729694.4252190778,1
691.1399999996614,phase0-forces,A,nominal,Kerbin,3531599999999.9995,600000.0,2630.0,0.0,0.0,340.0,641777.9342150327,1909.5092539672198,0.00013642119301948696,1125495.3920137617,3374.430504557687,524653.3843195073,1683.4626069866026,14.894989333224832,901.0867778172551,2856939.2846615883,-597550.4342438309,1729694.4252088787,1
691.659999999661,phase0-forces,A,nominal,Kerbin,3531599999999.9995,600000.0,2630.0,0.0,0.0,340.0,642769.0428974973,1908.3211025415994,0.00013600877718999982,1126370.5120554608,3382.1750574407765,525121.8186746398,1682.3840682289451,14.89175323522772,900.5839844570805,2856939.284650422,-597550.4342439354,1729694.4252032433,1
692.1599999996605,phase0-forces,A,nominal,Kerbin,3531599999999.9995,600000.0,2630.0,0.0,0.0,340.0,643721.4512150993,1907.1804339140626,0.0001356143766315654,1127211.44514967,3389.6201560457066,525571.9899417998,1681.3486531848857,14.888641914294922,900.101240016894,2856939.2846859936,-597550.4342440958,1729694.4252209489,1
692.69999999966,phase0-forces,A,nominal,Kerbin,3531599999999.9995,600000.0,2630.0,0.0,0.0,340.0,644749.4136533886,1905.9504711132386,0.00013519103231374174,1128119.0718777855,3397.659115317668,526057.9040073393,1680.2322069806744,14.88528203876708,899.5806563839922,2856939.2847331846,-597550.4342437563,1729694.4252447141,1
693.1999999996596,phase0-forces,A,nominal,Kerbin,3531599999999.9995,600000.0,2630.0,0.0,0.0,340.0,645700.6404051168,1904.813425453865,0.00013480521738529205,1128958.929874699,3405.100978493815,526507.5739713707,1679.2001240661102,14.882171375114302,899.0993549662954,2856939.28464383,-597550.4342441196,1729694.4251998551,1
693.7199999996591,phase0-forces,A,nominal,Kerbin,3531599999999.9995,600000.0,2630.0,0.0,0.0,340.0,646689.3150553408,1903.6327374457362,0.00013439806934911758,1129831.8352099096,3412.8388663875503,526974.9756394839,1678.1284495836153,14.878936631032358,898.5995342854171,2856939.2847281448,-597550.4342440601,1729694.4252420424,1
694.2399999996586,phase0-forces,A,nominal,Kerbin,3531599999999.9995,600000.0,2630.0,0.0,0.0,340.0,647677.3777038578,1902.4539193975027,0.00013399479212239385,1130704.183722288,3420.5750723103924,527442.1175949676,1677.058494850885,14.875702247076035,898.1004586136568,2856939.284715918,-597550.434244003,1729694.4252359574,1
694.7799999996581,phase0-forces,A,nominal,Kerbin,3531599999999.9995,600000.0,2630.0,0.0,0.0,340.0,648702.7960353883,1901.2317354499926,0.00013357900024857372,1131609.4956977188,3428.6070445603095,527926.9520748912,1675.9492027147871,14.872343852723324,897.5829739863527,2856939.2847534264,-597550.4342434279,1729694.4252549992,1
695.2999999996576,phase0-forces,A,nominal,Kerbin,3531599999999.9995,600000.0,2630.0,0.0,0.0,340.0,649689.6141328008,1900.056711993389,0.0001331810635747388,1132480.7119098227,3436.339822432909,528393.5658126764,1674.8827376432198,14.869110225412676,897.0854103690385,2856939.2847952186,-597550.4342434539,1729694.4252758825,1
695.8199999996572,phase0-forces,A,nominal,Kerbin,3531599999999.9995,600000.0,2630.0,0.0,0.0,340.0,650675.8231558083,1898.8835415915921,0.00013278643018566072,1133351.3740019323,3444.07091891747,528859.921009237,1673.8179766543158,14.865876980160637,896.5885852819515,2856939.284786768,-597550.4342431141,1729694.4252718268,1
696.3399999996567,phase0-forces,A,nominal,Kerbin,3531599999999.9995,600000.0,2630.0,0.0,0.0,340.0,651661.4240643978,1897.7122187359143,0.00013238932297099382,1134221.4828603924,3451.800334212938,529326.0180487467,1672.7549146502695,14.86264412411483,896.092496599875,2856939.2847990408,-597550.4342429684,1729694.4252780362,1
696.8599999996562,phase0-forces,A,nominal,Kerbin,3531599999999.9995,600000.0,2630.0,0.0,0.0,340.0,652646.4178135507,1896.5427379276919,0.0001319951261393726,1135091.0393677612,3459.52806852592,529791.8573116045,1671.6935465389909,14.859411664290642,895.5971422080063,2856939.284807569,-597550.4342430998,1729694.4252822346,1
697.3799999996558,phase0-forces,A,nominal,Kerbin,3531599999999.9995,600000.0,2630.0,0.0,0.0,340.0,653630.8053572248,1895.3750936937167,0.00013160232629161328,1135960.044403727,3467.254122069893,530257.4391818937,1670.633867244589,14.856179607686244,895.1025200150643,2856939.284810842,-597550.434243116,1729694.425283863,1
697.8999999996553,phase0-forces,A,nominal,Kerbin,3531599999999.9995,600000.0,2630.0,0.0,0.0,340.0,654614.5876422925,1894.209280590708,0.0001312144595431164,1136828.498842724,3474.9784950458775,530722.7640381531,1669.5758717244871,14.852947961294031,894.6086279308095,2856939.2848162544,-597550.4342430055,1729694.4252866246,1
698.4199999996548,phase0-forces,A,nominal,Kerbin,3531599999999.9995,600000.0,2630.0,0.0,0.0,340.0,655597.7656190689,1893.0452931975299,0.00013082398800179362,1137696.4035621693,3482.701187677595,531187.8322606243,1668.519554952884,14.849716731943257,894.1154638804394,2856939.284870577,-597550.4342423802,1729694.4253140984,1
698.9399999996543,phase0-forces,A,nominal,Kerbin,3531599999999.9995,600000.0,2630.0,0.0,0.0,340.0,656580.3402299557,1891.8831261012956,0.0001304376492043957,1138563.7594321505,3490.4222001773715,531652.644226495,1667.4649119277628,14.846485926422645,893.6230257620857,2856939.2848885884,-597550.4342424113,1729694.4253230887,1
699.4599999996539,phase0-forces,A,nominal,Kerbin,3531599999999.9995,600000.0,2630.0,0.0,0.0,340.0,657562.3124157293,1890.7227739275127,0.000130053871544078,1139430.5673212311,3498.1415327730238,532117.2003123286,1666.4119376647277,14.843255551537384,893.1313115221456,2856939.2848940985,-597550.4342425053,1729694.4253257965,1
699.9599999996534,phase0-forces,A,nominal,Kerbin,3531599999999.9995,600000.0,2630.0,0.0,0.0,340.0,658505.94919951,1889.608757253186,0.00012968263763468713,1140263.5204805667,3505.5623839332025,532563.6478996634,1665.4010315151063,14.840149834171841,892.6591900995863,2856939.2848783033,-597550.4342428742,1729694.4253177145,1
700.4799999996529,phase0-forces,A,nominal,Kerbin,3531599999999.9995,600000.0,2630.0,0.0,0.0,340.0,659486.7424313114,1888.4519495764223,0.000129305015434511,1141129.2560006408,3513.278421986611,533027.7031584666,1664.3513161977407,14.836920323359047,892.1688897989868,2856939.284824593,-597550.4342432931,1729694.42529065,1
700.9799999996525,phase0-forces,A,nominal,Kerbin,3531599999999.9995,600000.0,2630.0,0.0,0.0,340.0,660429.2473348712,1887.341331242299,0.00012893516395706683,1141961.1796318134,3520.6961057491712,533473.6698750916,1663.3435345361681,14.833815449097603,891.6981241717417,2856939.284853555,-597550.4342432576,1729694.4253051486,1
701.519999999652,phase0-forces,A,nominal,Kerbin,3531599999999.9995,600000.0,2630.0,0.0,0.0,340.0,661446.5308678001,1886.1437263378457,0.00012854384840466082,1142859.0916343788,3528.7054606379156,533955.0497418512,1662.256843062641,14.830462659197797,891.1904406311539,2856939.284836589,-597550.4342429247,1729694.425296832,1
702.0399999996515,phase0-forces,A,nominal,Kerbin,3531599999999.9995,600000.0,2630.0,0.0,0.0,340.0,662425.5279298285,1884.9923002228686,0.00012816369417123497,1143723.1934626452,3536.416461713366,534418.3418101633,1661.2120754733623,14.827234518901777,890.7022877019608,2856939.284912,-597550.4342424107,1729694.4253347947,1
702.559999999651,phase0-forces,A,nominal,Kerbin,3531599999999.9995,600000.0,2630.0,0.0,0.0,340.0,663403.9281231102,1883.8426574338093,0.00012778844393324107,1144586.7524391613,3544.125784278649,534881.380223788,1660.1689473840233,14.824006848445629,890.2148465005835,2856939.2849731604,-597550.4342423149,1729694.4253654229,1
703.0799999996506,phase0-forces,A,nominal,Kerbin,3531599999999.9995,600000.0,2630.0,0.0,0.0,340.0,664381.7323684089,1882.6947927517833,0.00012741477985400707,1145449.7694136007,3551.833428579596,535344.1653521252,1659.1274539534816,14.82077965414392,889.7281150345658,2856939.285029452,-597550.4342419596,1729694.425393746,1
703.5999999996501,phase0-forces,A,nominal,Kerbin,3531599999999.9995,600000.0,2630.0,0.0,0.0,340.0,665358.9415876465,1881.5487009562053,0.00012704583059530705,1146312.2452363889,3559.5393948631277,535806.6975656562,1658.0875903551819,14.817552942313393,889.2420912805082,2856939.284970145,-597550.4342421802,1729694.4253639826,1
704.1199999996496,phase0-forces,A,nominal,Kerbin,3531599999999.9995,600000.0,2630.0,0.0,0.0,340.0,666335.5566959081,1880.4043769032269,0.0001266712206415832,1147174.1807527812,3567.243683382342,536268.9772297337,1657.049351815906,14.81432671917658,888.7567732777939,2856939.284998424,-597550.4342420226,1729694.4253782006,1
704.6399999996491,phase0-forces,A,nominal,Kerbin,3531599999999.9995,600000.0,2630.0,0.0,0.0,340.0,667311.5786061299,1879.2618154159193,0.0001263036101590842,1148035.5768050812,3574.9462943945746,536731.0047109049,1656.0127335497123,14.811100991063041,888.2721590193962,2856939.2849747934,-597550.4342423329,1729694.4253662303,1
705.1599999996487,phase0-forces,A,nominal,Kerbin,3531599999999.9995,600000.0,2630.0,0.0,0.0,340.0,668287.0082318857,1878.1210113639809,0.0001259367127204314,1148896.4342363114,3582.647228157029,537192.7803756439,1654.977730801038,14.807875764161,887.7882465401663,2856939.2849418325,-597550.4342426842,1729694.4253495743,1
705.6799999996482,phase0-forces,A,nominal,Kerbin,3531599999999.9995,600000.0,2630.0,0.0,0.0,340.0,669261.8464823589,1876.9819596439147,0.00012556964065879583,1149756.7538858047,3590.346484933487,537654.304587904,1653.944338841017,14.804651044551036,887.3050338817595,2856939.2849632925,-597550.4342427758,1729694.4253602584,1
706.1799999996477,phase0-forces,A,nominal,Kerbin,3531599999999.9995,600000.0,2630.0,0.0,0.0,340.0,670198.6341011294,1875.8883653890823,0.00012521809549070895,1150583.4779412611,3597.7480352210437,538097.8410754323,1652.9522073815951,14.801550836662278,886.8410644570226,2856939.2849773522,-597550.4342429395,1729694.4253672063,1
706.6799999996473,phase0-forces,A,nominal,Kerbin,3531599999999.9995,600000.0,2630.0,0.0,0.0,340.0,671134.876602021,1874.7963820418634,0.00012486848572734743,1151409.7063022994,3605.148035522566,538541.145739608,1651.9615566475445,14.79845110870006,886.3777385069334,2856939.285008102,-597550.4342428981,1729694.425382602,1
707.2199999996468,phase0-forces,A,nominal,Kerbin,3531599999999.9995,600000.0,2630.0,0.0,0.0,340.0,672145.4071497885,1873.61884421823,0.00012449310452211648,1152301.4770201326,3613.1382951828678,539019.654763332,1650.8933122167143,14.795103947787846,885.8780672231117,2856939.285040892,-597550.4342433958,1729694.4253987481,1
707.7399999996463,phase0-forces,A,nominal,Kerbin,3531599999999.9995,600000.0,2630.0,0.0,0.0,340.0,673117.9115233552,1872.4866845628767,0.0001241325808223337,1153159.6744200948,3620.8309111532417,539480.1863983921,1649.8662552891487,14.791881296997756,885.397607728376,2856939.2850784175,-597550.4342431827,1729694.4254176174,1
708.2599999996459,phase0-forces,A,nominal,Kerbin,3531599999999.9995,600000.0,2630.0,0.0,0.0,340.0,674089.8289917388,1871.3562521663025,0.00012377581151667982,1154017.3381629963,3628.521851481562,539940.4683745834,1648.8407859375918,14.788659183134783,884.9178383952826,2856939.2850539796,-597550.4342432248,1729694.4254053775,1
708.7799999996454,phase0-forces,A,nominal,Kerbin,3531599999999.9995,600000.0,2630.0,0.0,0.0,340.0,675061.1604481104,1870.2275420642234,0.00012341534602455795,1154874.4690736746,3636.2111164550806,540400.5010488031,1647.8168995607157,14.785437612001104,884.4387573214545,2856939.2851150176,-597550.4342429703,1729694.4254360236,1
709.2999999996449,phase0-forces,A,nominal,Kerbin,3531599999999.9995,600000.0,2630.0,0.0,0.0,340.0,676031.9067840294,1869.1005492579043,0.00012306276767048985,1155731.0679740156,3643.8987063535506,540860.2847804088,1646.7945915374742,14.78221658937887,883.96036256827,2856939.2850637166,-597550.4342432129,1729694.4254102518,1
709.8399999996444,phase0-forces,A,nominal,Kerbin,3531599999999.9995,600000.0,2630.0,0.0,0.0,340.0,677039.371159151,1867.9320229530922,0.00012269335275050253,1156620.0507677167,3651.8802001389604,541337.4893942296,1645.734629671173,14.778872267989108,883.4642924358657,2856939.2851419356,-597550.434242865,1729694.4254495353,1
710.359999999644,phase0-forces,A,nominal,Kerbin,3531599999999.9995,600000.0,2630.0,0.0,0.0,340.0,678008.927496973,1866.8085155335623,0.0001223416329594329,1157475.5677215697,3659.5643763499265,541796.7667660713,1644.7155249291181,14.775652381223026,882.9872908612372,2856939.285119944,-597550.4342432151,1729694.4254383643,1
710.8799999996435,phase0-forces,A,nominal,Kerbin,3531599999999.9995,600000.0,2630.0,0.0,0.0,340.0,678977.9014062381,1865.6867104584294,0.00012199285993119702,1158330.555149099,3667.2468783705235,542255.7962749854,1643.697984684874,14.772433060199237,882.5109698726478,2856939.2850791207,-597550.4342427333,1729694.4254181937,1
711.399999999643,phase0-forces,A,nominal,Kerbin,3531599999999.9995,600000.0,2630.0,0.0,0.0,340.0,679946.2937631982,1864.5666028498947,0.00012164294457761571,1159185.0138588203,3674.9277064881276,542714.5782726186,1642.6820044391307,14.769214310609678,882.0353275598911,2856939.2850302286,-597550.4342431192,1729694.4253935546,1
711.8999999996425,phase0-forces,A,nominal,Kerbin,3531599999999.9995,600000.0,2630.0,0.0,0.0,340.0,680876.892650709,1863.4911725694194,0.00012130397226428613,1160006.1109244924,3682.311539858609,543155.4817233218,1641.7065673074376,14.766119902990999,881.578617485015,2856939.285031061,-597550.4342430356,1729694.4253940128,1
712.439999999642,phase0-forces,A,nominal,Kerbin,3531599999999.9995,600000.0,2630.0,0.0,0.0,340.0,681881.3373404208,1862.331460608934,0.00012094393605366349,1160892.348372939,3690.2843422362143,543631.4011463111,1640.6547059265222,14.762778547496088,881.0860715415494,2856939.2850719374,-597550.4342429668,1729694.4254144852,1
712.9799999996416,phase0-forces,A,nominal,Kerbin,3531599999999.9995,600000.0,2630.0,0.0,0.0,340.0,682885.1577194191,1861.173563526195,0.0001205854132422246,1161778.0182681875,3698.2553404550686,544107.054790745,1639.6045123346114,14.759437825921431,880.5942514551402,2856939.285117051,-597550.434243132,1729694.4254369596,1
713.4999999996411,phase0-forces,A,nominal,Kerbin,3531599999999.9995,600000.0,2630.0,0.0,0.0,340.0,683851.2104180416,1860.0602617893335,0.0001202413986902684,1162630.349999427,3705.929411664774,544564.8408034397,1638.5947864212744,14.756221439584976,880.1213310275166,2856939.285113474,-597550.4342431455,1729694.4254351642,1
714.0199999996406,phase0-forces,A,nominal,Kerbin,3531599999999.9995,600000.0,2630.0,0.0,0.0,340.0,684816.6859665054,1858.9486331989726,0.00011990269558737054,1163482.1570744696,3713.601810514669,545022.3810715352,1637.5865979848763,14.753005652060875,879.6490799158935,2856939.2850332945,-597550.4342431796,1729694.4253950573,1
714.5199999996402,phase0-forces,A,nominal,Kerbin,3531599999999.9995,600000.0,2630.0,0.0,0.0,340.0,685744.4843647198,1857.8813330002715,0.000119570511742495,1164300.7083053596,3720.977540270712,545462.0922118076,1636.6186318563484,14.7499141183184,879.1956218072417,2856939.2850324023,-597550.4342432024,1729694.4253946,1
715.0399999996397,phase0-forces,A,nominal,Kerbin,3531599999999.9995,600000.0,2630.0,0.0,0.0,340.0,686708.830319826,1856.7729725626307,0.00011923386045964435,1165151.4885613716,3728.6466596196296,545919.1514503985,1635.6134464778752,14.746699520705029,878.7246782656562,2856939.284977755,-597550.4342435511,1729694.425367102,1
715.5399999996392,phase0-forces,A,nominal,Kerbin,3531599999999.9995,600000.0,2630.0,0.0,0.0,340.0,687635.5441626604,1855.7088060599733,0.00011890543828485534,1165969.0539345287,3736.019236594879,546358.4007026472,1634.6483597936995,14.743609140832898,878.27247406588,2856939.2849976616,-597550.4342435385,1729694.4253770616,1
716.0599999996388,phase0-forces,A,nominal,Kerbin,3531599999999.9995,600000.0,2630.0,0.0,0.0,340.0,688598.7638356313,1854.6036956041112,0.00011856680794153363,1166818.8104253937,3743.685077670701,546814.9802430663,1633.6461606449593,14.740395753259497,877.8028311024336,2856939.285051228,-597550.434243432,1729694.425403898,1
716.5799999996383,phase0-forces,A,nominal,Kerbin,3531599999999.9995,600000.0,2630.0,0.0,0.0,340.0,689561.4105931821,1853.5002350407544,0.00011823134263977408,1167668.0461662922,3751.34924794248,547271.3157402747,1632.6454774432975,14.73718299018109,877.3338484964502,2856939.285091641,-597550.4342429291,1729694.425424356,1
717.0799999996378,phase0-forces,A,nominal,Kerbin,3531599999999.9995,600000.0,2630.0,0.0,0.0,340.0,690486.4929855852,1852.4407668356052,0.0001179125756607391,1168484.1286365942,3758.7170670987202,547709.8700485718,1631.6847076415033,14.734094388621989,876.8835247317028,2856939.2850559824,-597550.434243017,1729694.4254064828,1
717.5999999996374,phase0-forces,A,nominal,Kerbin,3531599999999.9995,600000.0,2630.0,0.0,0.0,340.0,691448.0184261785,1851.3405290489509,0.00011757864558603615,1169332.3451925004,3766.377960987305,548165.727842014,1630.6869854954093,14.730882865289669,876.415832196768,2856939.2850451297,-597550.4342426211,1729694.4254012543,1
718.1399999996369,phase0-forces,A,nominal,Kerbin,3531599999999.9995,600000.0,2630.0,0.0,0.0,340.0,692445.921901545,1850.1997060778938,0.00011723531497409567,1170212.6367541528,3774.3317372428373,548638.8614022569,1629.652480401609,14.727548498759393,875.9308447627725,2856939.2849849653,-597550.4342427958,1729694.4253710848,1
718.6799999996364,phase0-forces,A,nominal,Kerbin,3531599999999.9995,600000.0,2630.0,0.0,0.0,340.0,693443.2112109622,1849.0606423459615,0.00011689211532939225,1171092.3701205014,3782.2837131315673,549111.7332594397,1628.6195915971362,14.724214827352862,875.4465617252459,2856939.284981201,-597550.4342432675,1729694.4253689668,1
719.1999999996359,phase0-forces,A,nominal,Kerbin,3531599999999.9995,600000.0,2630.0,0.0,0.0,340.0,694402.9842950855,1847.9654240684026,0.00011655952403089032,1171938.9940160112,3789.9394701603146,549566.8443561489,1627.6264810866774,14.721005287462031,874.9808790031002,2856939.2850346956,-597550.4342433214,1729694.425395687,1
719.7199999996354,phase0-forces,A,nominal,Kerbin,3531599999999.9995,600000.0,2630.0,0.0,0.0,340.0,695362.1895819539,1846.8718277700727,0.00011623394675552845,1172785.101882323,3797.5935583988994,550021.7134664676,1626.63486069207,14.717796402153464,874.5158458605099,2856939.285044635,-597550.4342432397,1729694.4254006979,1
720.239999999635,phase0-forces,A,nominal,Kerbin,3531599999999.9995,600000.0,2630.0,0.0,0.0,340.0,696320.8279092286,1845.7798488977658,0.0001159084276878275,1173630.6944918525,3805.245978187801,550476.34092746,1625.6447262027054,14.714588176270222,874.051460533756,2856939.2850194094,-597550.4342433667,1729694.4253880214,1
720.7599999996345,phase0-forces,A,nominal,Kerbin,3531599999999.9995,600000.0,2630.0,0.0,0.0,340.0,697278.9001148839,1844.6894829103167,0.00011558410915313289,1174475.7726170607,3812.896729875745,550930.7270767974,1624.6560734153798,14.711380614655427,873.5877212706589,2856939.284944903,-597550.4342436622,1729694.4253506204,1
721.259999999634,phase0-forces,A,nominal,Kerbin,3531599999999.9995,600000.0,2630.0,0.0,0.0,340.0,698199.5902863252,1843.6425709175296,0.00011527160677360371,1175287.8632705794,3820.251649101325,551367.4095789448,1623.7068391720363,14.708297051667431,873.1424257950091,2856939.2849584576,-597550.4342435913,1729694.425357433,1
721.7999999996335,phase0-forces,A,nominal,Kerbin,3531599999999.9995,600000.0,2630.0,0.0,0.0,340.0,699193.3494949616,1842.513571584318,0.00011493623605929315,1176164.3884897034,3828.1932303218205,551838.7767792065,1622.6831962718888,14.70496750319277,872.6621740054834,2856939.284963262,-597550.4342434916,1729694.4253598852,1
722.2999999996331,phase0-forces,A,nominal,Kerbin,3531599999999.9995,600000.0,2630.0,0.0,0.0,340.0,700112.9549405826,1841.4697398101357,0.00011462816473795101,1176975.493411558,3835.5449433189665,552274.9968158447,1621.7367915756986,14.701885240117852,872.2181126625121,2856939.284915582,-597550.4342437254,1729694.425335928,1
722.8199999996326,phase0-forces,A,nominal,Kerbin,3531599999999.9995,600000.0,2630.0,0.0,0.0,340.0,701068.7926080371,1840.3857191437144,0.00011430747690610588,1177818.5409263624,3843.189090170682,552728.430285839,1620.753967710103,14.69868035627286,871.7569157602761,2856939.2849472943,-597550.4342436721,1729694.425351811,1
723.3199999996322,phase0-forces,A,nominal,Kerbin,3531599999999.9995,600000.0,2630.0,0.0,0.0,340.0,701987.3372813272,1839.3448916821822,0.00011400468065403402,1178628.681925246,3850.537659918007,553164.1979953215,1619.8103227126817,14.695599385446076,871.3140583908189,2856939.2849243777,-597550.434243501,1729694.4253404383,1
723.8399999996317,phase0-forces,A,nominal,Kerbin,3531599999999.9995,600000.0,2630.0,0.0,0.0,340.0,702942.0733300783,1838.2639869597917,0.00011368518607923761,1179470.7284213651,3858.1785384807063,553617.161682351,1618.8303610322919,14.69239585437889,870.8541103178114,2856939.284964617,-597550.4342431615,1729694.4253607278,1
724.3599999996312,phase0-forces,A,nominal,Kerbin,3531599999999.9995,600000.0,2630.0,0.0,0.0,340.0,703896.2489842908,1837.184664204841,0.00011336855095578358,1180312.2657148242,3865.817751384823,554069.8863605156,1617.8518524443602,14.68919301967104,870.3947963655557,2856939.28493684,-597550.4342428837,1729694.4253469782,1
724.8799999996307,phase0-forces,A,nominal,Kerbin,3531599999999.9995,600000.0,2630.0,0.0,0.0,340.0,704849.8650631809,1836.1069190307533,0.00011305345833534375,1181153.2945607698,3873.4552989969447,554522.3723599326,1616.874792895845,14.685990885814505,869.9361148281665,2856939.2848962042,-597550.4342433041,1729694.42532645,1
725.3799999996303,phase0-forces,A,nominal,Kerbin,3531599999999.9995,600000.0,2630.0,0.0,0.0,340.0,705766.2766550092,1835.072109265602,0.00011275089491391554,1181961.4973547503,3880.7975246721926,554957.2302718252,1615.9366753022118,14.682912575975491,869.4956697396634,2856939.2849351084,-597550.4342430352,1729694.4253460367,1
725.8999999996298,phase0-forces,A,nominal,Kerbin,3531599999999.9995,600000.0,2630.0,0.0,0.0,340.0,706718.797474321,1833.9974458950621,0.00011244013148825616,1182801.5310456033,3888.4318068146417,555409.2490470392,1614.9624463490127,14.679711829727301,869.038223838641,2856939.284977309,-597550.4342430681,1729694.4253671204,1
726.4199999996293,phase0-forces,A,nominal,Kerbin,3531599999999.9995,600000.0,2630.0,0.0,0.0,340.0,707670.7611277394,1832.9243471935717,0.00011212839308427647,1183641.0585106057,3896.0644247591326,555861.0301130064,1613.9896544836204,14.676511797341346,868.5814053710149,2856939.285010991,-597550.4342432448,1729694.425383873,1
726.9399999996289,phase0-forces,A,nominal,Kerbin,3531599999999.9995,600000.0,2630.0,0.0,0.0,340.0,708622.1684256541,1831.852808823871,0.00011182074376847595,1184480.0804964565,3903.695378872298,556312.5737969242,1613.0182956903072,14.673312483175334,868.1252126652084,2856939.2849698816,-597550.434243294,1729694.4253632938,1
727.4599999996284,phase0-forces,A,nominal,Kerbin,3531599999999.9995,600000.0,2630.0,0.0,0.0,340.0,709573.020175166,1830.7828264943273,0.00011151063517900184,1185318.5977479722,3911.3246695290527,556763.8804222269,1612.0483659983372,14.670113891560515,867.669644062219,2856939.284960272,-597550.4342431083,1729694.4253585818,1
727.9799999996279,phase0-forces,A,nominal,Kerbin,3531599999999.9995,600000.0,2630.0,0.0,0.0,340.0,710523.3171811514,1829.7143959080668,0.00011120305862277746,1186156.6110065351,3918.9522971037914,557214.9503143945,1611.0798614354294,14.666916026715318,867.2146978947511,2856939.284951032,-597550.4342430672,1729694.4253539825,1
728.4999999996274,phase0-forces,A,nominal,Kerbin,3531599999999.9995,600000.0,2630.0,0.0,0.0,340.0,711473.0602476669,1828.6475127881906,0.00011089562758570537,1186994.121013925,3926.5782619871384,557665.7837960949,1610.1127780429003,14.663718892869616,866.7603725122881,2856939.2849346246,-597550.4342428899,1729694.4253458674,1
729.019999999627,phase0-forces,A,nominal,Kerbin,3531599999999.9995,600000.0,2630.0,0.0,0.0,340.0,712422.2501729326,1827.5821728774513,0.00011059300595661625,1187831.1285057093,3934.202564547132,558116.3811894597,1609.1471118899722,14.660522494167223,866.3066662538306,2856939.2848970527,-597550.4342434028,1729694.425326825,1
729.5199999996265,phase0-forces,A,nominal,Kerbin,3531599999999.9995,600000.0,2630.0,0.0,0.0,340.0,713334.4118994204,1826.5592589544353,0.00011030050518456846,1188635.4701920475,3941.532057411627,558549.4255708865,1608.2199196053336,14.657449731111674,865.8709925988801,2856939.284878511,-597550.4342431218,1729694.4253176947,1
730.039999999626,phase0-forces,A,nominal,Kerbin,3531599999999.9995,600000.0,2630.0,0.0,0.0,340.0,714282.5191352149,1825.4969338264868,0.00010999448568327352,1189471.4941176488,3949.153100382404,558999.5608010117,1607.2570220440537,14.65425478656163,865.4184960564662,2856939.284939207,-597550.4342431879,1729694.4253480097,1
730.5599999996256,phase0-forces,A,nominal,Kerbin,3531599999999.9995,600000.0,2630.0,0.0,0.0,340.0,715230.0755886841,1824.4361393884308,0.00010969563300022855,1190307.017702247,3956.7724821788834,559449.4608928701,1606.2955301363322,14.651060589407052,864.9666138032187,2856939.284933769,-597550.434243409,1729694.42534518,1
731.0599999996251,phase0-forces,A,nominal,Kerbin,3531599999999.9995,600000.0,2630.0,0.0,0.0,340.0,716140.6688866089,1823.4175843592775,0.00010940764332190156,1191109.9345985712,3964.097244624841,559881.8356858109,1605.3723406834752,14.647989954592427,864.5326894394298,2856939.284937844,-597550.4342435263,1729694.425347159,1
731.5799999996246,phase0-forces,A,nominal,Kerbin,3531599999999.9995,600000.0,2630.0,0.0,0.0,340.0,717087.1472566565,1822.3597802982135,0.0001091067970264703,1191944.4788628528,3971.7133690931173,560331.2754701038,1604.4135947914908,14.6447972351309,864.0820074568967,2856939.284970871,-597550.4342432838,1729694.4253637937,1
732.0999999996242,phase0-forces,A,nominal,Kerbin,3531599999999.9995,600000.0,2630.0,0.0,0.0,340.0,718033.0771827933,1821.30349457338,0.00010880776244448498,1192778.5249414407,3979.327833543032,560780.4810587274,1603.4562431296686,14.641605274925526,863.6319349750033,2856939.285004322,-597550.4342436178,1729694.4253803522,1
732.6199999996237,phase0-forces,A,nominal,Kerbin,3531599999999.9995,600000.0,2630.0,0.0,0.0,340.0,718978.4594509567,1820.2487230377242,0.00010851314436877146,1193612.0735590474,3986.9406383677174,561229.4527677929,1602.500281852862,14.638414077915698,863.1824704054453,2856939.285011774,-597550.4342434963,1729694.425384139,1
733.1399999996232,phase0-forces,A,nominal,Kerbin,3531599999999.9995,600000.0,2630.0,0.0,0.0,340.0,719923.2948445126,1819.1954615736277,0.00010821676551131532,1194445.1254376913,3994.5517839729923,561678.1909130686,1601.5457071572755,14.635223648040462,862.7336121451156,2856939.2850499623,-597550.4342434492,1729694.4254032567,1
733.6399999996228,phase0-forces,A,nominal,Kerbin,3531599999999.9995,600000.0,2630.0,0.0,0.0,340.0,720831.2754142876,1818.1841303942244,0.0001079352805390954,1195245.6690820968,4001.8686288572726,562109.4499299064,1600.6291509295115,14.632156654033631,862.3025879607026,2856939.2850309378,-597550.4342430704,1729694.4253939337,1
734.1799999996223,phase0-forces,A,nominal,Kerbin,3531599999999.9995,600000.0,2630.0,0.0,0.0,340.0,721811.3281303493,1817.0934524128197,0.00010762835154309869,1196109.741856456,4009.7690991204026,562574.9677701376,1599.6407022924345,14.628845105043952,861.8377081920933,2856939.2850768194,-597550.4342429175,1729694.425416951,1
734.6999999996218,phase0-forces,A,nominal,Kerbin,3531599999999.9995,600000.0,2630.0,0.0,0.0,340.0,722754.5275772463,1816.0446965482424,0.00010733859380707145,1196941.3078289416,4017.3752694678487,563023.0071096483,1598.6902645716677,14.625656999531493,861.3906593306554,2856939.28508786,-597550.4342428212,1729694.4254225194,1
735.2399999996213,phase0-forces,A,nominal,Kerbin,3531599999999.9995,600000.0,2630.0,0.0,0.0,340.0,723733.4284011878,1814.95718486587,0.00010703606676543131,1197804.3343896216,4025.272230362799,563488.0328522244,1597.7047230999037,14.622347102809734,860.927051291634,2856939.285083412,-597550.4342429087,1729694.4254202517,1
735.7599999996208,phase0-forces,A,nominal,Kerbin,3531599999999.9995,600000.0,2630.0,0.0,0.0,340.0,724675.5202256194,1813.91146961253,0.00010674668737920001,1198634.8943784186,4032.8750221567966,563935.5989672126,1596.7570770815007,14.619160596188447,860.4812238076399,2856939.285076058,-597550.4342424616,1729694.425416798,1
736.2799999996204,phase0-forces,A,nominal,Kerbin,3531599999999.9995,600000.0,2630.0,0.0,0.0,340.0,725617.0698621762,1812.8672398454862,0.0001064573516487144,1199464.961947676,4040.4761571779645,564382.9334080413,1595.810794909286,14.615974879514317,860.0359931039549,2856939.285055031,-597550.4342423554,1729694.4254063377,1
736.7799999996199,phase0-forces,A,nominal,Kerbin,3531599999999.9995,600000.0,2630.0,0.0,0.0,340.0,726521.8954554871,1811.864569919707,0.00010617903899401426,1200262.6401235156,4047.7833788123035,564812.8444859103,1594.9021909304784,14.612912438827848,859.6084480073125,2856939.28507698,-597550.4342425549,1729694.4254172125,1
737.3199999996194,phase0-forces,A,nominal,Kerbin,3531599999999.9995,600000.0,2630.0,0.0,0.0,340.0,727498.5456368467,1810.783220747326,0.00010588463919702917,1201123.6226526997,4055.6734585297468,565276.9085027231,1593.9223072834761,14.60960583084213,859.1473158321836,2856939.2850434827,-597550.4342429863,1729694.4254002483,1
737.839999999619,phase0-forces,A,nominal,Kerbin,3531599999999.9995,600000.0,2630.0,0.0,0.0,340.0,728438.4733069865,1809.743423437348,0.00010559647489571944,1201952.2172002224,4063.269625693686,565723.5497746364,1592.9800944453407,14.606422506076061,858.7038661827601,2856939.2850785097,-597550.4342430962,1729694.4254177068,1
738.3399999996185,phase0-forces,A,nominal,Kerbin,3531599999999.9995,600000.0,2630.0,0.0,0.0,340.0,729341.7414791933,1808.745004202719,0.00010532565647736192,1202748.4810016414,4070.5720717177473,566152.7952153799,1592.0753928462673,14.603362375501826,858.2780292708344,2856939.2850431097,-597550.4342430154,1729694.425400047,1
738.879999999618,phase0-forces,A,nominal,Kerbin,3531599999999.9995,600000.0,2630.0,0.0,0.0,340.0,730316.7120207353,1807.6682334350082,0.00010502986697247252,1203607.9381946274,4078.456995077589,566616.1413029782,1591.0997123556106,14.600058273530733,857.8187371527542,2856939.2850716757,-597550.4342431381,1729694.4254142689,1
739.3999999996175,phase0-forces,A,nominal,Kerbin,3531599999999.9995,600000.0,2630.0,0.0,0.0,340.0,731255.0245849187,1806.632832861299,0.00010474811278982088,1204435.0660423425,4086.0481981379376,567062.0921735936,1590.1615358166684,14.596877372839227,857.3770547154732,2856939.285092012,-597550.43424316,1729694.425424426,1
739.9199999996171,phase0-forces,A,nominal,Kerbin,3531599999999.9995,600000.0,2630.0,0.0,0.0,340.0,732192.8002962326,1805.5988899946533,0.00010446694795973599,1205261.706386798,4093.6377473463162,567507.8135221532,1589.2246974328805,14.593697287147494,856.9359582948919,2856939.285067355,-597550.4342432376,1729694.4254120586,1
740.4399999996166,phase0-forces,A,nominal,Kerbin,3531599999999.9995,600000.0,2630.0,0.0,0.0,340.0,733166.0768890164,1804.5267188112325,0.00010417560406494886,1206087.8599218107,4101.2256431191645,567953.3056526105,1588.2891936052952,14.590518019997516,856.4954463908864,2856939.2851075474,-597550.4342429916,1729694.4254322778,1
740.9799999996161,phase0-forces,A,nominal,Kerbin,3531599999999.9995,600000.0,2630.0,0.0,0.0,340.0,734102.7605773599,1803.4957353615039,0.0001038977425196208,1206945.274081437,4109.1036314479215,568415.6898080518,1587.3191175321952,14.587217343302543,856.0386087520374,2856939.2850898174,-597550.4342430988,1729694.4254233593,1
741.4999999996156,phase0-forces,A,nominal,Kerbin,3531599999999.9995,600000.0,2630.0,0.0,0.0,340.0,735038.9096976728,1802.466197806319,0.00010362104512751102,1207770.4374194224,4116.688158082421,568860.7156247101,1586.3863230020302,14.584039755153803,855.5992836666512,2856939.2850904833,-597550.4342429996,1729694.4254237418,1
742.0199999996152,phase0-forces,A,nominal,Kerbin,3531599999999.9995,600000.0,2630.0,0.0,0.0,340.0,735974.5249991645,1801.4381022788978,0.0001033443768392317,1208595.116049741,4124.271032592888,569305.513143783,1585.4548521301926,14.580862995785086,855.1605385150344,2856939.285084659,-597550.4342430022,1729694.4254208282,1
742.5399999996147,phase0-forces,A,nominal,Kerbin,3531599999999.9995,600000.0,2630.0,0.0,0.0,340.0,736909.607226006,1800.411444938203,0.0001030685962177813,1209419.310658044,4131.8522554059455,569750.0826656853,1584.524701362328,14.577687068526133,854.7223718125236,2856939.285090508,-597550.4342428109,1729694.4254238484,1
743.0599999996142,phase0-forces,A,nominal,Kerbin,3531599999999.9995,600000.0,2630.0,0.0,0.0,340.0,737844.1571217319,1799.386221946909,0.00010279296839144081,1210243.0219296864,4139.431826951354,570194.4244899354,1583.5958671565609,14.574511976755195,854.2847820590448,2856939.2850715388,-597550.4342429944,1729694.4254142721,1
743.5799999996137,phase0-forces,A,nominal,Kerbin,3531599999999.9995,600000.0,2630.0,0.0,0.0,340.0,738778.1754298345,1798.3624294939332,0.00010252047650283203,1211066.2505493145,4147.009747663864,570638.5389174256,1582.668345982623,14.571337723692789,853.8477677882004,2856939.2850682964,-597550.4342428796,1729694.4254127084,1
744.1199999996132,phase0-forces,A,nominal,Kerbin,3531599999999.9995,600000.0,2630.0,0.0,0.0,340.0,739747.5556631235,1797.3007704476256,0.00010223966091871262,1211920.6316846907,4154.877380042712,571099.494305722,1581.7065368991093,14.568042275077065,853.3945527870019,2856939.285013323,-597550.434243105,1729694.4253851091,1
744.6599999996128,phase0-forces,A,nominal,Kerbin,3531599999999.9995,600000.0,2630.0,0.0,0.0,340.0,740716.3642565957,1796.2406457663833,0.00010195389040745795,1212774.4938244885,4162.743233130715,571560.2051253705,1580.7461360948905,14.564747738042206,852.9419551456215,2856939.2850509337,-597550.4342435035,1729694.425403715,1
745.1599999996123,phase0-forces,A,nominal,Kerbin,3531599999999.9995,600000.0,2630.0,0.0,0.0,340.0,741612.9002730928,1795.260413231049,0.00010169754386879504,1213564.644822821,4170.0248443819855,571986.5714403067,1579.8581283343715,14.561698056658212,852.5234322879576,2856939.285009646,-597550.4342433744,1729694.4253831357,1
745.6799999996118,phase0-forces,A,nominal,Kerbin,3531599999999.9995,600000.0,2630.0,0.0,0.0,340.0,742544.7792942885,1794.2423594089164,0.00010142532119061798,1214385.9311889557,4177.596102748839,572429.7705670845,1578.9358741672659,14.558527223259706,852.0887270994822,2856939.285025808,-597550.4342431764,1729694.425391316,1
746.1999999996114,phase0-forces,A,nominal,Kerbin,3531599999999.9995,600000.0,2630.0,0.0,0.0,340.0,743476.1304358288,1793.2257171117155,0.0001011586282402277,1215206.7383189616,4185.1657125002685,572872.7437947956,1578.0149154595515,14.555357244643378,851.654590003184,2856939.2850331496,-597550.434243219,1729694.4253949653,1
746.7199999996109,phase0-forces,A,nominal,Kerbin,3531599999999.9995,600000.0,2630.0,0.0,0.0,340.0,744406.9544283203,1792.2104826084328,0.00010089032730320469,1216027.066886082,4192.733674087432,573315.4914181215,1577.0952487619047,14.552188123864662,851.2210195507305,2856939.2850298737,-597550.4342433881,1729694.4253932429,1
747.2399999996104,phase0-forces,A,nominal,Kerbin,3531599999999.9995,600000.0,2630.0,0.0,0.0,340.0,745337.2520036213,1791.196652171774,0.00010062852379633114,1216846.917564212,4200.299987960541,573758.0137332657,1576.176870624769,14.549019863970138,850.7880143019643,2856939.284962695,-597550.4342432872,1729694.425359704,1
747.7599999996099,phase0-forces,A,nominal,Kerbin,3531599999999.9995,600000.0,2630.0,0.0,0.0,340.0,746267.0238829772,1790.1842221230684,0.00010036181629402563,1217666.2910178103,4207.864654559968,574200.3110315311,1575.2597776519199,14.545852468050274,850.3555728202041,2856939.2849397985,-597550.4342433934,1729694.4253482027,1
748.2799999996095,phase0-forces,A,nominal,Kerbin,3531599999999.9995,600000.0,2630.0,0.0,0.0,340.0,747196.2707926475,1789.1731887719657,0.00010009672405431047,1218485.1879160944,4215.427674332364,574642.3836058555,1574.3439664290709,14.542685939070198,849.9236936775574,2856939.2849528175,-597550.4342433228,1729694.4253547473,1
748.799999999609,phase0-forces,A,nominal,Kerbin,3531599999999.9995,600000.0,2630.0,0.0,0.0,340.0,748124.9934582748,1788.1635484438773,9.983163909055293e-05,1219303.6089272157,4222.989047745487,575084.2317499614,1573.4294335606987,14.539520280059294,849.492375444467,2856939.285015485,-597550.4342432276,1729694.4253861285,1
749.3199999996085,phase0-forces,A,nominal,Kerbin,3531599999999.9995,600000.0,2630.0,0.0,0.0,340.0,749053.1925979778,1787.1552974654219,9.957217116607353e-05,1220121.554712684,4230.548775240394,575525.8557539877,1572.5161756521923,14.536355494005226,849.0616166921434,2856939.285025498,-597550.4342431315,1729694.4253911832,1
749.839999999608,phase0-forces,A,nominal,Kerbin,3531599999999.9995,600000.0,2630.0,0.0,0.0,340.0,749980.8689301664,1786.1484322005817,9.930761734722182e-05,1220939.0259342913,4238.1068572683125,575967.2559081264,1571.6041893457536,14.533191583754517,848.6314160021783,2856939.2850395557,-597550.4342433645,1729694.4253980955,1
750.3799999996075,phase0-forces,A,nominal,Kerbin,3531599999999.9995,600000.0,2630.0,0.0,0.0,340.0,750943.6725338388,1785.1043041370087,9.904040780384094e-05,1221787.4367710045,4245.953893646441,576425.3963725814,1570.658468943021,14.529906914804021,848.1852582962556,2856939.2850467553,-597550.4342435683,1729694.4254015936,1
750.8799999996071,phase0-forces,A,nominal,Kerbin,3531599999999.9995,600000.0,2630.0,0.0,0.0,340.0,751834.6560389372,1784.1388442902005,9.879105346044526e-05,1222572.547325946,4253.218086775422,576849.385826808,1569.784018103548,14.52686640245553,847.7726831907105,2856939.2850397974,-597550.4342434239,1729694.4253981868,1
751.3999999996066,phase0-forces,A,nominal,Kerbin,3531599999999.9995,600000.0,2630.0,0.0,0.0,340.0,752760.768245491,1783.1361144182724,9.853270603343844e-05,1223388.598812732,4260.77123517113,577290.1161700527,1568.8758264927737,14.523705137115726,847.3441482528808,2856939.285017085,-597550.4342436943,1729694.4253866952,1
751.9199999996061,phase0-forces,A,nominal,Kerbin,3531599999999.9995,600000.0,2630.0,0.0,0.0,340.0,753686.3605011448,1782.1347558178513,9.82739802566357e-05,1224204.1783669733,4268.3227399368025,577730.623817595,1567.968893130428,14.520544759107544,846.9161657739165,2856939.2850218867,-597550.4342436465,1729694.4253891201,1
752.4399999996057,phase0-forces,A,nominal,Kerbin,3531599999999.9995,600000.0,2630.0,0.0,0.0,340.0,754611.4335170672,1781.1347649059894,9.801905252970755e-05,1225019.2866428727,4275.872601537102,578170.9090585986,1567.0632147094166,14.517385271209928,846.4887343527913,2856939.2850304884,-597550.4342438199,1729694.4253933344,1
752.9599999996052,phase0-forces,A,nominal,Kerbin,3531599999999.9995,600000.0,2630.0,0.0,0.0,340.0,755535.9879999866,1780.1361381205465,9.776205843081698e-05,1225833.9242919313,4283.420820435621,578610.9721775235,1566.158787933356,14.514226676198774,846.0618526123525,2856939.2850510897,-597550.4342436839,1729694.4254037028,1
753.4799999996047,phase0-forces,A,nominal,Kerbin,3531599999999.9995,600000.0,2630.0,0.0,0.0,340.0,756460.0246550301,1779.1388718964704,9.751071047503501e-05,1226648.0919629217,4290.967397099391,579050.813460827,1565.2556095107634,14.511068976828806,845.635519160166,2856939.2849922515,-597550.4342436327,1729694.4253743095,1
753.9799999996043,phase0-forces,A,nominal,Kerbin,3531599999999.9995,600000.0,2630.0,0.0,0.0,340.0,757348.033758272,1778.1812418652246,9.72639536485076e-05,1227430.5028852737,4298.222172542641,579473.5288349304,1564.3883429523673,14.508033574633489,845.2260989332359,2856939.284980101,-597550.4342438442,1729694.4253681283,1
754.4999999996038,phase0-forces,A,nominal,Kerbin,3531599999999.9995,600000.0,2630.0,0.0,0.0,340.0,758271.0567179357,1777.1866341998173,9.701525414129719e-05,1228243.7505586385,4305.765529250585,579912.9358054654,1563.4876037616827,14.504877640006457,844.8008369945397,2856939.2849393697,-597550.4342436378,1729694.4253478658,1
755.0199999996033,phase0-forces,A,nominal,Kerbin,3531599999999.9995,600000.0,2630.0,0.0,0.0,340.0,759193.5639316263,1776.1933766805114,9.675947512732819e-05,1229056.5301714896,4313.3072451118815,580352.1217817537,1562.58810330442,14.50172260901229,844.3761192836896,2856939.2849731124,-597550.4342439999,1729694.4253645563,1
755.5399999996029,phase0-forces,A,nominal,Kerbin,3531599999999.9995,600000.0,2630.0,0.0,0.0,340.0,760115.5560955503,1775.201465796596,9.650928404880688e-05,1229868.8423650207,4320.847320585983,580791.0870453024,1561.689838326602,14.498568484328738,843.9519444528344,2856939.2849901966,-597550.4342438547,1729694.425373171,1
756.0599999996024,phase0-forces,A,nominal,Kerbin,3531599999999.9995,600000.0,2630.0,0.0,0.0,340.0,761037.0339069851,1774.2108980568858,9.62623962550424e-05,1230680.6877815523,4328.385756154771,581229.8318777134,1560.792805608823,14.495415268586635,843.5283111311383,2856939.2849613545,-597550.4342438746,1729694.42535874,1
756.5599999996019,phase0-forces,A,nominal,Kerbin,3531599999999.9995,600000.0,2630.0,0.0,0.0,340.0,761922.5858523876,1773.259692503947,9.60219549597241e-05,1231460.868776435,4335.632705825105,581651.4942955812,1559.9314332490403,14.492384189915786,843.1214808206939,2856939.2849592245,-597550.4342438207,1729694.425357702,1
757.0799999996015,phase0-forces,A,nominal,Kerbin,3531599999999.9995,600000.0,2630.0,0.0,0.0,340.0,762843.0567581123,1772.2717493477242,9.577229502610862e-05,1232271.8004471625,4343.167926018977,582089.8075631202,1559.036808367259,14.489232764532797,842.6989057937408,2856939.2850053553,-597550.4342436951,1729694.4253808302,1
757.599999999601,phase0-forces,A,nominal,Kerbin,3531599999999.9995,600000.0,2630.0,0.0,0.0,340.0,763763.0153652646,1771.2851390867847,9.55272262217477e-05,1233082.2672318635,4350.701507722375,582527.9012312436,1558.1434062791304,14.486082255729317,842.276868279926,2856939.2849963866,-597550.4342441553,1729694.4253761156,1
758.1199999996005,phase0-forces,A,nominal,Kerbin,3531599999999.9995,600000.0,2630.0,0.0,0.0,340.0,764682.4623624806,1770.299858306649,9.527871588943526e-05,1233892.2697644331,4358.233451391858,582965.7755790488,1557.2512238194536,14.48293266600551,841.8553669691412,2856939.285042606,-597550.4342441888,1729694.4253992084,1
758.6599999996,phase0-forces,A,nominal,Kerbin,3531599999999.9995,600000.0,2630.0,0.0,0.0,340.0,765636.7319403377,1769.278085591959,9.502559259999543e-05,1234732.9355413374,4366.053351982002,583420.2594119315,1556.3260141400053,14.479662913688278,841.4182201669619,2856939.2850587415,-597550.4342438944,1729694.4254074236,1
759.1799999995995,phase0-forces,A,nominal,Kerbin,3531599999999.9995,600000.0,2630.0,0.0,0.0,340.0,766555.1381694367,1768.2955042854437,9.478357242187485e-05,1235541.9936739919,4373.58195808436,583857.6875457257,1555.4363080402015,14.476515205180231,840.9978077342969,2856939.284990927,-597550.4342438614,1729694.425373533,1
759.6999999995991,phase0-forces,A,nominal,Kerbin,3531599999999.9995,600000.0,2630.0,0.0,0.0,340.0,767473.034874079,1767.3142421034286,9.4538539997302e-05,1236350.5894743141,4381.108927620732,584294.897204147,1554.5478120048124,14.47336842334248,840.5779274636881,2856939.2849902925,-597550.4342439269,1729694.4253731829,1
760.2199999995986,phase0-forces,A,nominal,Kerbin,3531599999999.9995,600000.0,2630.0,0.0,0.0,340.0,768390.4227357327,1766.3342956523204,9.42974875215441e-05,1237158.7235700532,4388.634261068813,584731.8886624166,1553.6605228996127,14.470222570527353,840.1585780313383,2856939.2849907517,-597550.4342441512,1729694.4253733002,1
760.7599999995981,phase0-forces,A,nominal,Kerbin,3531599999999.9995,600000.0,2630.0,0.0,0.0,340.0,769342.5569021057,1765.3180479457162,9.404710726812482e-05,1237997.4517374553,4396.447299251428,585185.4568304889,1552.7403813966082,14.466956709304844,839.7236602280304,2856939.2849694556,-597550.4342441191,1729694.4253626682,1
761.2799999995976,phase0-forces,A,nominal,Kerbin,3531599999999.9995,600000.0,2630.0,0.0,0.0,340.0,770258.9096165951,1764.3407731344616,9.380394476465881e-05,1238804.6466084027,4403.969299105467,585622.0043505053,1551.855542935892,14.4638127578111,839.3053888331497,2856939.284982067,-597550.4342443316,1729694.4253688678,1
761.7999999995972,phase0-forces,A,nominal,Kerbin,3531599999999.9995,600000.0,2630.0,0.0,0.0,340.0,771174.7555509731,1763.3648038497179,9.356458758702502e-05,1239611.3816739183,4411.489664344798,586058.3345057827,1550.9719019713793,14.460669742577258,838.8876443134873,2856939.284988076,-597550.4342440296,1729694.4253720231,1
762.2999999995967,phase0-forces,A,nominal,Kerbin,3531599999999.9995,600000.0,2630.0,0.0,0.0,340.0,772054.8993546395,1762.4275999153601,9.333447815151885e-05,1240386.6554295935,4418.719243705733,586477.6780027542,1550.1233736326194,14.457648497751277,838.4864625389955,2856939.285000105,-597550.4342438877,1729694.4253781086,1
762.8199999995962,phase0-forces,A,nominal,Kerbin,3531599999999.9995,600000.0,2630.0,0.0,0.0,340.0,772969.7531837968,1761.454181800076,9.309722372563556e-05,1241192.4903759586,4426.23640401042,586913.5825853727,1549.2420726804692,14.454507325972902,838.0697477153451,2856939.285009873,-597550.4342438512,1729694.4253830109,1
763.3399999995958,phase0-forces,A,nominal,Kerbin,3531599999999.9995,600000.0,2630.0,0.0,0.0,340.0,773884.1022299347,1760.4820593729664,9.286144631914794e-05,1241997.867355486,4433.7519311539045,587349.2706119521,1548.361960142302,14.451367097300269,837.6535559211748,2856939.2850113795,-597550.4342439491,1729694.4253837152,1
763.8399999995953,phase0-forces,A,nominal,Kerbin,3531599999999.9995,600000.0,2630.0,0.0,0.0,340.0,774762.8085952015,1759.5485451000382,9.263335959985852e-05,1242771.8369870884,4440.976859868443,587767.9974384746,1547.5168159873674,14.448348538299218,837.2538635470708,2856939.285030059,-597550.4342444795,1729694.4253927898,1
764.3599999995948,phase0-forces,A,nominal,Kerbin,3531599999999.9995,600000.0,2630.0,0.0,0.0,340.0,775676.1694354364,1758.5789546412789,9.240159124601632e-05,1243576.3174374471,4448.48918492425,588203.2614711043,1546.6390257182006,14.445210166356361,836.8386939762753,2856939.2849602043,-597550.4342441678,1729694.4253580184,1
764.8799999995944,phase0-forces,A,nominal,Kerbin,3531599999999.9995,600000.0,2630.0,0.0,0.0,340.0,776589.0274711954,1757.6106501523293,9.216542093781754e-05,1244380.3417421405,4455.9998782627,588638.3097496205,1545.7624148877524,14.442072744272394,836.424043643012,2856939.2849370977,-597550.434244261,1729694.4253464183,1
765.3999999995939,phase0-forces,A,nominal,Kerbin,3531599999999.9995,600000.0,2630.0,0.0,0.0,340.0,777501.3833717764,1756.6436283652106,9.192958532366902e-05,1245183.9105166541,4463.50894040138,589073.14254645,1544.886980473443,14.43893627421146,836.0099112803684,2856939.284944911,-597550.43424438,1729694.4253502656,1
765.9199999995934,phase0-forces,A,nominal,Kerbin,3531599999999.9995,600000.0,2630.0,0.0,0.0,340.0,778413.2377985308,1755.677886017678,9.169817349174991e-05,1245987.0243703974,4471.016371822428,589507.7601282573,1544.0127194637212,14.435800758449028,835.5962956130247,2856939.2848951323,-597550.4342446481,1729694.425325242,1
766.4399999995929,phase0-forces,A,nominal,Kerbin,3531599999999.9995,600000.0,2630.0,0.0,0.0,340.0,779324.5914131231,1754.7134198880528,9.146585944108665e-05,1246789.6839119825,4478.522173020225,589942.1627640999,1543.1396288763212,14.432666199098952,835.1831953967112,2856939.2848807345,-597550.4342444377,1729694.4253181485,1
766.9599999995925,phase0-forces,A,nominal,Kerbin,3531599999999.9995,600000.0,2630.0,0.0,0.0,340.0,780235.4448780213,1753.7502267420505,9.123383642872795e-05,1247591.889751534,4486.026344500429,590376.3507216919,1542.2677057304686,14.429532598348093,834.7706093578422,2856939.2848676676,-597550.4342443655,1729694.425311651,1
767.499999999592,phase0-forces,A,nominal,Kerbin,3531599999999.9995,600000.0,2630.0,0.0,0.0,340.0,781180.8024981632,1752.7513316363436,9.099374437937513e-05,1248424.470096774,4493.8174135401005,590827.011280047,1541.363479560925,14.426279491343875,834.3426975103521,2856939.2848972413,-597550.4342443402,1729694.4253264505,1
768.0199999995915,phase0-forces,A,nominal,Kerbin,3531599999999.9995,600000.0,2630.0,0.0,0.0,340.0,782090.6384615728,1751.790723480236,9.076663991436362e-05,1249225.752954134,4501.31826443874,591260.7624501875,1540.493927016903,14.423147851164693,833.9311557326016,2856939.2848822502,-597550.4342443163,1729694.4253189669,1
768.539999999591,phase0-forces,A,nominal,Kerbin,3531599999999.9995,600000.0,2630.0,0.0,0.0,340.0,782999.976270227,1750.8313785826988,9.053789835888892e-05,1250026.5839455905,4508.817487137682,591694.2997508373,1539.6255329261885,14.420017175996145,833.5201243498493,2856939.28489102,-597550.4342438128,1729694.4253236037,1
769.0599999995906,phase0-forces,A,nominal,Kerbin,3531599999999.9995,600000.0,2630.0,0.0,0.0,340.0,783908.8165783184,1749.8732937535383,9.031116496771574e-05,1250826.963672982,4516.315082136867,592127.623447774,1538.7582943530442,14.416887467801844,833.109602097652,2856939.284861323,-597550.4342439929,1729694.425308665,1
769.5999999995901,phase0-forces,A,nominal,Kerbin,3531599999999.9995,600000.0,2630.0,0.0,0.0,340.0,784852.086411136,1748.8796898256273,9.007284097606316e-05,1251657.6502466123,4524.099323902292,592577.3876395493,1537.8589203558358,14.413638411965316,832.6838281090218,2856939.2848851695,-597550.4342438419,1729694.4253206637,1
770.0999999995896,phase0-forces,A,nominal,Kerbin,3531599999999.9995,600000.0,2630.0,0.0,0.0,340.0,785725.007298293,1747.9608916723976,8.985840395325795e-05,1252426.3717330797,4531.305391046633,592993.6310879075,1537.027272071261,14.410630960705372,832.2900801046807,2856939.2848577844,-597550.434243786,1729694.4253069991,1
770.6199999995891,phase0-forces,A,nominal,Kerbin,3531599999999.9995,600000.0,2630.0,0.0,0.0,340.0,786632.359009274,1747.0065681126937,8.963124855654314e-05,1253225.4012617914,4538.798105972414,593426.3155570365,1536.163482539274,14.407504165864216,831.881077898405,2856939.28484416,-597550.4342435435,1729694.4253003083,1
771.1399999995887,phase0-forces,A,nominal,Kerbin,3531599999999.9995,600000.0,2630.0,0.0,0.0,340.0,787539.2158191351,1746.0534920317004,8.940559928305447e-05,1254023.9819183468,4546.289195215957,593858.7874774507,1535.3008368920755,14.40437834605264,831.4725799201387,2856939.284867196,-597550.4342434376,1729694.425311879,1
771.6799999995882,phase0-forces,A,nominal,Kerbin,3531599999999.9995,600000.0,2630.0,0.0,0.0,340.0,788480.4286074142,1745.0650761960444,8.917447848943993e-05,1254852.8027501798,4554.066683149766,594307.6682430513,1534.4062201910692,14.401133336571707,831.0489028671445,2856939.2848748146,-597550.4342431405,1729694.425315837,1
772.1799999995877,phase0-forces,A,nominal,Kerbin,3531599999999.9995,600000.0,2630.0,0.0,0.0,340.0,789351.4473100957,1744.1510698126606,8.895871724234894e-05,1255619.798985938,4561.266498697842,594723.0947130758,1533.578965710896,14.398129639554453,830.6570917777261,2856939.284893172,-597550.43424299,1729694.425325091,1
772.7199999995872,phase0-forces,A,nominal,Kerbin,3531599999999.9995,600000.0,2630.0,0.0,0.0,340.0,790291.6355943959,1743.1652285935988,8.872819307725877e-05,1256447.690644243,4569.040612879438,595171.5353966178,1532.6867097167467,14.394886665493692,830.2344556047494,2856939.2848824505,-597550.4342428446,1729694.425319803,1
773.2399999995868,phase0-forces,A,nominal,Kerbin,3531599999999.9995,600000.0,2630.0,0.0,0.0,340.0,791196.500309784,1742.2171587462801,8.850687299855053e-05,1257244.464572091,4576.525142051435,595603.1515989914,1531.8286543624358,14.391764803315798,829.8279815780957,2856939.284937425,-597550.4342426797,1729694.4253473727,1
773.7599999995863,phase0-forces,A,nominal,Kerbin,3531599999999.9995,600000.0,2630.0,0.0,0.0,340.0,792100.873357329,1741.2703207407349,8.828905265545473e-05,1258040.792603305,4584.0080481067835,596034.5565640479,1530.971728450758,14.388643925886448,829.4220056780591,2856939.28489115,-597550.4342423701,1729694.42532439,1
774.2799999995858,phase0-forces,A,nominal,Kerbin,3531599999999.9995,600000.0,2630.0,0.0,0.0,340.0,793004.7553783623,1740.3247115261954,8.80697334650904e-05,1258836.6753280745,4591.489331564601,596465.7505518731,1530.1159291696708,14.38552403510994,829.0165267039044,2856939.2848560717,-597550.4342424455,1729694.425306813,1
774.7799999995854,phase0-forces,A,nominal,Kerbin,3531599999999.9995,600000.0,2630.0,0.0,0.0,340.0,793873.4102341896,1739.4166278659247,8.785770478425547e-05,1259601.5277761978,4598.681343643869,596880.1614324752,1529.2941050837608,14.382525072320334,828.627110602271,2856939.284846282,-597550.4342421951,1729694.4253020436,1
775.3199999995849,phase0-forces,A,nominal,Kerbin,3531599999999.9995,600000.0,2630.0,0.0,0.0,340.0,794811.0488750753,1738.4371672804825,8.762966172071174e-05,1260427.1071903505,4606.4470327434365,597327.5066238681,1528.4076992276853,14.379287220907564,828.2070548013586,2856939.28488677,-597550.4342421045,1729694.4253223327,1
775.8199999995844,phase0-forces,A,nominal,Kerbin,3531599999999.9995,600000.0,2630.0,0.0,0.0,340.0,795678.7624738498,1737.5314321466315,8.742223144508898e-05,1261191.1060629836,4613.635926896698,597741.5130068338,1527.5880283139834,14.376290164242398,827.8185886596373,2856939.2848811015,-597550.4342420305,1729694.4253195354,1
776.3399999995839,phase0-forces,A,nominal,Kerbin,3531599999999.9995,600000.0,2630.0,0.0,0.0,340.0,796580.7054991918,1736.5906609261312,8.720546611584723e-05,1261985.2304166937,4621.110787421178,598171.8737268035,1526.7366645912693,14.3731742000515,827.4150666213415,2856939.2848835555,-597550.434242073,1729694.4253207413,1
776.8599999995835,phase0-forces,A,nominal,Kerbin,3531599999999.9995,600000.0,2630.0,0.0,0.0,340.0,797482.160634655,1735.6511034443836,8.698986493982375e-05,1262778.9123502318,4628.584027898005,598602.024742287,1525.8864135972576,14.370059231484383,827.0120356347234,2856939.284869687,-597550.4342421151,1729694.4253137861,1
777.379999999583,phase0-forces,A,nominal,Kerbin,3531599999999.9995,600000.0,2630.0,0.0,0.0,340.0,798383.1285093871,1734.7127566996965,8.677523146616295e-05,1263572.1524419594,4636.055648856711,599031.9663097421,1525.0372725619914,14.366945260310539,826.6094945240043,2856939.2848420218,-597550.4342423789,1729694.4252998214,1
777.8799999995825,phase0-forces,A,nominal,Kerbin,3531599999999.9995,600000.0,2630.0,0.0,0.0,340.0,799248.9848473466,1733.8116392243526,8.65673428052105e-05,1264334.4671592056,4643.238372973585,599445.1743795999,1524.2218349809232,14.363951999413167,826.2228966569387,2856939.2848727615,-597550.4342427475,1729694.425315007,1
778.419999999582,phase0-forces,A,nominal,Kerbin,3531599999999.9995,600000.0,2630.0,0.0,0.0,340.0,800183.6049815088,1732.839683492823,8.634656842332333e-05,1265157.3094059252,4650.994034278908,599891.2221146987,1523.342309348715,14.360720316928827,825.8058772784375,2856939.2848781445,-597550.4342427917,1729694.4253176765,1
778.9399999995816,phase0-forces,A,nominal,Kerbin,3531599999999.9995,600000.0,2630.0,0.0,0.0,340.0,801083.1148266525,1731.9049510716143,8.61345833982341e-05,1265949.22742564,4658.460799779057,600320.5368598982,1522.496481665551,14.357609348209909,825.4047988206714,2856939.284881413,-597550.4342426274,1729694.4253193927,1
779.4599999995811,phase0-forces,A,nominal,Kerbin,3531599999999.9995,600000.0,2630.0,0.0,0.0,340.0,801982.1399079717,1730.9714175003326,8.592163794673979e-05,1266740.705900971,4665.925947839392,600749.6431705094,1521.6517529650623,14.35449938364493,825.0042055946797,2856939.284936048,-597550.4342425022,1729694.425346773,1
779.9799999995806,phase0-forces,A,nominal,Kerbin,3531599999999.9995,600000.0,2630.0,0.0,0.0,340.0,802880.6808476422,1730.0390798182477,8.570920181227848e-05,1267531.745404655,4673.389478981629,601178.5412984658,1520.808120516713,14.35139042495692,824.6040964375954,2856939.284981821,-597550.434242674,1729694.4253695735,1
780.4799999995802,phase0-forces,A,nominal,Kerbin,3531599999999.9995,600000.0,2630.0,0.0,0.0,340.0,803744.2065253148,1729.1437263242638,8.55068356031552e-05,1268291.946867555,4680.564426889029,601590.7472534287,1519.9979667621863,14.348401991694299,824.2198315289828,2856939.2850096487,-597550.4342429911,1729694.425383919,1
781.0199999995797,phase0-forces,A,nominal,Kerbin,3531599999999.9995,600000.0,2630.0,0.0,0.0,340.0,804676.3127686409,1728.1779803849179,8.52904049679637e-05,1269112.5097639486,4688.311692597436,602035.714013238,1519.1241335288405,14.345175531675968,823.8053257636227,2856939.2850254877,-597550.4342428739,1729694.4253913069,1
781.5399999995792,phase0-forces,A,nominal,Kerbin,3531599999999.9995,600000.0,2630.0,0.0,0.0,340.0,805573.4049831645,1727.249212783856,8.508366590831429e-05,1269902.235754635,4695.770376120608,602463.9890996986,1518.283773588342,14.342069600360393,823.4066619601597,2856939.284994168,-597550.4342427123,1729694.425375728,1
782.0599999995787,phase0-forces,A,nominal,Kerbin,3531599999999.9995,600000.0,2630.0,0.0,0.0,340.0,806470.0155210923,1726.3216294021445,8.48705749376677e-05,1270691.525041039,4703.227444820265,602892.0570055491,1517.4444991250134,14.338964681396007,823.0084776651925,2856939.285059255,-597550.4342427277,1729694.4254082637,1
782.5599999995783,phase0-forces,A,nominal,Kerbin,3531599999999.9995,600000.0,2630.0,0.0,0.0,340.0,807331.6873637517,1725.4308363577975,8.467398583889008e-05,1271450.045737846,4710.396180821164,603303.4656117547,1516.6385255946843,14.335980138535367,822.626059281991,2856939.2850606106,-597550.434243064,1729694.4254087734,1
783.0799999995778,phase0-forces,A,nominal,Kerbin,3531599999999.9995,600000.0,2630.0,0.0,0.0,340.0,808227.3548523362,1724.505567424928,8.446570427622646e-05,1272238.4800469293,4717.850083521874,603731.1278482138,1515.8013725396659,14.332877209914946,822.2288122641551,2856939.2850816757,-597550.4342430374,1729694.4254193192,1
783.5999999995773,phase0-forces,A,nominal,Kerbin,3531599999999.9995,600000.0,2630.0,0.0,0.0,340.0,809122.5424742673,1723.5814741484899,8.426110434811562e-05,1273026.4793163384,4725.302372962133,604158.5836401528,1514.9652970516963,14.32977529822492,821.8320414153061,2856939.2851134744,-597550.4342425584,1729694.4254354578,1
784.0999999995769,phase0-forces,A,nominal,Kerbin,3531599999999.9995,600000.0,2630.0,0.0,0.0,340.0,809982.8478332579,1722.6940289436336,8.406244887737557e-05,1273783.7611806265,4732.466515003215,604569.4043674434,1514.1623920503516,14.32679365135508,821.4509789647082,2856939.2851122026,-597550.434242844,1729694.4254346793,1
784.6399999995764,phase0-forces,A,nominal,Kerbin,3531599999999.9995,600000.0,2630.0,0.0,0.0,340.0,810911.4805515807,1721.7368030917132,8.385103865293786e-05,1274601.1749750506,4740.202114188967,605012.8768781626,1513.2963682110303,14.323574531903546,821.0399236897117,2856939.285120956,-597550.4342427738,1729694.4254390912,1
785.1599999995759,phase0-forces,A,nominal,Kerbin,3531599999999.9995,600000.0,2630.0,0.0,0.0,340.0,811805.2322201328,1720.8162196054434,8.364922541659325e-05,1275387.872479772,4747.649567033864,605439.7148182902,1512.4635095865615,14.320475680234312,820.6445745891231,2856939.285081567,-597550.4342429708,1729694.425419298,1
785.6799999995754,phase0-forces,A,nominal,Kerbin,3531599999999.9995,600000.0,2630.0,0.0,0.0,340.0,812698.5064467723,1719.896800371021,8.344442903762683e-05,1276174.1371754284,4755.09540874246,605866.3472987637,1511.6317180049377,14.317377851530482,820.2496971894427,2856939.285062376,-597550.4342429603,1729694.4254097077,1
786.199999999575,phase0-forces,A,nominal,Kerbin,3531599999999.9995,600000.0,2630.0,0.0,0.0,340.0,813591.3038346618,1718.9785425600933,8.324281225213781e-05,1276959.9696162057,4762.539639843303,606292.7745659992,1510.80099085464,14.314281047246732,819.8552903852972,2856939.28505586,-597550.4342426985,1729694.4254065808,1
786.7199999995745,phase0-forces,A,nominal,Kerbin,3531599999999.9995,600000.0,2630.0,0.0,0.0,340.0,814483.6249845875,1718.0614433523172,8.303915819851682e-05,1277745.370354933,4769.9822608736995,606718.9968637094,1509.9713255379916,14.311185268857564,819.4613530625396,2856939.28503932,-597550.4342427196,1729694.4253983002,1
787.259999999574,phase0-forces,A,nominal,Kerbin,3531599999999.9995,600000.0,2630.0,0.0,0.0,340.0,815409.7627569572,1717.1102944002068,8.28295451356098e-05,1278560.522478995,4777.709432984094,607161.3956424763,1509.1108711231127,14.30797150941157,819.0527600493701,2856939.28506849,-597550.4342427525,1729694.4254128688,1
787.7799999995735,phase0-forces,A,nominal,Kerbin,3531599999999.9995,600000.0,2630.0,0.0,0.0,340.0,816301.1149695821,1716.195548275848,8.263259951490909e-05,1279345.04491599,4785.148773596769,607587.2008725987,1508.2833622949256,14.30487782666486,818.6597763518844,2856939.285021454,-597550.4342430445,1729694.4253892049,1
788.2999999995731,phase0-forces,A,nominal,Kerbin,3531599999999.9995,600000.0,2630.0,0.0,0.0,340.0,817191.9927623712,1715.2819522624068,8.243181218858808e-05,1280129.1373230563,4792.586505766177,608012.8018725368,1507.4569074550323,14.301785174073823,818.2672588244498,2856939.2850047513,-597550.4342427973,1729694.425380977,1
788.7999999995726,phase0-forces,A,nominal,Kerbin,3531599999999.9995,600000.0,2630.0,0.0,0.0,340.0,818048.1591774852,1714.4045765857063,8.223803160944954e-05,1280882.6673003575,4799.736654972271,608421.8412287801,1506.6632309268002,14.298812442429439,817.8902767205185,2856939.2850434277,-597550.4342428814,1729694.4254002732,1
789.3399999995721,phase0-forces,A,nominal,Kerbin,3531599999999.9995,600000.0,2630.0,0.0,0.0,340.0,818972.3274651312,1713.45819946614,8.203290781239048e-05,1281696.0342334253,4807.457146908057,608863.3921479455,1505.807149515346,14.295602964915767,817.483617892178,2856939.285036177,-597550.4342430391,1729694.4253965688,1
789.8399999995717,phase0-forces,A,nominal,Kerbin,3531599999999.9995,600000.0,2630.0,0.0,0.0,340.0,819827.5843676704,1712.583022312382,8.18425978650339e-05,1282448.739835247,4814.604205505133,609272.039907187,1505.0154876899674,14.29263222094994,817.1075270673613,2856939.2850394533,-597550.4342433339,1729694.4253980597,1
790.3799999995712,phase0-forces,A,nominal,Kerbin,3531599999999.9995,600000.0,2630.0,0.0,0.0,340.0,820750.7716097208,1711.6390138881216,8.163829625118524e-05,1283261.217572515,4822.321360700886,609713.1684002065,1504.1615768829079,14.28942489287003,816.7018285942895,2856939.2850430906,-597550.434243042,1729694.4254000243,1
790.8799999995707,phase0-forces,A,nominal,Kerbin,3531599999999.9995,600000.0,2630.0,0.0,0.0,340.0,821605.1212740592,1710.7660246913217,8.144957973854616e-05,1284013.1008909259,4829.465330762947,610121.4254865341,1503.3719200073308,14.286456141636915,816.3266249134183,2856939.2850551694,-597550.4342432134,1729694.425405978,1
791.3999999995702,phase0-forces,A,nominal,Kerbin,3531599999999.9995,600000.0,2630.0,0.0,0.0,340.0,822493.1830937117,1709.8592277746989,8.12563521321863e-05,1284794.6409682708,4836.893485257449,610545.8139637881,1502.5516956790593,14.283369658592504,815.9368639603613,2856939.2850223393,-597550.4342432176,1729694.4253895609,1
791.8999999995698,phase0-forces,A,nominal,Kerbin,3531599999999.9995,600000.0,2630.0,0.0,0.0,340.0,823346.6451626678,1708.9883742634634,8.106679888442159e-05,1285545.7198352565,4844.034428191191,610953.6887846187,1501.7639957874533,14.280402866725817,815.5625263694636,2856939.2850538413,-597550.4342432829,1729694.4254052793,1
792.4199999995693,phase0-forces,A,nominal,Kerbin,3531599999999.9995,600000.0,2630.0,0.0,0.0,340.0,824233.7850103932,1708.0837932311297,8.087432797765359e-05,1286326.4243200272,4851.459435514902,611377.680163767,1500.9458018984506,14.277318423848527,815.1736640991819,2856939.2850166266,-597550.4342431999,1729694.4253867134,1
792.9399999995688,phase0-forces,A,nominal,Kerbin,3531599999999.9995,600000.0,2630.0,0.0,0.0,340.0,825120.455698842,1707.1803378703235,8.06780080893077e-05,1287106.7036118521,4858.8828391978,611801.4694541536,1500.1286394498516,14.274235022991375,814.7852584134532,2856939.2850396307,-597550.4342432668,1729694.425398182,1
793.4399999995684,phase0-forces,A,nominal,Kerbin,3531599999999.9995,600000.0,2630.0,0.0,0.0,340.0,825972.5817726909,1706.3126898380592,8.049163443502039e-05,1287856.5716848816,4866.01921555393,612208.768797484,1499.343876701585,14.271271198236477,814.4122210025099,2856939.2850731458,-597550.4342433877,1729694.425414879,1
793.9599999995679,phase0-forces,A,nominal,Kerbin,3531599999999.9995,600000.0,2630.0,0.0,0.0,340.0,826858.3338790664,1705.4114346879571,8.030088793020695e-05,1288636.0185008906,4873.439475216409,612632.1623698834,1498.5287302253373,14.268189844829402,814.0247078634815,2856939.285077231,-597550.4342429404,1729694.4254171452,1
794.4799999995674,phase0-forces,A,nominal,Kerbin,3531599999999.9995,600000.0,2630.0,0.0,0.0,340.0,827743.6185466619,1704.51129724506,8.011013414943591e-05,1289415.0417063043,4880.858132842715,613055.3545530231,1497.714607845368,14.265109537005355,813.6376481779407,2856939.2850433923,-597550.4342430899,1729694.4254001512,1
794.979999999567,phase0-forces,A,nominal,Kerbin,3531599999999.9995,600000.0,2630.0,0.0,0.0,340.0,828594.4135278044,1703.6468320596905,7.992604514583945e-05,1290163.703493201,4887.989947202039,613462.0804139696,1496.9327613523697,14.262148689775218,813.2659020835308,2856939.2850850536,-597550.434242697,1729694.4254211783,1
795.4999999995665,phase0-forces,A,nominal,Kerbin,3531599999999.9995,600000.0,2630.0,0.0,0.0,340.0,829478.7829766073,1702.748879324165,7.973727042553946e-05,1290941.8973150253,4895.4054639590795,613884.8782486087,1496.1206406419885,14.259070436445102,812.8797288621453,2856939.285068599,-597550.4342425911,1729694.425413004,1
796.019999999566,phase0-forces,A,nominal,Kerbin,3531599999999.9995,600000.0,2630.0,0.0,0.0,340.0,830362.6866981268,1701.8520364337032,7.954672764753923e-05,1291719.6690999882,4902.819380304985,614307.4753904797,1495.3095367753635,14.255993232249567,812.4940060081383,2856939.2850555787,-597550.4342432496,1729694.4254061645,1
796.5399999995656,phase0-forces,A,nominal,Kerbin,3531599999999.9995,600000.0,2630.0,0.0,0.0,340.0,831246.1252661601,1700.9563007493023,7.935780013212934e-05,1292497.0193753683,4910.231696774725,614729.8720737997,1494.499447305975,14.252917078397468,812.1087325079333,2856939.285037454,-597550.4342434192,1729694.4253970175,1
797.0599999995651,phase0-forces,A,nominal,Kerbin,3531599999999.9995,600000.0,2630.0,0.0,0.0,340.0,832129.0992532943,1700.0616696400652,7.916929462226108e-05,1293273.9486676021,4917.642413918685,615152.0685317165,1493.6903698113838,14.24984197596504,811.7239073205603,2856939.2850051867,-597550.4342436137,1729694.4253807864,1
797.5799999995646,phase0-forces,A,nominal,Kerbin,3531599999999.9995,600000.0,2630.0,0.0,0.0,340.0,833011.6092294753,1699.1681404927285,7.898296462371945e-05,1294050.4575009188,4925.051532278689,615574.0649958518,1492.8823018753067,14.246767926125624,811.3395294305966,2856939.2849897104,-597550.4342432568,1729694.4253732269,1
798.0799999995642,phase0-forces,A,nominal,Kerbin,3531599999999.9995,600000.0,2630.0,0.0,0.0,340.0,833859.7394634415,1698.3100146239933,7.879929034970701e-05,1294796.704587331,4932.1741773393705,615979.6424410801,1492.106263301875,14.243813102654496,810.9703561633808,2856939.285015858,-597550.4342431453,1729694.4253863562,1
798.6199999995637,phase0-forces,A,nominal,Kerbin,3531599999999.9995,600000.0,2630.0,0.0,0.0,340.0,834775.2394360818,1697.3843776424237,7.860761979827657e-05,1295602.2158926195,4939.86497486146,616417.4588759074,1491.2691850694528,14.240622988622937,810.5721114026462,2856939.285024597,-597550.4342435886,1729694.425390504,1
799.1199999995632,phase0-forces,A,nominal,Kerbin,3531599999999.9995,600000.0,2630.0,0.0,0.0,340.0,835622.4800586337,1696.5283584943134,7.842904597055167e-05,1296347.6569017065,4946.984547955148,616822.6528257858,1490.4950764925807,14.23767019461317,810.2037934212694,2856939.285024753,-597550.4342437754,1729694.4253904887,1
799.6399999995627,phase0-forces,A,nominal,Kerbin,3531599999999.9995,600000.0,2630.0,0.0,0.0,340.0,836503.1574360272,1695.6391692160635,7.824333442840725e-05,1297122.5052163063,4954.387338077701,617243.8592899509,1489.6909843700591,14.234600325439795,809.8211774335621,2856939.285015758,-597550.4342438105,1729694.4253859739,1
800.1599999995623,phase0-forces,A,nominal,Kerbin,3531599999999.9995,600000.0,2630.0,0.0,0.0,340.0,837383.3736232407,1694.7510690233944,7.805959467077628e-05,1297896.9356649187,4961.788532149467,617664.8669098029,1488.8878899306187,14.231531514328173,809.4390036838133,2856939.285011997,-597550.434243674,1729694.4253841615,1
800.6799999995618,phase0-forces,A,nominal,Kerbin,3531599999999.9995,600000.0,2630.0,0.0,0.0,340.0,838263.1291805163,1693.8640553446849,7.787736103637144e-05,1298670.9487625023,4969.188130715,618085.6759137481,1488.0857908021571,14.228463762256942,809.0572711622005,2856939.2849707464,-597550.4342434307,1729694.4253636578,1
801.1999999995613,phase0-forces,A,nominal,Kerbin,3531599999999.9995,600000.0,2630.0,0.0,0.0,340.0,839142.424670269,1692.9781256379065,7.769124931655824e-05,1299444.5450262015,4976.586134322227,618506.2865306356,1487.2846846442526,14.225397070242725,808.675978862535,2856939.2849886147,-597550.4342435987,1729694.425372508,1
801.7199999995609,phase0-forces,A,nominal,Kerbin,3531599999999.9995,600000.0,2630.0,0.0,0.0,340.0,840021.2606538492,1692.0932773437075,7.750863733235747e-05,1300217.7249719661,4983.982543524842,618926.6989893327,1486.4845690911584,14.222331439376328,808.2951257888858,2856939.28501743,-597550.43424361,1729694.4253869099,1
802.2399999995604,phase0-forces,A,nominal,Kerbin,3531599999999.9995,600000.0,2630.0,0.0,0.0,340.0,840899.6376915337,1691.209507910892,7.732653466518968e-05,1300990.489114757,4991.377358873461,619346.913518264,1485.6854417914406,14.219266870673726,807.9147109360204,2856939.2850038107,-597550.4342436787,1729694.425380066,1
802.7599999995599,phase0-forces,A,nominal,Kerbin,3531599999999.9995,600000.0,2630.0,0.0,0.0,340.0,841777.556341314,1690.326814818208,7.714539242442697e-05,1301762.8379674023,4998.7705809208055,619766.9303450005,1484.8873004186069,14.216203365068605,807.5347333154739,2856939.285015187,-597550.4342437511,1729694.425385718,1
803.2799999995594,phase0-forces,A,nominal,Kerbin,3531599999999.9995,600000.0,2630.0,0.0,0.0,340.0,842655.0171613712,1689.4451955306824,7.696475222473964e-05,1302534.7720429897,5006.1622102267,620186.7496969902,1484.0901426344187,14.213140923612656,807.1551919316025,2856939.2849976164,-597550.434243798,1729694.4253769093,1
803.779999999559,phase0-forces,A,nominal,Kerbin,3531599999999.9995,600000.0,2630.0,0.0,0.0,340.0,843498.2982495136,1688.5984949910512,7.679135887883604e-05,1303276.6256663827,5013.268044574338,620590.236133636,1483.3245701821295,14.21019727279283,806.7906587668904,2856939.284986766,-597550.4342439225,1729694.4253714217,1
804.2799999995585,phase0-forces,A,nominal,Kerbin,3531599999999.9995,600000.0,2630.0,0.0,0.0,340.0,844341.157053778,1687.7527826999005,7.661829295102507e-05,1304018.0967292169,5020.372407340576,620993.5404036411,1482.55990292061,14.207254607597827,806.4265271429283,2856939.285002635,-597550.4342440268,1729694.425379304,1
804.819999999558,phase0-forces,A,nominal,Kerbin,3531599999999.9995,600000.0,2630.0,0.0,0.0,340.0,845250.9708233646,1686.8405208606632,7.643142453162e-05,1304818.4563090208,5028.043466821702,621428.904638429,1481.7350766233083,14.204077637150002,806.0337149896836,2856939.285049624,-597550.4342442572,1729694.4254026834,1
805.3399999995576,phase0-forces,A,nominal,Kerbin,3531599999999.9995,600000.0,2630.0,0.0,0.0,340.0,846126.6233802696,1685.963130877767,7.625298167113215e-05,1305588.7522355688,5035.428791843215,621847.9439075708,1480.9417926582319,14.20101942074632,805.6558921058031,2856939.2850654917,-597550.4342443141,1729694.4254105887,1
805.8599999995571,phase0-forces,A,nominal,Kerbin,3531599999999.9995,600000.0,2630.0,0.0,0.0,340.0,847001.8208531747,1685.0868022993711,7.607607403770089e-05,1306358.6359082265,5042.812526872156,622266.786822356,1480.1494808447042,14.197962273171434,805.2785005859539,2856939.2850562506,-597550.4342444763,1729694.4254058872,1
806.3799999995566,phase0-forces,A,nominal,Kerbin,3531599999999.9995,600000.0,2630.0,0.0,0.0,340.0,847876.5637902841,1684.211532658374,7.589828601339832e-05,1307128.1078314409,5050.194672466104,622685.4336050655,1479.3581389062037,14.194906195368176,804.9015394627763,2856939.2850555135,-597550.4342445971,1729694.425405458,1
806.8999999995561,phase0-forces,A,nominal,Kerbin,3531599999999.9995,600000.0,2630.0,0.0,0.0,340.0,848750.8527365099,1683.3373194900967,7.572171307401732e-05,1307897.1685057282,5057.57522917164,623103.8844785553,1478.5677645663184,14.191851188214338,804.525007773727,2856939.2850521808,-597550.434244346,1729694.425410606,1
807.4399999995557,phase0-forces,A,nominal,Kerbin,3531599999999.9995,600000.0,2630.0,0.0,0.0,340.0,849658.2882540114,1682.4305983094575,7.55374931031838e-05,1308695.373701688,5065.237972318398,623538.222500942,1477.7480129282565,14.188679814966926,804.1344475767823,2856939.2850860865,-597550.4342443754,1729694.4254208556,1
807.9399999995552,phase0-forces,A,nominal,Kerbin,3531599999999.9995,600000.0,2630.0,0.0,0.0,340.0,850498.0708575726,1681.592052741597,7.53710264689289e-05,1309434.0581305753,5072.33157817424,623940.1993954183,1476.9899096302042,14.185744389436506,803.7732288092059,2856939.285084849,-597550.4342442226,1729694.4254203134,1
808.4599999995547,phase0-forces,A,nominal,Kerbin,3531599999999.9995,600000.0,2630.0,0.0,0.0,340.0,851371.0011180679,1680.7209942709392,7.51941479393281e-05,1310201.888079145,5079.707371582071,624358.0638810752,1476.2024245273446,14.18269259957599,803.3979796049466,2856939.285101423,-597550.4342447297,1729694.4254283467,1
808.9799999995543,phase0-forces,A,nominal,Kerbin,3531599999999.9995,600000.0,2630.0,0.0,0.0,340.0,852243.4795711853,1679.8509824875655,7.502057997044176e-05,1310969.308785276,5087.081578339719,624775.7333484509,1475.415897993264,14.179641883848758,803.0231559981414,2856939.285114229,-597550.4342442933,1729694.425434968,1
809.4999999995538,phase0-forces,A,nominal,Kerbin,3531599999999.9995,600000.0,2630.0,0.0,0.0,340.0,853115.5067561965,1678.9820149653124,7.484814705094323e-05,1311736.3207445012,5094.454198996387,625193.2080176584,1474.6303278048927,14.176592243072259,802.6487570085613,2856939.2851061686,-597550.4342445324,1729694.425430818,1
810.0199999995533,phase0-forces,A,nominal,Kerbin,3531599999999.9995,600000.0,2630.0,0.0,0.0,340.0,853987.0832160201,1678.114089292337,7.467473915312439e-05,1312502.9244560027,5101.825234123707,625610.4881096155,1473.8457117304106,14.173543678113651,802.2747817019635,2856939.2851198786,-597550.4342445761,1729694.4254376513,1
810.5199999995529,phase0-forces,A,nominal,Kerbin,3531599999999.9995,600000.0,2630.0,0.0,0.0,340.0,854824.7129525649,1677.2805256427791,7.450686098309234e-05,1313239.6588748014,5108.911273193314,626011.5356776675,1473.0921709014979,14.17061338097446,801.9155887284126,2856939.2851384007,-597550.4342445688,1729694.425446916,1
811.0399999995524,phase0-forces,A,nominal,Kerbin,3531599999999.9995,600000.0,2630.0,0.0,0.0,340.0,855695.4068629595,1676.414636599301,7.433493010466918e-05,1314005.4632307738,5116.279199865383,626428.4347383557,1472.3094199100321,14.167566928646302,801.5424417308625,2856939.285146311,-597550.4342448025,1729694.4254507544,1
811.5599999995519,phase0-forces,A,nominal,Kerbin,3531599999999.9995,600000.0,2630.0,0.0,0.0,340.0,856565.6516403002,1675.5497822889129,7.416477455990389e-05,1314770.8608021177,5123.645542662938,626845.1398713591,1471.527616470455,14.164521554504624,801.1697156173193,2856939.2851378703,-597550.4342448576,1729694.4254465064,1
812.0799999995514,phase0-forces,A,nominal,Kerbin,3531599999999.9995,600000.0,2630.0,0.0,0.0,340.0,857435.4478216695,1674.6859603220457,7.399445166811347e-05,1315535.8520822418,5131.010302144843,627261.6512960757,1470.746758379497,14.16147725938321,800.7974094474869,2856939.285096346,-597550.4342447271,1729694.4254258093,1
812.599999999551,phase0-forces,A,nominal,Kerbin,3531599999999.9995,600000.0,2630.0,0.0,0.0,340.0,858304.7959394541,1673.8231683382746,7.382319017779082e-05,1316300.4375601404,5138.373478867976,627677.9692302314,1469.9668434624007,14.158434044045958,800.4255222896045,2856939.2851074203,-597550.4342446985,1729694.425431361,1
813.1199999995505,phase0-forces,A,nominal,Kerbin,3531599999999.9995,600000.0,2630.0,0.0,0.0,340.0,859173.6965296604,1672.9614039555393,7.365330384345725e-05,1317064.6177282277,5145.735073403001,628094.0938927747,1469.1878695211315,14.155391909182388,800.0540532093723,2856939.2851166995,-597550.4342445828,1729694.4254360583,1
813.65999999955,phase0-forces,A,nominal,Kerbin,3531599999999.9995,600000.0,2630.0,0.0,0.0,340.0,860075.54326579,1672.0675799122764,7.347605424001813e-05,1317857.7609720102,5153.378132156222,628526.0190179553,1468.379928681586,14.152233913630862,799.6687383623364,2856939.285175148,-597550.4342449341,1729694.425465107,1
814.1799999995495,phase0-forces,A,nominal,Kerbin,3531599999999.9995,600000.0,2630.0,0.0,0.0,340.0,860943.5332308474,1671.2079029504023,7.330996595555916e-05,1318621.1164417001,5160.736503200733,628941.7503726569,1467.6028661500873,14.149193983716675,799.2981186400611,2856939.285167616,-597550.4342447416,1729694.425461437,1
814.699999999549,phase0-forces,A,nominal,Kerbin,3531599999999.9995,600000.0,2630.0,0.0,0.0,340.0,861811.0772790485,1670.3492464389194,7.314322283491492e-05,1319384.068081212,5168.093293761673,629357.2891139907,1466.8267380028528,14.146155136595327,798.9279141786367,2856939.2851536716,-597550.4342447172,1729694.425454477,1
815.2199999995486,phase0-forces,A,nominal,Kerbin,3531599999999.9995,600000.0,2630.0,0.0,0.0,340.0,862678.1759394198,1669.4916080488579,7.297371485037729e-05,1320146.6163772447,5175.448504406352,629772.6354566051,1466.0515420917125,14.143117372963182,798.558124063019,2856939.2851891965,-597550.4342446829,1729694.4254722567,1
815.7399999995481,phase0-forces,A,nominal,Kerbin,3531599999999.9995,600000.0,2630.0,0.0,0.0,340.0,863544.8297385923,1668.6349854387618,7.280622230609879e-05,1320908.7618134362,5182.802135692242,630187.7896159863,1465.2772762529187,14.140080693513118,798.1887473806087,2856939.285209746,-597550.4342441197,1729694.4254828133,1
816.2599999995476,phase0-forces,A,nominal,Kerbin,3531599999999.9995,600000.0,2630.0,0.0,0.0,340.0,864411.0392002196,1667.7793762901745,7.264142186613753e-05,1321670.5048708913,5190.154188185018,630602.7518059951,1464.5039383555486,14.13704509894388,797.8197832065846,2856939.285227127,-597550.4342437731,1729694.425491677,1
816.7799999995472,phase0-forces,A,nominal,Kerbin,3531599999999.9995,600000.0,2630.0,0.0,0.0,340.0,865276.8048532903,1666.9247782794284,7.247507164720446e-05,1322431.8460358744,5197.504662457234,631017.5222420534,1463.7315262613467,14.134010589966197,797.4512306186459,2856939.2852164763,-597550.4342440414,1729694.4254862175,1
817.2999999995467,phase0-forces,A,nominal,Kerbin,3531599999999.9995,600000.0,2630.0,0.0,0.0,340.0,866142.1272174711,1666.071189106622,7.231060590129346e-05,1323192.785785388,5204.853559059085,631432.101137331,1462.9600378426774,14.13097716723414,797.0830887246349,2856939.2852005884,-597550.4342442161,1729694.4254781862,1
817.8199999995462,phase0-forces,A,nominal,Kerbin,3531599999999.9995,600000.0,2630.0,0.0,0.0,340.0,867007.006818648,1665.2186064721727,7.214496872620657e-05,1323953.3246027476,5212.20087857548,631846.4887061898,1462.1894709823605,14.12794483142411,796.7153566138222,2856939.2852010275,-597550.4342445651,1729694.4254782312,1
818.3399999995457,phase0-forces,A,nominal,Kerbin,3531599999999.9995,600000.0,2630.0,0.0,0.0,340.0,867871.4441740892,1664.3670280880672,7.197911327239126e-05,1324713.4629624134,5219.546621553032,632260.6851615258,1461.4198235627705,14.124913583152434,796.3480334004312,2856939.285218918,-597550.4342442853,1729694.4254873164,1
818.8599999995453,phase0-forces,A,nominal,Kerbin,3531599999999.9995,600000.0,2630.0,0.0,0.0,340.0,868735.4398046774,1663.5164516643922,7.181650289567187e-05,1325473.2013438237,5226.890788564109,632674.6907141765,1460.6510934872879,14.121883423118922,795.9811181561186,2856939.2852342925,-597550.4342449015,1729694.4254946955,1
819.3599999995448,phase0-forces,A,nominal,Kerbin,3531599999999.9995,600000.0,2630.0,0.0,0.0,340.0,869565.7887511854,1662.6995324867696,7.165926945162937e-05,1326203.342264763,5233.951001933309,633072.5931444,1459.9127930781624,14.118970834498166,795.6286989551188,2856939.285209906,-597550.4342449378,1729694.425482484,1
819.8999999995443,phase0-forces,A,nominal,Kerbin,3531599999999.9995,600000.0,2630.0,0.0,0.0,340.0,870462.1079684049,1661.818295581419,7.149190787458792e-05,1326991.4800793896,5241.574396956913,633502.1299612469,1459.1163769350335,14.11582637020275,795.2485080369536,2856939.2851862735,-597550.4342455454,1729694.425470364,1
820.4199999995438,phase0-forces,A,nominal,Kerbin,3531599999999.9995,600000.0,2630.0,0.0,0.0,340.0,871324.7815335814,1660.9707113979225,7.133022154448554e-05,1327750.0213813721,5248.913839468262,633915.5640778298,1458.3503862874427,14.112799478571908,794.88281138031,2856939.285158273,-597550.4342456094,1729694.4254563316,1
820.9399999995434,phase0-forces,A,nominal,Kerbin,3531599999999.9995,600000.0,2630.0,0.0,0.0,340.0,872187.0154412943,1660.1241201118585,7.11667598807253e-05,1328508.1646041735,5256.251708276655,634328.8081365809,1457.5853046211091,14.109773677618346,794.5175191375749,2856939.2851366512,-597550.4342456738,1729694.4254454887,1
821.4599999995429,phase0-forces,A,nominal,Kerbin,3531599999999.9995,600000.0,2630.0,0.0,0.0,340.0,873048.8102075772,1659.278519477485,7.100515358615667e-05,1329265.910221731,5263.588003956215,634741.8623485267,1456.8211298634037,14.10674896790598,794.1526304284753,2856939.2851391076,-597550.4342454621,1729694.4254468228,1
821.9799999995424,phase0-forces,A,nominal,Kerbin,3531599999999.9995,600000.0,2630.0,0.0,0.0,340.0,873910.1663435982,1658.4339072520852,7.084626849973574e-05,1330023.2587033247,5270.922727068305,635154.7269231392,1456.0578599482053,14.103725350099268,793.7881443670717,2856939.2851479175,-597550.4342451622,1729694.4254513776,1
822.479999999542,phase0-forces,A,nominal,Kerbin,3531599999999.9995,600000.0,2630.0,0.0,0.0,340.0,874737.9802244212,1657.622710143815,7.069308776408434e-05,1330751.1043164711,5277.9738629703415,635551.5334485471,1455.324797957439,14.100819055473826,793.4380558913412,2856939.285124798,-597550.4342449679,1729694.425439915,1
822.9999999995415,phase0-forces,A,nominal,Kerbin,3531599999999.9995,600000.0,2630.0,0.0,0.0,340.0,875598.4774557406,1656.7800302432513,7.053124863887206e-05,1331507.6751649606,5285.30550308501,635964.026649496,1454.5632969581984,14.097797580991655,793.0743570802739,2856939.285154969,-597550.4342448796,1729694.4254550447,1
823.519999999541,phase0-forces,A,nominal,Kerbin,3531599999999.9995,600000.0,2630.0,0.0,0.0,340.0,876458.5375682493,1655.938332158548,7.037268369458616e-05,1332263.8502661062,5292.635572316204,636376.3308302739,1453.8026947239214,14.094777200076848,792.711058318968,2856939.2851829706,-597550.4342446609,1729694.4254691547,1
824.0199999995406,phase0-forces,A,nominal,Kerbin,3531599999999.9995,600000.0,2630.0,0.0,0.0,340.0,877285.1066983598,1655.129930910947,7.022095087449998e-05,1332990.5689381356,5299.682234927452,636772.599098751,1453.0721920981064,14.091874019394316,792.362109035447,2856939.2851919313,-597550.4342445456,1729694.4254736928,1
824.5399999995401,phase0-forces,A,nominal,Kerbin,3531599999999.9995,600000.0,2630.0,0.0,0.0,340.0,878144.310863663,1654.290152271092,7.006214582361281e-05,1333745.969122565,5307.00922446962,637184.5331150272,1452.3133469077695,14.088855785036362,791.9995924477068,2856939.2851905054,-597550.4342445645,1729694.4254729704,1
825.0599999995396,phase0-forces,A,nominal,Kerbin,3531599999999.9995,600000.0,2630.0,0.0,0.0,340.0,879003.0794122883,1653.4513489242674,6.990461406530812e-05,1334500.9749393268,5314.3346448074735,637596.2787252613,1451.5553944715962,14.085838645767812,791.637473335828,2856939.28522326,-597550.4342446014,1729694.4254893293,1
825.5599999995392,phase0-forces,A,nominal,Kerbin,3531599999999.9995,600000.0,2630.0,0.0,0.0,340.0,879828.4080643554,1652.6457249430212,6.975276482990012e-05,1335226.5705948626,5321.376838911895,637992.0104831287,1450.8274340761348,14.082938583532636,791.2896559069602,2856939.2852347856,-597550.4342450766,1729694.4254948546,1
826.0799999995387,phase0-forces,A,nominal,Kerbin,3531599999999.9995,600000.0,2630.0,0.0,0.0,340.0,880686.3236012724,1651.8088282978656,6.959652819205076e-05,1335980.8041911505,5328.699182865045,638403.3871288886,1450.0712269358514,14.079923593913692,790.9283139495714,2856939.285249138,-597550.4342450675,1729694.425502035,1
826.5799999995382,phase0-forces,A,nominal,Kerbin,3531599999999.9995,600000.0,2630.0,0.0,0.0,340.0,881510.8329805497,1651.005033651904,6.944657798158005e-05,1336705.658182021,5335.738419960603,638798.7644934875,1449.3449409939892,14.077025599546133,790.5812421941997,2856939.285250483,-597550.4342455186,1729694.4255024823,1
827.1199999995378,phase0-forces,A,nominal,Kerbin,3531599999999.9995,600000.0,2630.0,0.0,0.0,340.0,882400.8528038084,1650.1379392919491,6.9286601501517e-05,1337488.0928521738,5343.339168812429,639225.5772406488,1448.5614710176837,14.073896904936394,790.2068139415612,2856939.2852546223,-597550.4342456715,1729694.4255044754,1
827.6399999995373,phase0-forces,A,nominal,Kerbin,3531599999999.9995,600000.0,2630.0,0.0,0.0,340.0,883257.4674713903,1649.3039426018677,6.913119432283565e-05,1338241.1488374642,5350.656811951107,639636.3911156924,1447.8079182451706,14.070885206591901,789.8466541919092,2856939.2852632925,-597550.4342457335,1729694.4255087795,1
828.1599999995368,phase0-forces,A,nominal,Kerbin,3531599999999.9995,600000.0,2630.0,0.0,0.0,340.0,884113.649517704,1648.470908238401,6.897647836012766e-05,1338993.8132057064,5357.972889294154,640047.017810503,1447.0552462741666,14.067874606292202,789.4868868086484,2856939.2852534573,-597550.4342456176,1729694.4255039198,1
828.6599999995364,phase0-forces,A,nominal,Kerbin,3531599999999.9995,600000.0,2630.0,0.0,0.0,340.0,884936.4939639233,1647.6708191932319,6.882746674818918e-05,1339717.1600545035,5365.006102954706,640441.6748392323,1446.3323520337058,14.064980834219867,789.1413258698831,2856939.28530157,-597550.4342453761,1729694.425528097,1
829.1799999995359,phase0-forces,A,nominal,Kerbin,3531599999999.9995,600000.0,2630.0,0.0,0.0,340.0,885791.828847849,1646.8396662491075,6.867496995255351e-05,1340469.0575744652,5372.319110577758,640851.9349614508,1445.581402058609,14.061972389074997,788.7823256680304,2856939.285306572,-597550.4342453637,1729694.425530604,1
829.6999999995354,phase0-forces,A,nominal,Kerbin,3531599999999.9995,600000.0,2630.0,0.0,0.0,340.0,886646.7325826657,1646.0094692883913,6.852237129351124e-05,1341220.564829148,5379.630554099927,641262.0085060389,1444.8313270417957,14.058965043322539,788.4237153254621,2856939.2852978236,-597550.4342455058,1729694.425526159,1
830.2199999995349,phase0-forces,A,nominal,Kerbin,3531599999999.9995,600000.0,2630.0,0.0,0.0,340.0,887501.2056609232,1645.180226182943,6.837166438344866e-05,1341971.6822709644,5386.940434085764,641671.8956743373,1444.0821250237263,14.055958797387655,788.0654939994545,2856939.2852645726,-597550.4342460036,1729694.4255092845,1
830.7399999995345,phase0-forces,A,nominal,Kerbin,3531599999999.9995,600000.0,2630.0,0.0,0.0,340.0,888355.2485787456,1644.3519348232821,6.821774877607822e-05,1342722.4103559018,5394.248751109599,642081.596668483,1443.3337940520555,14.05295365171266,787.7076608730124,2856939.2852844866,-597550.4342458593,1729694.4255193137,1
831.279999999534,phase0-forces,A,nominal,Kerbin,3531599999999.9995,600000.0,2630.0,0.0,0.0,340.0,889241.6845312729,1643.49279119309,6.805954762967303e-05,1343501.6009723914,5401.836503574891,642506.8585568198,1442.5576009772192,14.049834088509987,787.3364749131014,2856939.28534127,-597550.4342456391,1729694.4255478154,1
831.7999999995335,phase0-forces,A,nominal,Kerbin,3531599999999.9995,600000.0,2630.0,0.0,0.0,340.0,890094.8521056559,1642.6664333642348,6.791077612433583e-05,1344251.5367650897,5409.1416363360995,642916.1806668342,1441.8110395597384,14.046831186900326,786.9794305055555,2856939.2853249717,-597550.4342454812,1729694.4255397453,1
832.319999999533,phase0-forces,A,nominal,Kerbin,3531599999999.9995,600000.0,2630.0,0.0,0.0,340.0,890947.5910105179,1641.8410208732782,6.775945803383365e-05,1345001.0845697087,5416.445207875099,643325.3172133707,1441.0653432889592,14.043829386800788,786.6227717590159,2856939.2853317787,-597550.4342453349,1729694.4255432219,1
832.8199999995326,phase0-forces,A,nominal,Kerbin,3531599999999.9995,600000.0,2630.0,0.0,0.0,340.0,891767.1284675612,1641.048244546514,6.761716940673068e-05,1345721.4381421336,5423.466401041728,643718.5429310062,1440.3491417080581,14.040944079616846,786.2801935693207,2856939.2852707566,-597550.4342455638,1729694.4255125963,1
833.3399999995321,phase0-forces,A,nominal,Kerbin,3531599999999.9995,600000.0,2630.0,0.0,0.0,340.0,892619.0279439527,1640.2246802851337,6.746465078322217e-05,1346470.226200296,5430.766911846713,644127.3160697526,1439.6051368478525,14.03794444123428,785.9242889067689,2856939.2852834007,-597550.4342454891,1729694.4255189558,1
833.8599999995316,phase0-forces,A,nominal,Kerbin,3531599999999.9995,600000.0,2630.0,0.0,0.0,340.0,893470.5001988322,1639.402055172003,6.731582834618166e-05,1347218.6275994615,5438.065863123707,644535.904238734,1438.8619914326673,14.034945905491531,785.568767458353,2856939.2852928774,-597550.4342456865,1729694.4255235954,1
834.3799999995312,phase0-forces,A,nominal,Kerbin,3531599999999.9995,600000.0,2630.0,0.0,0.0,340.0,894321.5457186324,1638.5803671276865,6.716733332723379e-05,1347966.6427863804,5445.363255451375,644944.307636833,1438.1197035428086,14.031948472695467,785.2136284096885,2856939.285274968,-597550.4342456873,1729694.4255146403,1
834.8999999995307,phase0-forces,A,nominal,Kerbin,3531599999999.9995,600000.0,2630.0,0.0,0.0,340.0,895172.1649864754,1637.7596140864703,6.702097743982449e-05,1348714.2722055037,5452.659089396942,645352.5264600562,1437.378271277474,14.028952143239607,784.8588709403792,2856939.285231263,-597550.434245711,1729694.425492776,1
835.4199999995302,phase0-forces,A,nominal,Kerbin,3531599999999.9995,600000.0,2630.0,0.0,0.0,340.0,896022.3584896433,1636.9397939906337,6.687219865852967e-05,1349461.5163030357,5459.953365539886,645760.5609103679,1436.6376927424722,14.025956917477554,784.5044942345667,2856939.2852013526,-597550.4342460954,1729694.4254776286,1
835.9199999995298,phase0-forces,A,nominal,Kerbin,3531599999999.9995,600000.0,2630.0,0.0,0.0,340.0,896839.4511748378,1636.1523833385017,6.672930612694472e-05,1350179.6572788057,5466.965624053877,646152.7280378395,1435.9264013433892,14.023077933860359,784.1641057294985,2856939.2851946712,-597550.4342465261,1729694.4254740726,1
836.4399999995293,phase0-forces,A,nominal,Kerbin,3531599999999.9995,600000.0,2630.0,0.0,0.0,340.0,897688.8109212928,1635.334387290238,6.658308848273009e-05,1350926.1468372715,5474.256846171196,646560.4014028548,1435.1874919320198,14.020084874024525,783.8104735686696,2856939.2851762143,-597550.4342464374,1729694.4254648886,1
836.9599999995288,phase0-forces,A,nominal,Kerbin,3531599999999.9995,600000.0,2630.0,0.0,0.0,340.0,898537.7463301783,1634.517318124837,6.643681263085455e-05,1351672.2523849546,5481.546512188958,646967.8909781754,1434.4494306574782,14.01709291884682,783.4572197909408,2856939.2851940724,-597550.4342457701,1729694.425474151,1
837.4799999995283,phase0-forces,A,nominal,Kerbin,3531599999999.9995,600000.0,2630.0,0.0,0.0,340.0,899386.2578779764,1633.7011738051685,6.628936534980312e-05,1352417.9743595186,5488.834622675477,647375.1969585357,1433.7122156524315,14.014102068653518,783.1043435740802,2856939.2852230333,-597550.4342456312,1729694.425488701,1
837.9999999995279,phase0-forces,A,nominal,Kerbin,3531599999999.9995,600000.0,2630.0,0.0,0.0,340.0,900234.346046255,1632.8859522917548,6.614497397094965e-05,1353163.313202363,5496.12117820394,647782.3195426319,1432.9758450345084,14.011112323753961,782.7518441184526,2856939.285223567,-597550.434245672,1729694.4254889474,1
838.5199999995274,phase0-forces,A,nominal,Kerbin,3531599999999.9995,600000.0,2630.0,0.0,0.0,340.0,901082.0113117704,1632.0716515650274,6.600051710847765e-05,1353908.269351886,5503.40617935386,648189.258924272,1432.2403169390755,14.008123684488512,782.3997206334451,2856939.28520668,-597550.4342453543,1729694.425480663,1
839.0399999995269,phase0-forces,A,nominal,Kerbin,3531599999999.9995,600000.0,2630.0,0.0,0.0,340.0,901929.2541502207,1631.2582696194015,6.585501250810921e-05,1354652.8432444066,5510.689626697334,648596.0152991398,1431.5056295223285,14.005136151112659,782.0479723194447,2856939.2852285374,-597550.4342452282,1729694.4254916545,1
839.5599999995264,phase0-forces,A,nominal,Kerbin,3531599999999.9995,600000.0,2630.0,0.0,0.0,340.0,902776.0750371066,1630.4458044358396,6.571097037522122e-05,1355397.0353164815,5517.971520810639,649002.5888619551,1430.7717809267626,14.002149723896597,781.69659837382,2856939.285240457,-597550.4342455523,1729694.4254974523,1
840.079999999526,phase0-forces,A,nominal,Kerbin,3531599999999.9995,600000.0,2630.0,0.0,0.0,340.0,903622.4744494099,1629.6342540005967,6.557018059538677e-05,1356140.8460063636,5525.25186227251,649408.9798073082,1430.0387692938552,13.999164403132488,781.3455980068046,2856939.285200103,-597550.434245875,1729694.425477114,1
840.5999999995255,phase0-forces,A,nominal,Kerbin,3531599999999.9995,600000.0,2630.0,0.0,0.0,340.0,904468.4528589896,1628.8236163421582,6.542365736095235e-05,1356884.2757467171,5532.530651657521,649815.1883295875,1429.306592803968,13.996180189128399,780.9949704455028,2856939.2852416392,-597550.4342459107,1729694.4254978641,1
841.119999999525,phase0-forces,A,nominal,Kerbin,3531599999999.9995,600000.0,2630.0,0.0,0.0,340.0,905314.010739987,1628.0138894482886,6.5281281422358e-05,1357627.3249731946,5539.807889534889,650221.2146222091,1428.5752496043197,13.993197082066615,780.6447148927116,2856939.285255921,-597550.4342456814,1729694.4255051198,1
841.6399999995245,phase0-forces,A,nominal,Kerbin,3531599999999.9995,600000.0,2630.0,0.0,0.0,340.0,906159.1485619443,1627.205071339864,6.514059350593016e-05,1358369.9941162474,5547.083576481899,650627.0588787885,1427.8447378746641,13.99021508225282,780.2948305607024,2856939.2852686094,-597550.4342456299,1729694.4255114899,1
842.1399999995241,phase0-forces,A,nominal,Kerbin,3531599999999.9995,600000.0,2630.0,0.0,0.0,340.0,906971.3853867645,1626.4282168045015,6.50039073661901e-05,1359083.7410285508,5554.0779672524695,651017.1222512333,1427.1431051691675,13.987348819187975,779.9587526651571,2856939.285278073,-597550.4342458718,1729694.4255161006,1
842.6799999995236,phase0-forces,A,nominal,Kerbin,3531599999999.9995,600000.0,2630.0,0.0,0.0,340.0,907848.1659135986,1625.590153571531,6.485612539108843e-05,1359854.1938834833,5561.630299898342,651438.2020536654,1426.3862015387556,13.984254405406938,779.596172436268,2856939.2853127453,-597550.43424565,1729694.4255335478,1
843.1999999995231,phase0-forces,A,nominal,Kerbin,3531599999999.9995,600000.0,2630.0,0.0,0.0,340.0,908692.0463816759,1624.7840499618765,6.471576489275321e-05,1360595.7253689384,5568.90133752178,651843.5013567246,1425.6581732940876,13.981275728796785,779.247397082132,2856939.285288331,-597550.4342457032,1729694.425521314,1
843.6999999995227,phase0-forces,A,nominal,Kerbin,3531599999999.9995,600000.0,2630.0,0.0,0.0,340.0,909503.0755369321,1624.0097999641941,6.458147981902584e-05,1361308.3795953393,5575.891259418853,652233.0412786764,1424.958923433569,13.978412661770335,778.9123833180748,2856939.2852922063,-597550.4342458352,1729694.4255231856,1
844.2399999995222,phase0-forces,A,nominal,Kerbin,3531599999999.9995,600000.0,2630.0,0.0,0.0,340.0,910378.553236051,1623.1745435214266,6.443641177611426e-05,1362077.6536853751,5583.438767469159,652653.5563512231,1424.204587649237,13.975321700383917,778.5509499308503,2856939.2852995903,-597550.4342457613,1729694.4255269144,1
844.7599999995217,phase0-forces,A,nominal,Kerbin,3531599999999.9995,600000.0,2630.0,0.0,0.0,340.0,911221.1805556184,1622.371136776128,6.429645145544782e-05,1362818.0513731285,5590.705160949757,653058.3124249084,1423.4790266428454,13.97234634901375,778.2032765863337,2856939.285275673,-597550.4342456646,1729694.4255150042,1
845.2799999995212,phase0-forces,A,nominal,Kerbin,3531599999999.9995,600000.0,2630.0,0.0,0.0,340.0,912063.3910882536,1621.5686250932004,6.415798998204991e-05,1363558.0719809853,5597.97000753348,653462.8878035862,1422.7542844660693,13.969372106453545,777.8559690347868,2856939.285246486,-597550.4342458106,1729694.4255003375,1
845.7799999995208,phase0-forces,A,nominal,Kerbin,3531599999999.9995,600000.0,2630.0,0.0,0.0,340.0,912872.816292065,1620.7978215370495,6.402358849300072e-05,1364269.275051824,5604.95397869052,653851.7323644185,1422.058187529416,13.966513303651993,777.522363720772,2856939.2852736223,-597550.434245931,1729694.4255138456,1
846.3199999995203,phase0-forces,A,nominal,Kerbin,3531599999999.9995,600000.0,2630.0,0.0,0.0,340.0,913746.5636517098,1619.9662791830613,6.388127076206729e-05,1365036.983663478,5612.495062335451,654271.4972375374,1421.307249474594,13.963426948547093,777.1624482622844,2856939.2852384755,-597550.434246173,1729694.4254961512,1
846.8199999995198,phase0-forces,A,nominal,Kerbin,3531599999999.9995,600000.0,2630.0,0.0,0.0,340.0,914555.1895501292,1619.1971876848327,6.3747851527296e-05,1365747.4636075099,5619.4760614414945,654659.9952125351,1420.612718715025,13.96057027902643,776.8295427628002,2856939.28524423,-597550.4342459245,1729694.4254991529,1
847.3399999995194,phase0-forces,A,nominal,Kerbin,3531599999999.9995,600000.0,2630.0,0.0,0.0,340.0,915395.7535152694,1618.398202857775,6.361091072903946e-05,1366485.9945756248,5626.734785614927,655063.8566250079,1419.8912028843552,13.957600430925853,776.4836768246357,2856939.285217074,-597550.4342460333,1729694.4254855204,1
847.8399999995189,phase0-forces,A,nominal,Kerbin,3531599999999.9995,600000.0,2630.0,0.0,0.0,340.0,916203.5972013737,1617.6307833331462,6.347733142320067e-05,1367195.76687963,5633.712871988586,655452.0153848653,1419.1982015898545,13.954745854289403,776.1514548458133,2856939.285243851,-597550.4342455858,1729694.4254991326,1
848.3799999995184,phase0-forces,A,nominal,Kerbin,3531599999999.9995,600000.0,2630.0,0.0,0.0,340.0,917075.638414809,1616.8028878607706,6.333619967335835e-05,1367961.9320003197,5641.24760244217,655871.0403693251,1418.4505995814884,13.951664064099763,775.7930302675359,2856939.285247998,-597550.4342456968,1729694.4255011505,1
848.879999999518,phase0-forces,A,nominal,Kerbin,3531599999999.9995,600000.0,2630.0,0.0,0.0,340.0,917882.6862981115,1616.0371658212061,6.320646207313985e-05,1368670.984391586,5648.2227211690715,656258.853980829,1417.7591510482093,13.948811622004708,775.4615023254415,2856939.2852412923,-597550.4342456578,1729694.4254978173,1
849.3999999995175,phase0-forces,A,nominal,Kerbin,3531599999999.9995,600000.0,2630.0,0.0,0.0,340.0,918721.6109055476,1615.2416778463373,6.306955037871376e-05,1369408.0323368132,5655.47533198387,656662.0043840886,1417.0408339302412,13.945846171067783,775.1170661266016,2856939.2852518647,-597550.4342458642,1729694.4255030004,1
849.919999999517,phase0-forces,A,nominal,Kerbin,3531599999999.9995,600000.0,2630.0,0.0,0.0,340.0,919560.1228262524,1614.44706786895,6.293443584581837e-05,1370144.7069653808,5662.726401050296,657064.9757734721,1416.3233199201522,13.942881830475258,774.7729889762995,2856939.285251211,-597550.4342457752,1729694.425502718,1
850.4399999995165,phase0-forces,A,nominal,Kerbin,3531599999999.9995,600000.0,2630.0,0.0,0.0,340.0,920398.222515943,1613.6533340076678,6.279938679654151e-05,1370881.0086950469,5669.975928954363,657467.7683368626,1415.606607285216,13.939918600313778,774.429270129893,2856939.285256621,-597550.4342454453,1729694.4255055878,1
850.979999999516,phase0-forces,A,nominal,Kerbin,3531599999999.9995,600000.0,2630.0,0.0,0.0,340.0,921268.1209759386,1612.8299972246587,6.265913543757051e-05,1371645.2354798033,5677.50265425029,657885.8638448082,1414.8631751367336,13.936842575223315,774.0727097687443,2856939.28529944,-597550.4342451234,1729694.4255271582,1
851.4799999995156,phase0-forces,A,nominal,Kerbin,3531599999999.9995,600000.0,2630.0,0.0,0.0,340.0,922073.1870140224,1612.0684871395931,6.252979073906317e-05,1372352.4951215847,5684.470363562396,658272.8177262596,1414.1755792510055,13.933995471836827,773.7429043608804,2856939.2853246536,-597550.4342452489,1729694.4255397024,1
851.9999999995151,phase0-forces,A,nominal,Kerbin,3531599999999.9995,600000.0,2630.0,0.0,0.0,340.0,922910.0527278157,1611.2773703818489,6.239717913558707e-05,1373087.6806493578,5691.715271426624,658675.0749236492,1413.4612603953126,13.931035573754704,773.40025595689,2856939.285318248,-597550.4342451034,1729694.4255365722,1
852.5399999995146,phase0-forces,A,nominal,Kerbin,3531599999999.9995,600000.0,2630.0,0.0,0.0,340.0,923778.6711862059,1610.4567454262506,6.225844845175743e-05,1373850.7496178988,5699.237200822595,659092.6150638211,1412.7203086301479,13.927963009290458,773.0448048588532,2856939.285298979,-597550.4342450384,1729694.4255269703,1
853.0799999995141,phase0-forces,A,nominal,Kerbin,3531599999999.9995,600000.0,2630.0,0.0,0.0,340.0,924646.8475462864,1609.6370551546224,6.211845902726054e-05,1374613.4187023798,5706.757471356631,659509.9633632144,1411.9802117488853,13.924891642966793,772.6897361484425,2856939.2853592844,-597550.4342447212,1729694.4255572816,1
853.5999999995137,phase0-forces,A,nominal,Kerbin,3531599999999.9995,600000.0,2630.0,0.0,0.0,340.0,925482.4518576709,1608.8486052229982,6.198682240210474e-05,1375347.4632745432,5713.997646121899,659911.6731963988,1411.2683320413778,13.921935163444063,772.3481787551771,2856939.285371004,-597550.4342445036,1729694.4255632502,1
854.1199999995132,phase0-forces,A,nominal,Kerbin,3531599999999.9995,600000.0,2630.0,0.0,0.0,340.0,926317.6471255955,1608.061018242117,6.185711390571669e-05,1376081.1378730389,5721.236283801871,660313.2055111739,1410.5572415867064,13.918979795136623,772.0069744494791,2856939.28535941,-597550.4342442024,1729694.4255576038,1
854.6199999995127,phase0-forces,A,nominal,Kerbin,3531599999999.9995,600000.0,2630.0,0.0,0.0,340.0,927120.3341689392,1607.3045351651117,6.172896974021569e-05,1376786.2456978536,5728.195063340762,660699.127039516,1409.874243497558,13.916139142847499,771.679225686348,2856939.2853522045,-597550.4342440489,1729694.4255540778,1
855.1599999995123,phase0-forces,A,nominal,Kerbin,3531599999999.9995,600000.0,2630.0,0.0,0.0,340.0,927986.8123229095,1606.4884258045622,6.1593389546033e-05,1377547.3787925409,5735.708950232181,661115.7383222429,1409.1374216947665,13.9130723925105,771.3256221856285,2856939.285363919,-597550.4342442377,1729694.4255598406,1
855.6599999995118,phase0-forces,A,nominal,Kerbin,3531599999999.9995,600000.0,2630.0,0.0,0.0,340.0,928788.7148755561,1605.7335935068486,6.146752275526524e-05,1378251.7770857217,5742.664776605315,661501.3193427266,1408.455933350313,13.910233877548338,770.998548974113,2856939.2853282155,-597550.4342438477,1729694.425542184,1
856.1799999995113,phase0-forces,A,nominal,Kerbin,3531599999999.9995,600000.0,2630.0,0.0,0.0,340.0,929622.2940903071,1604.949407157625,6.133713031886145e-05,1378983.9900456867,5749.8973307593105,661902.1502128973,1407.7479529977795,13.907282912157216,770.6587363082153,2856939.2853406356,-597550.4342436991,1729694.4255484683,1
856.6999999995109,phase0-forces,A,nominal,Kerbin,3531599999999.9995,600000.0,2630.0,0.0,0.0,340.0,930455.4664714127,1604.1660746946302,6.12092117080465e-05,1379715.8350596193,5757.128350707481,662302.8044717312,1407.040753550522,13.904333058325651,770.3192731402744,2856939.2853048206,-597550.4342433268,1729694.4255307468,1
857.2199999995104,phase0-forces,A,nominal,Kerbin,3531599999999.9995,600000.0,2630.0,0.0,0.0,340.0,931288.2324590625,1603.3835943246572,6.107830995460972e-05,1380447.312531679,5764.357837011456,662703.2822993954,1406.3343333643334,13.901384316075278,769.9801587471264,2856939.2853002353,-597550.4342435676,1729694.4255283338,1
857.7399999995099,phase0-forces,A,nominal,Kerbin,3531599999999.9995,600000.0,2630.0,0.0,0.0,340.0,932120.5924958275,1602.6019642426093,6.094717173255049e-05,1381178.4228675885,5771.585790264343,663103.5838782899,1405.628690771202,13.898436685511793,769.6413924242936,2856939.285325084,-597550.4342437512,1729694.4255406663,1
858.2599999995094,phase0-forces,A,nominal,Kerbin,3531599999999.9995,600000.0,2630.0,0.0,0.0,340.0,932952.547022555,1601.8211826470326,6.0818445490440354e-05,1381909.1664717086,5778.812211035165,663503.7093896582,1404.923824109333,13.895490166596916,769.3029734634958,2856939.2853637985,-597550.4342434749,1729694.4255601617,1
858.779999999509,phase0-forces,A,nominal,Kerbin,3531599999999.9995,600000.0,2630.0,0.0,0.0,340.0,933784.0964774576,1601.0412477406303,6.0688824305543676e-05,1382639.5437461557,5786.037099903777,663903.6590133179,1404.2197317290909,13.892544759418548,768.9649011428689,2856939.285385306,-597550.4342433875,1729694.4255709592,1
859.2999999995085,phase0-forces,A,nominal,Kerbin,3531599999999.9995,600000.0,2630.0,0.0,0.0,340.0,934615.2412990145,1600.2621577346733,6.0563936131075025e-05,1383369.5550933036,5793.260457455246,664303.432929155,1403.5164119826118,13.889600464026088,768.62717475512,2856939.285382506,-597550.4342433115,1729694.4255695972,1
859.819999999508,phase0-forces,A,nominal,Kerbin,3531599999999.9995,600000.0,2630.0,0.0,0.0,340.0,935445.9819243168,1599.4839108504837,6.043559551471844e-05,1384099.200914298,5800.482284253986,664703.0313163928,1402.813863235533,13.886657280437602,768.2897935891983,2856939.2853708095,-597550.4342436581,1729694.4255635757,1
860.3199999995076,phase0-forces,A,nominal,Kerbin,3531599999999.9995,600000.0,2630.0,0.0,0.0,340.0,936244.3902192854,1598.7363899943061,6.031173325027339e-05,1384800.4391003638,5807.424905462771,665087.0951714752,1402.1390611610595,13.88382834467975,767.9657135373327,2856939.2853898495,-597550.4342438533,1729694.4255729981,1
860.8399999995071,phase0-forces,A,nominal,Kerbin,3531599999999.9995,600000.0,2630.0,0.0,0.0,340.0,937074.3392681053,1597.959791776218,6.018540443619713e-05,1385529.3690921273,5814.643731334475,665486.3497758103,1401.4380200077262,13.880887341895907,767.6290075139941,2856939.285400064,-597550.434243892,1729694.4255780862,1
861.3399999995066,phase0-forces,A,nominal,Kerbin,3531599999999.9995,600000.0,2630.0,0.0,0.0,340.0,937871.987235484,1597.2138528945939,6.006477269693278e-05,1386229.919718605,5821.583468097332,665870.0833995249,1400.7646645236582,13.878060503111447,767.3055753329235,2856939.2853788566,-597550.4342439563,1729694.42556745,1
861.8599999995062,phase0-forces,A,nominal,Kerbin,3531599999999.9995,600000.0,2630.0,0.0,0.0,340.0,938701.1463778794,1596.4388965417477,5.993929516989738e-05,1386958.1354140795,5828.7992952513,666268.994905268,1400.0651247077321,13.875121681177513,766.9695417465338,2856939.2853618064,-597550.434244135,1729694.4255588357,1
862.3799999995057,phase0-forces,A,nominal,Kerbin,3531599999999.9995,600000.0,2630.0,0.0,0.0,340.0,939529.9034654407,1595.6647746157507,5.9812206018250436e-05,1387685.9875473822,5836.01359451131,666667.7317631929,1399.3663478782696,13.872183971067537,766.6338499487489,2856939.2853320823,-597550.4342438179,1729694.4255441322,1
862.8999999995052,phase0-forces,A,nominal,Kerbin,3531599999999.9995,600000.0,2630.0,0.0,0.0,340.0,940358.2589306559,1594.891485373239,5.968729965388775e-05,1388413.476515887,5843.226366452819,667066.2941496749,1398.6683324368894,13.869247372743969,766.2984992361532,2856939.2853281465,-597550.4342437235,1729694.4255422116,1
863.4199999995047,phase0-forces,A,nominal,Kerbin,3531599999999.9995,600000.0,2630.0,0.0,0.0,340.0,941186.213203185,1594.1190270656489,5.95621568209026e-05,1389140.602713257,5850.437611647512,667464.68224227,1397.9710767725264,13.866311886186583,765.9634889176305,2856939.2853239053,-597550.4342437488,1729694.4255400782,1
863.9399999995043,phase0-forces,A,nominal,Kerbin,3531599999999.9995,600000.0,2630.0,0.0,0.0,340.0,942013.7667142276,1593.3473979499274,5.94383709540125e-05,1389867.3665348839,5857.647330681444,667862.8962184803,1397.274579276552,13.863377511343586,765.6288183090528,2856939.285301095,-597550.4342434239,1729694.4255288355,1
864.4399999995038,phase0-forces,A,nominal,Kerbin,3531599999999.9995,600000.0,2630.0,0.0,0.0,340.0,942809.1137057634,1592.6062272403053,5.931673149461858e-05,1390565.8365303725,5864.578314122459,668245.6302358778,1396.6055836638898,13.860557045505,765.3073393623197,2856939.2853184426,-597550.4342434803,1729694.4255374812,1
864.9599999995033,phase0-forces,A,nominal,Kerbin,3531599999999.9995,600000.0,2630.0,0.0,0.0,340.0,943635.8823528518,1591.8362195928619,5.919431714573875e-05,1391291.8906805492,5871.785041204512,668643.5031870424,1395.9105687280019,13.857624851356814,764.9733331003372,2856939.285308572,-597550.4342433839,1729694.425532594,1
865.4999999995028,phase0-forces,A,nominal,Kerbin,3531599999999.9995,600000.0,2630.0,0.0,0.0,340.0,944494.0269648235,1591.0374684699264,5.9065318055218086e-05,1392045.4876786773,5879.267336581636,669056.4952072694,1395.1896199137807,13.85458105707917,764.6268378390632,2856939.285304575,-597550.4342432567,1729694.4255306593,1
866.0399999995024,phase0-forces,A,nominal,Kerbin,3531599999999.9995,600000.0,2630.0,0.0,0.0,340.0,945351.741239303,1590.2396041032634,5.8937137509929016e-05,1392798.6955820383,5886.747988623748,669469.3002180436,1394.469481859314,13.851538461505676,764.2807059606894,2856939.285282363,-597550.4342431788,1729694.4255195921,1
866.5599999995019,phase0-forces,A,nominal,Kerbin,3531599999999.9995,600000.0,2630.0,0.0,0.0,340.0,946177.2820404903,1589.4721265857722,5.881478500668891e-05,1393523.6395614268,5893.950026929131,669866.6395893088,1393.7767802144424,13.848609687569736,763.9477365225191,2856939.2852957505,-597550.4342428541,1729694.425526448,1
867.0799999995014,phase0-forces,A,nominal,Kerbin,3531599999999.9995,600000.0,2630.0,0.0,0.0,340.0,947002.4246591567,1588.7054678707948,5.869222150067799e-05,1394248.223530893,5901.150542563279,670263.805903715,1393.084827178322,13.845682025169046,763.6151026645317,2856939.285315147,-597550.4342426097,1729694.4255362689,1
867.5999999995009,phase0-forces,A,nominal,Kerbin,3531599999999.9995,600000.0,2630.0,0.0,0.0,340.0,947827.1695194975,1587.939626254552,5.856950156157836e-05,1394972.4478792795,5908.349536105456,670660.7993361397,1392.3936211859082,13.842755474198873,763.2828037045781,2856939.2853378956,-597550.434242877,1729694.4255475092,1
868.1199999995005,phase0-forces,A,nominal,Kerbin,3531599999999.9995,600000.0,2630.0,0.0,0.0,340.0,948651.51704355,1587.1746000360088,5.8448986237635836e-05,1395696.3129939218,5915.547008127975,671057.620059601,1391.7031606659534,13.839830034528022,762.9508389775024,2856939.285342529,-597550.4342429615,1729694.4255497837,1
868.6399999995,phase0-forces,A,nominal,Kerbin,3531599999999.9995,600000.0,2630.0,0.0,0.0,340.0,949475.4676534287,1586.4103875269934,5.832667739014141e-05,1396419.8192617875,5922.7429592059825,671454.2682480523,1391.0134440662714,13.836905706157545,762.6192078101067,2856939.2853547134,-597550.4342431052,1729694.425555804,1
869.1599999994995,phase0-forces,A,nominal,Kerbin,3531599999999.9995,600000.0,2630.0,0.0,0.0,340.0,950299.0217719597,1585.6469870368974,5.820574369863607e-05,1397142.967071021,5929.937389927491,671850.7440746275,1390.3244698321057,13.833982488998272,762.2879095287809,2856939.2853661575,-597550.4342433806,1729694.4255613885,1
869.679999999499,phase0-forces,A,nominal,Kerbin,3531599999999.9995,600000.0,2630.0,0.0,0.0,340.0,951122.1798183008,1584.8843968865438,5.808444257127121e-05,1397865.7568056951,5937.130300861119,672247.047712453,1389.6362364152174,13.831060382966664,761.9569434717797,2856939.28539091,-597550.4342435362,1729694.425573687,1
870.1999999994986,phase0-forces,A,nominal,Kerbin,3531599999999.9995,600000.0,2630.0,0.0,0.0,340.0,951944.9422134405,1584.1226153905693,5.796625555376522e-05,1398588.1888520638,5944.321692589555,672643.1793343319,1388.948742262867,13.82813938797858,761.6263089726638,2856939.285392507,-597550.4342433581,1729694.4255745744,1
870.7199999994981,phase0-forces,A,nominal,Kerbin,3531599999999.9995,600000.0,2630.0,0.0,0.0,340.0,952767.3093754614,1583.361640874234,5.784624954685569e-05,1399310.26359335,5951.51156568942,673039.1391126541,1388.2619858406792,13.825219503939515,761.2960053535733,2856939.2853618893,-597550.4342436965,1729694.4255590965,1
871.2599999994976,phase0-forces,A,nominal,Kerbin,3531599999999.9995,600000.0,2630.0,0.0,0.0,340.0,953620.8881645075,1582.5722504677453,5.7721365010365844e-05,1400059.7326680783,5958.976365626961,673450.1464125885,1387.5495949095298,13.822188492355567,760.9533472705313,2856939.2853769185,-597550.4342438855,1729694.4255665166,1
871.7599999994972,phase0-forces,A,nominal,Kerbin,3531599999999.9995,600000.0,2630.0,0.0,0.0,340.0,954410.8596705906,1581.8421061473,5.760731437476352e-05,1400753.3426929566,5965.886758318271,673830.5438250477,1386.8906800625514,13.819383068224482,760.6363881565051,2856939.285373623,-597550.4342436724,1729694.4255649752,1
872.2799999994967,phase0-forces,A,nominal,Kerbin,3531599999999.9995,600000.0,2630.0,0.0,0.0,340.0,955232.0436372389,1581.083542603444,5.748953117290512e-05,1401474.3478155027,5973.072079004018,674225.9891024029,1386.2061276418074,13.81646651637548,760.3070732491994,2856939.285352048,-597550.4342436471,1729694.4255542003,1
872.7999999994962,phase0-forces,A,nominal,Kerbin,3531599999999.9995,600000.0,2630.0,0.0,0.0,340.0,956052.8340358254,1580.325779400604,5.737108222092502e-05,1402194.9971602806,5980.255883372787,674621.2632204634,1385.5223068361029,13.81355107505594,759.978086594862,2856939.2853065482,-597550.4342434736,1729694.4255315373,1
873.3199999994957,phase0-forces,A,nominal,Kerbin,3531599999999.9995,600000.0,2630.0,0.0,0.0,340.0,956873.2312831567,1579.5688149020525,5.725172013626434e-05,1402915.2911094395,5987.438172001181,675016.3663508543,1384.8392161403885,13.810636744106814,759.6494275410673,2856939.2853089822,-597550.4342433366,1729694.4255328227,1
873.8199999994953,phase0-forces,A,nominal,Kerbin,3531599999999.9995,600000.0,2630.0,0.0,0.0,340.0,957661.7044138145,1578.8417161111927,5.713621067116037e-05,1403607.5466418131,5994.342789878408,675396.1121164507,1384.1830852880767,13.807835549868908,759.3337175529246,2856939.2853652146,-597550.4342435115,1729694.4255608516,1
874.3399999994948,phase0-forces,A,nominal,Kerbin,3531599999999.9995,600000.0,2630.0,0.0,0.0,340.0,958481.331676842,1578.0863135156717,5.702105045202188e-05,1404327.1445656798,6001.522106997031,675790.8803421562,1383.501422327717,13.80492339664355,759.0056991964422,2856939.285351504,-597550.4342436481,1729694.425553928,1
874.8599999994943,phase0-forces,A,nominal,Kerbin,3531599999999.9995,600000.0,2630.0,0.0,0.0,340.0,959300.5670104048,1577.3317047618168,5.690431498805992e-05,1405046.388214672,6008.699910086066,676185.4780822091,1382.8204850030409,13.802012353446932,758.67800650722,2856939.285329293,-597550.4342438309,1729694.425542731,1
875.3799999994939,phase0-forces,A,nominal,Kerbin,3531599999999.9995,600000.0,2630.0,0.0,0.0,340.0,960119.4108243468,1576.577888226508,5.678793240804225e-05,1405765.2779635517,6015.87619971789,676579.9055074836,1382.1402718155264,13.799102420175284,758.3506388491119,2856939.2853237544,-597550.4342436362,1729694.425540059,1
875.9199999994934,phase0-forces,A,nominal,Kerbin,3531599999999.9995,600000.0,2630.0,0.0,0.0,340.0,960969.3346745984,1575.795915513907,5.666610741172917e-05,1406511.4431432455,6023.326899219154,676989.3231319303,1381.4346614349786,13.796081740922828,758.0110234455278,2856939.2853263137,-597550.4342437686,1729694.4255412726,1
876.4399999994929,phase0-forces,A,nominal,Kerbin,3531599999999.9995,600000.0,2630.0,0.0,0.0,340.0,961787.3816629976,1575.0437088544256,5.655010318150744e-05,1407229.6126481055,6030.500105526543,677383.4038980457,1380.7559197582705,13.793174069614611,757.6843163240759,2856939.2853304143,-597550.4342443962,1729694.425543009,1
876.9599999994924,phase0-forces,A,nominal,Kerbin,3531599999999.9995,600000.0,2630.0,0.0,0.0,340.0,962605.0383741865,1574.2922894909047,5.643581971526146e-05,1407947.429392686,6037.671800128937,677777.3148594997,1380.0778976871927,13.79026750774923,757.3579322802909,2856939.2853299575,-597550.4342443658,1729694.4255427958,1
877.479999999492,phase0-forces,A,nominal,Kerbin,3531599999999.9995,600000.0,2630.0,0.0,0.0,340.0,963422.3052185702,1573.541655817894,5.631808380712755e-05,1408664.8937533163,6044.841983603412,678171.0561851631,1379.4005937498614,13.787362055181365,757.0318706660961,2856939.2853582846,-597550.4342443199,1729694.4255569824,1
877.9799999994915,phase0-forces,A,nominal,Kerbin,3531599999999.9995,600000.0,2630.0,0.0,0.0,340.0,964207.7714381085,1572.8206320989261,5.621123273158446e-05,1409354.431362836,6051.73496626535,678549.4937948226,1378.7500158063372,13.78456939674577,756.7186533425992,2856939.2852996453,-597550.4342445297,1729694.4255275577,1
878.499999999491,phase0-forces,A,nominal,Kerbin,3531599999999.9995,600000.0,2630.0,0.0,0.0,340.0,965024.2747240167,1572.071534921552,5.609247455140576e-05,1410071.2055907152,6058.902187296788,678942.9028597816,1378.07411622173,13.781666119616398,756.3932223316583,2856939.285334014,-597550.4342444562,1729694.4255447788,1
879.0199999994906,phase0-forces,A,nominal,Kerbin,3531599999999.9995,600000.0,2630.0,0.0,0.0,340.0,965840.3893436475,1571.323218674784,5.59814325242769e-05,1410787.6285351776,6066.0678989030575,679336.1427836744,1377.3989303912563,13.778763951259673,756.0681118573123,2856939.2852788605,-597550.4342443943,1729694.425517233,1
879.5399999994901,phase0-forces,A,nominal,Kerbin,3531599999999.9995,600000.0,2630.0,0.0,0.0,340.0,966656.1157034058,1570.5756817861395,5.586674888036214e-05,1411503.7005690574,6073.2321016751785,679729.2137333655,1376.7244568683047,13.775862891558772,755.743321293851,2856939.285242107,-597550.4342444,1729694.4254988537,1
880.0599999994896,phase0-forces,A,nominal,Kerbin,3531599999999.9995,600000.0,2630.0,0.0,0.0,340.0,967471.45420616,1569.8289226735544,5.57519742869772e-05,1412219.422061602,6080.394796184491,680122.1158750035,1376.0506941968056,13.772962940313136,755.4188500128566,2856939.2852429743,-597550.4342444368,1729694.4254992688,1
880.5799999994891,phase0-forces,A,nominal,Kerbin,3531599999999.9995,600000.0,2630.0,0.0,0.0,340.0,968286.4052544048,1569.082939753131,5.5638436606386676e-05,1412934.79338141,6087.555983001758,680514.8493752134,1375.377640918303,13.770064097310884,755.0946973864188,2856939.2852676315,-597550.4342444176,1729694.425511607,1
881.0999999994887,phase0-forces,A,nominal,Kerbin,3531599999999.9995,600000.0,2630.0,0.0,0.0,340.0,969100.9692514306,1568.3377314341014,5.5525681091239676e-05,1413649.8148987498,6094.715662718817,680907.4143989766,1374.7052955694728,13.767166362368336,754.7708627811905,2856939.2852500062,-597550.434244285,1729694.4255028607,1
881.6199999994882,phase0-forces,A,nominal,Kerbin,3531599999999.9995,600000.0,2630.0,0.0,0.0,340.0,969915.1465978883,1567.5932961559433,5.541267819353379e-05,1414364.4869808238,6101.873835897447,681299.8111115484,1374.0336567158884,13.764269735323095,754.4473455740122,2856939.2852511765,-597550.4342442742,1729694.4255034511,1
882.1399999994877,phase0-forces,A,nominal,Kerbin,3531599999999.9995,600000.0,2630.0,0.0,0.0,340.0,970728.9376913935,1566.8496323467186,5.530097769224085e-05,1415078.8099926212,6109.030503116244,681692.0396757713,1373.3627229098015,13.761374216002244,754.1241451422372,2856939.28523513,-597550.4342441187,1729694.4254955058,1
882.6599999994872,phase0-forces,A,nominal,Kerbin,3531599999999.9995,600000.0,2630.0,0.0,0.0,340.0,971542.3429339814,1566.106738449454,5.5187461839523166e-05,1415792.7843022165,6116.185664952121,682084.1002582579,1372.6924927181474,13.758479804140539,753.8012608675479,2856939.2852483173,-597550.4342438342,1729694.4255022416,1
883.1599999994868,phase0-forces,A,nominal,Kerbin,3531599999999.9995,600000.0,2630.0,0.0,0.0,340.0,972324.0998552842,1565.3931420030538,5.5079435696825385e-05,1416478.969559019,6123.064209146233,682460.9233263393,1372.0487028175874,13.755697760076771,753.4910927847138,2856939.285271152,-597550.4342438718,1729694.42551364,1
883.6999999994863,phase0-forces,A,nominal,Kerbin,3531599999999.9995,600000.0,2630.0,0.0,0.0,340.0,973167.9974597327,1564.623254137823,5.496593803400174e-05,1417219.6882756068,6130.491474784637,682867.7181341458,1371.35413742914,13.75269430210211,753.1564382943579,2856939.285239515,-597550.4342432813,1729694.4254981168,1
884.2199999994858,phase0-forces,A,nominal,Kerbin,3531599999999.9995,600000.0,2630.0,0.0,0.0,340.0,973980.2475378162,1563.8826606214434,5.4855849157320336e-05,1417932.6186677685,6137.642123935354,683259.2757557911,1370.6860094796807,13.749803211453655,752.8344987583394,2856939.2852256447,-597550.4342432771,1729694.4254911838,1
884.7399999994853,phase0-forces,A,nominal,Kerbin,3531599999999.9995,600000.0,2630.0,0.0,0.0,340.0,974792.1133527951,1563.1428308101167,5.474231147672981e-05,1418645.201813434,6144.791269997856,683650.6660496519,1370.0185794357792,13.746913227494497,752.5128729068697,2856939.285235451,-597550.4342433362,1729694.4254960574,1
885.2599999994849,phase0-forces,A,nominal,Kerbin,3531599999999.9995,600000.0,2630.0,0.0,0.0,340.0,975603.5953032163,1562.4037631511503,5.463249908643775e-05,1419357.4380780002,6151.938913558592,684041.8891798079,1369.3518458698036,13.744024349982045,752.1915601204953,2856939.285217784,-597550.434243514,1729694.4254871348,1
885.7799999994844,phase0-forces,A,nominal,Kerbin,3531599999999.9995,600000.0,2630.0,0.0,0.0,340.0,976414.6937815247,1561.6654561224157,5.452299228636548e-05,1420069.3278208594,6159.085055192586,684432.9453087377,1368.6858073793082,13.741136578623516,751.8705597973706,2856939.2852376024,-597550.4342436247,1729694.425496989,1
886.2999999994839,phase0-forces,A,nominal,Kerbin,3531599999999.9995,600000.0,2630.0,0.0,0.0,340.0,977225.4091849811,1560.9279081678349,5.4415893828263506e-05,1420780.871406625,6166.229695477856,684823.8345991656,1368.0204625315057,13.7382499132743,751.549871320339,2856939.2851817063,-597550.4342433906,1729694.4254691578,1
886.8199999994835,phase0-forces,A,nominal,Kerbin,3531599999999.9995,600000.0,2630.0,0.0,0.0,340.0,978035.7419028678,1560.191117784475,5.430459350463934e-05,1421492.0691921148,6173.372834984125,685214.5572116044,1367.3558099458883,13.73536435366522,751.2294940874363,2856939.2851603115,-597550.4342431528,1729694.4254585793,1
887.339999999483,phase0-forces,A,nominal,Kerbin,3531599999999.9995,600000.0,2630.0,0.0,0.0,340.0,978845.6923282773,1559.4550834503434,5.419437729869969e-05,1422202.921537543,6180.514474280207,685605.1133082858,1366.691848222793,13.732479899594928,750.9094274919519,2856939.2851827834,-597550.4342429626,1729694.4254699103,1
887.8599999994825,phase0-forces,A,nominal,Kerbin,3531599999999.9995,600000.0,2630.0,0.0,0.0,340.0,979655.2608544284,1558.7198036301224,5.408858851296827e-05,1422913.4288030027,6187.654613949883,685995.5030519755,1366.028575944766,13.729596550788266,750.5896709318574,2856939.285165721,-597550.4342422034,1729694.4254617589,1
888.379999999482,phase0-forces,A,nominal,Kerbin,3531599999999.9995,600000.0,2630.0,0.0,0.0,340.0,980464.4478701307,1557.9852768229975,5.397708446253091e-05,1423623.591344982,6194.793254562923,686385.7266027512,1365.365991743683,13.726714306992594,750.2702237869734,2856939.2851737114,-597550.4342424243,1729694.4254656436,1
888.8799999994816,phase0-forces,A,nominal,Kerbin,3531599999999.9995,600000.0,2630.0,0.0,0.0,340.0,981242.1528887735,1557.2797097601797,5.3874980949331075e-05,1424306.1151853788,6201.655918935577,686760.784976633,1364.7295391302762,13.723943960580035,749.9633543168495,2856939.2851588423,-597550.4342424402,1729694.425458201,1
889.3999999994811,phase0-forces,A,nominal,Kerbin,3531599999999.9995,600000.0,2630.0,0.0,0.0,340.0,982050.5926894301,1556.5466556250742,5.376619810704142e-05,1425015.6025774747,6208.791620767424,687150.6829992561,1364.0683005601816,13.721063883604971,749.6445123859464,2856939.285155208,-597550.4342422787,1729694.4254564645,1
889.9199999994806,phase0-forces,A,nominal,Kerbin,3531599999999.9995,600000.0,2630.0,0.0,0.0,340.0,982858.6521342767,1555.8143500383771,5.365736797102727e-05,1425724.746304452,6215.9258252463205,687540.4153048606,1363.4077459554208,13.71818491088192,749.325978100885,2856939.285150815,-597550.4342424953,1729694.4254541597,1
890.4399999994802,phase0-forces,A,nominal,Kerbin,3531599999999.9995,600000.0,2630.0,0.0,0.0,340.0,983666.331609576,1555.0827915006532,5.3551499149762094e-05,1426433.5467205252,6223.058532945968,687929.9820523383,1362.747873928297,13.715307042217471,749.0077508798615,2856939.285126263,-597550.4342420453,1729694.4254421087,1
890.9599999994797,phase0-forces,A,nominal,Kerbin,3531599999999.9995,600000.0,2630.0,0.0,0.0,340.0,984473.6315019955,1554.3519785348828,5.344285455066711e-05,1427142.0041798837,6230.189744439466,688319.3834015531,1362.088683126484,13.712430277275715,748.6898301232334,2856939.2851624545,-597550.434241753,1729694.4254603507,1
891.4799999994792,phase0-forces,A,nominal,Kerbin,3531599999999.9995,600000.0,2630.0,0.0,0.0,340.0,985280.5521977099,1553.6219096326508,5.3337695135269314e-05,1427850.119036803,6237.319460304819,688708.6195110485,1361.4301721637325,13.709554615804075,748.3722152278706,2856939.285152489,-597550.4342416769,1729694.4254554058,1
891.9999999994787,phase0-forces,A,nominal,Kerbin,3531599999999.9995,600000.0,2630.0,0.0,0.0,340.0,986087.0940832288,1552.8925833176957,5.323138611856848e-05,1428557.891645323,6244.447681114567,689097.690540615,1360.77233967789,13.706680057544045,748.0549056135307,2856939.2851440534,-597550.4342413301,1729694.4254513616,1
892.4999999994783,phase0-forces,A,nominal,Kerbin,3531599999999.9995,600000.0,2630.0,0.0,0.0,340.0,986862.2582487783,1552.192006936563,5.312814755598083e-05,1429238.1198019201,6251.30033020929,689471.641769019,1360.1404470172142,13.703917099374161,747.7500875571342,2856939.285157958,-597550.4342411156,1729694.4254584212,1
893.0199999994778,phase0-forces,A,nominal,Kerbin,3531599999999.9995,600000.0,2630.0,0.0,0.0,340.0,987668.0581964743,1551.4641329424328,5.3023293730802834e-05,1429945.2220969454,6258.425620066229,689860.3894471979,1359.4839414482426,13.701044704360223,747.433375040997,2856939.2851435933,-597550.4342410978,1729694.4254512477,1
893.5199999994774,phase0-forces,A,nominal,Kerbin,3531599999999.9995,600000.0,2630.0,0.0,0.0,340.0,988442.5096698413,1550.764950291867,5.292252899380401e-05,1430624.8063711582,6265.2754520013705,690234.0300544596,1358.8533221566424,13.698283825685435,747.129130028956,2856939.285121287,-597550.4342412433,1729694.425440022,1
894.0599999994769,phase0-forces,A,nominal,Kerbin,3531599999999.9995,600000.0,2630.0,0.0,0.0,340.0,989278.5254518066,1550.010598150477,5.281048288452439e-05,1431358.4034154436,6272.671720284121,690637.391127754,1358.1729523523386,13.695303221189523,746.8008600336585,2856939.2851694594,-597550.4342413483,1729694.4254640555,1
894.5799999994764,phase0-forces,A,nominal,Kerbin,3531599999999.9995,600000.0,2630.0,0.0,0.0,340.0,990083.1935235623,1549.2849344122992,5.270890687825158e-05,1432064.4831393913,6279.792531789734,691025.6454449113,1357.5184661177375,13.692434132471103,746.485056376747,2856939.285158861,-597550.4342411696,1729694.4254588457,1
895.1199999994759,phase0-forces,A,nominal,Kerbin,3531599999999.9995,600000.0,2630.0,0.0,0.0,340.0,990918.4118424288,1548.5321372182354,5.2601226343540475e-05,1432797.3597471318,6287.185641870646,691428.6588922894,1356.8395169157993,13.68945586007693,746.1574258369549,2856939.2851520544,-597550.4342410591,1729694.4254554976,1
895.6399999994754,phase0-forces,A,nominal,Kerbin,3531599999999.9995,600000.0,2630.0,0.0,0.0,340.0,991722.3127752088,1547.8079678259412,5.2494124247459695e-05,1433502.7464403426,6294.30341333622,691816.5787829857,1356.1863959040147,13.686589016456647,745.8422367441008,2856939.2851621346,-597550.434241218,1729694.4254604583,1
896.179999999475,phase0-forces,A,nominal,Kerbin,3531599999999.9995,600000.0,2630.0,0.0,0.0,340.0,992556.7352674943,1547.0567193152701,5.2387247706064954e-05,1434234.904111502,6301.693367682633,692219.2452791461,1355.5088615453194,13.683613074826635,745.515243159962,2856939.285152334,-597550.4342411613,1729694.4254555863,1
896.6999999994745,phase0-forces,A,nominal,Kerbin,3531599999999.9995,600000.0,2630.0,0.0,0.0,340.0,993359.8706361102,1546.3340382329213,5.228410373092629e-05,1434939.599216809,6308.8081014765185,692606.8313938035,1354.8571002002477,13.680748475059364,745.2006662341839,2856939.285130923,-597550.4342410852,1729694.425444919,1
897.219999999474,phase0-forces,A,nominal,Kerbin,3531599999999.9995,600000.0,2630.0,0.0,0.0,340.0,994162.6310202878,1545.6120850703448,5.2181061619194224e-05,1435643.9555796839,6315.921345967875,692994.2540069122,1354.2060038459863,13.677884975528197,744.8863887369534,2856939.2850898793,-597550.4342412392,1729694.4254243202,1
897.7399999994735,phase0-forces,A,nominal,Kerbin,3531599999999.9995,600000.0,2630.0,0.0,0.0,340.0,994965.0167963007,1544.8908584116189,5.2075760322622955e-05,1436347.9735452407,6323.033101724659,693381.5132731034,1353.5555711782745,13.675022575995115,744.5724101077006,2856939.2851406923,-597550.4342413881,1729694.4254496521,1
898.2199999994731,phase0-forces,A,nominal,Kerbin,3531599999999.9995,600000.0,2630.0,0.0,0.0,340.0,995705.3484222812,1544.2257542856255,5.1982406148454174e-05,1436997.5362275508,6329.596478478437,693738.838517668,1352.9557596996974,13.672381337087558,744.2828484406966,2856939.2851289585,-597550.4342416547,1729694.4254436519,1
898.7399999994726,phase0-forces,A,nominal,Kerbin,3531599999999.9995,600000.0,2630.0,0.0,0.0,340.0,996507.0148536293,1543.505920676165,5.188017166801728e-05,1437700.9043962609,6336.705372894196,694125.7840910656,1352.306599607795,13.6695210519961,743.9694429301431,2856939.285106607,-597550.4342418897,1729694.4254323584,1
899.2599999994721,phase0-forces,A,nominal,Kerbin,3531599999999.9995,600000.0,2630.0,0.0,0.0,340.0,997308.3077749806,1542.7868093732416,5.1777620683424175e-05,1438403.9351737464,6343.81278024576,694512.5667711576,1351.6580993392072,13.666661865979544,743.6563346198498,2856939.285084305,-597550.4342416907,1729694.425421307,1
899.7599999994717,phase0-forces,A,nominal,Kerbin,3531599999999.9995,600000.0,2630.0,0.0,0.0,340.0,998078.4298466153,1542.096036048885,5.167761628399603e-05,1439079.6084475392,6350.645423934941,694884.3197210599,1351.035162427878,13.66391368482804,743.355548673698,2856939.2850898444,-597550.4342418893,1729694.4254239774,1
900.2799999994712,phase0-forces,A,nominal,Kerbin,3531599999999.9995,600000.0,2630.0,0.0,0.0,340.0,998878.9911993735,1541.3783374556226,5.157733539817855e-05,1439781.9784137115,6357.749916018735,695270.7833282158,1350.3879526446544,13.661056653695878,743.0430216755572,2856939.285093696,-597550.4342417851,1729694.4254259553,1
900.7999999994707,phase0-forces,A,nominal,Kerbin,3531599999999.9995,600000.0,2630.0,0.0,0.0,340.0,999679.1801473431,1540.661356969417,5.147602496435866e-05,1440484.0120014942,6364.85292273088,695657.084497978,1349.7413988236708,13.658200720663002,742.7307902015641,2856939.285095804,-597550.4342413287,1729694.4254272375,1
901.2999999994703,phase0-forces,A,nominal,Kerbin,3531599999999.9995,600000.0,2630.0,0.0,0.0,340.0,1000448.2417477157,1539.9726285482443,5.137980406288989e-05,1441158.727393125,6371.68133663217,696028.3748877824,1349.1203298567605,13.655455666428702,742.4308457866744,2856939.2850774582,-597550.4342413867,1729694.4254180358,1
901.8199999994698,phase0-forces,A,nominal,Kerbin,3531599999999.9995,600000.0,2630.0,0.0,0.0,340.0,1001247.701287877,1539.2570525658537,5.127857002662495e-05,1441860.1021494444,6378.781431387412,696414.3578766554,1348.4750589780358,13.652601886333189,742.1191923469135,2856939.2850810066,-597550.4342413637,1729694.4254198214,1
902.3399999994693,phase0-forces,A,nominal,Kerbin,3531599999999.9995,600000.0,2630.0,0.0,0.0,340.0,1002046.7895236609,1538.5421905241176,5.117790715303272e-05,1442561.1415357029,6385.880042467719,696800.1788822691,1347.8304402364051,13.649749203361115,741.8078327583055,2856939.285080163,-597550.4342417162,1729694.4254192233,1
902.8799999994689,phase0-forces,A,nominal,Kerbin,3531599999999.9995,600000.0,2630.0,0.0,0.0,340.0,1002876.2193163799,1537.8005879546392,5.1072212954750285e-05,1443288.7893700881,6393.250107287571,697200.6678723586,1347.161717333765,13.646787962604904,741.4848082343151,2856939.285104073,-597550.434242032,1729694.4254310206,1
903.3999999994684,phase0-forces,A,nominal,Kerbin,3531599999999.9995,600000.0,2630.0,0.0,0.0,340.0,1003674.551804767,1537.0871769310675,5.0973965699085966e-05,1443989.1461633644,6400.34569570881,697586.1591542605,1346.5184239664732,13.64393751489409,741.1740459391799,2856939.2851015558,-597550.4342422846,1729694.4254296357,1
903.8999999994679,phase0-forces,A,nominal,Kerbin,3531599999999.9995,600000.0,2630.0,0.0,0.0,340.0,1004441.8300912178,1536.401874100025,5.087872705189511e-05,1444662.2508506496,6407.166979329219,697956.6715240211,1345.9004839926076,13.641197733417252,740.8755115746042,2856939.2851182413,-597550.4342425704,1729694.4254378355,1
904.3999999994675,phase0-forces,A,nominal,Kerbin,3531599999999.9995,600000.0,2630.0,0.0,0.0,340.0,1005208.7664483092,1535.7172261936887,5.078238609712571e-05,1445335.0467174207,6413.986893312236,698327.0346943378,1345.2831422111526,13.638458964991402,740.5772468470693,2856939.2851033546,-597550.4342424236,1729694.4254304655,1
904.919999999467,phase0-forces,A,nominal,Kerbin,3531599999999.9995,600000.0,2630.0,0.0,0.0,340.0,1006006.0178911337,1535.0058858045047,5.068509199190885e-05,1446034.427142987,6421.078151480926,698712.0542649617,1344.6417401179056,13.635611720116666,740.2673370345215,2856939.2851080713,-597550.4342421306,1729694.4254329703,1
905.4399999994665,phase0-forces,A,nominal,Kerbin,3531599999999.9995,600000.0,2630.0,0.0,0.0,340.0,1006802.9002232966,1534.2952510850203,5.0583897973410785e-05,1446733.4742085426,6428.167929370896,699096.9127578441,1344.0009825580178,13.632765570229063,739.957717770438,2856939.285145567,-597550.4342423372,1729694.425451615,1
905.959999999466,phase0-forces,A,nominal,Kerbin,3531599999999.9995,600000.0,2630.0,0.0,0.0,340.0,1007599.4138070149,1533.5853206485453,5.048645834904164e-05,1447432.18824565,6435.256227546812,699481.6103232116,1343.3608682493466,13.629920514990927,739.6483885143118,2856939.285140148,-597550.4342421991,1729694.4254489744,1
906.4799999994656,phase0-forces,A,nominal,Kerbin,3531599999999.9995,600000.0,2630.0,0.0,0.0,340.0,1008395.5590102854,1532.8760931308263,5.0387392548145726e-05,1448130.5695907092,6442.343046579457,699866.1471145515,1342.7213959389878,13.627076554018922,739.3393487190256,2856939.285142434,-597550.4342419808,1729694.4254502265,1
906.9799999994651,phase0-forces,A,nominal,Kerbin,3531599999999.9995,600000.0,2630.0,0.0,0.0,340.0,1009160.7361821553,1532.1948052088412,5.029296880820766e-05,1448801.7766808323,6449.1559012774505,700235.7425502649,1342.1071229838522,13.624343007759633,739.0424675365907,2856939.2851568637,-597550.4342416894,1729694.4254575872,1
907.4999999994646,phase0-forces,A,nominal,Kerbin,3531599999999.9995,600000.0,2630.0,0.0,0.0,340.0,1009956.1598476409,1531.4869525187125,5.019701347919181e-05,1449499.506405652,6456.2398205625595,700619.9644090321,1341.4689063267888,13.621501192153618,738.7339939374214,2856939.285132223,-597550.4342414681,1729694.4254453774,1
907.9999999994642,phase0-forces,A,nominal,Kerbin,3531599999999.9995,600000.0,2630.0,0.0,0.0,340.0,1010720.6439035416,1530.8069840271635,5.0101989472750574e-05,1450170.087552097,6463.049888091571,700989.2573016566,1340.8558384177231,13.618769708088994,738.4376561627141,2856939.285114678,-597550.4342415624,1729694.425436558,1
908.5199999994637,phase0-forces,A,nominal,Kerbin,3531599999999.9995,600000.0,2630.0,0.0,0.0,340.0,1011515.347425076,1530.1005009411672,5.000533928978257e-05,1450867.1669332802,6470.130909814428,701373.1648042791,1340.2188726165678,13.615930036437456,738.1297466651981,2856939.2851011087,-597550.4342420326,1729694.4254295381,1
909.0399999994632,phase0-forces,A,nominal,Kerbin,3531599999999.9995,600000.0,2630.0,0.0,0.0,340.0,1012309.6843525174,1529.3947140781609,4.9908936489373446e-05,1451563.9152592253,6477.21045520207,701756.9122701552,1339.5825426532047,13.61309145720777,737.8221239634743,2856939.2850937154,-597550.4342418013,1729694.4254259572,1
909.5599999994628,phase0-forces,A,nominal,Kerbin,3531599999999.9995,600000.0,2630.0,0.0,0.0,340.0,1013103.6550422523,1528.6896220859505,4.981257006875239e-05,1452260.3328563361,6484.288524805647,702140.4998467218,1338.946847291606,13.610253970062468,737.5147875046475,2856939.2850577827,-597550.4342417825,1729694.4254080001,1
910.0799999994623,phase0-forces,A,nominal,Kerbin,3531599999999.9995,600000.0,2630.0,0.0,0.0,340.0,1013897.2598591468,1527.985223630848,4.971446469426155e-05,1452956.4200596095,6491.365119205473,702523.9276831181,1338.3117853042304,13.607417574523431,737.2077367587567,2856939.2850712305,-597550.4342416927,1729694.425414769,1
910.5999999994618,phase0-forces,A,nominal,Kerbin,3531599999999.9995,600000.0,2630.0,0.0,0.0,340.0,1014690.4991576171,1527.2815173590718,4.961952072335407e-05,1453652.177193718,6498.440238961434,702907.1959258202,1337.6773554495303,13.604582270271315,736.9009711795957,2856939.2850494604,-597550.4342419126,1729694.4254037738,1
911.1199999994614,phase0-forces,A,nominal,Kerbin,3531599999999.9995,600000.0,2630.0,0.0,0.0,340.0,1015483.3732972941,1526.5785019448315,4.9522106564836577e-05,1454347.604587336,6505.5138846370255,703290.3047249964,1337.043556502592,13.601748056898483,736.5944902487547,2856939.2850553608,-597550.4342417956,1729694.4254067827,1
911.6399999994609,phase0-forces,A,nominal,Kerbin,3531599999999.9995,600000.0,2630.0,0.0,0.0,340.0,1016275.8826368146,1525.8761760484097,4.9426478653913364e-05,1455042.702569638,6512.586056805399,703673.254227494,1336.4103872355345,13.598914934011782,736.2882934243241,2856939.2850643587,-597550.4342416846,1729694.425411337,1
912.1799999994604,phase0-forces,A,nominal,Kerbin,3531599999999.9995,600000.0,2630.0,0.0,0.0,340.0,1017098.4873708165,1525.147565991001,4.9329282774124295e-05,1455764.1867795938,6519.9286765940205,704070.7641118069,1335.753530460351,13.595973998663057,735.9706199312652,2856939.28502812,-597550.4342418172,1729694.4253931514,1
912.6799999994599,phase0-forces,A,nominal,Kerbin,3531599999999.9995,600000.0,2630.0,0.0,0.0,340.0,1017859.8083436978,1524.4735874804287,4.9237416533287615e-05,1456431.911607434,6526.725982892538,704438.6759352197,1335.1459328414523,13.593251958178936,735.6767499680669,2856939.2850254523,-597550.4342415041,1729694.4253919742,1
913.1999999994595,phase0-forces,A,nominal,Kerbin,3531599999999.9995,600000.0,2630.0,0.0,0.0,340.0,1018651.2254232848,1523.77332217008,4.914162491331808e-05,1457126.02331554,6533.793737946144,704821.1484343617,1334.5146452905876,13.590422104413504,735.3714022786062,2856939.285031772,-597550.4342416447,1729694.4253950638,1
913.699999999459,phase0-forces,A,nominal,Kerbin,3531599999999.9995,600000.0,2630.0,0.0,0.0,340.0,1019411.8606988061,1523.100635409968,4.905095192953013e-05,1457793.1289943676,6540.588268812139,705188.7607824442,1333.9082272686371,13.587702118081546,735.0780646723449,2856939.285043885,-597550.4342415541,1729694.4254011654,1
914.2199999994585,phase0-forces,A,nominal,Kerbin,3531599999999.9995,600000.0,2630.0,0.0,0.0,340.0,1020202.565336515,1522.4017109831311,4.895686652162112e-05,1458486.597413615,6547.653138501227,705570.9221093636,1333.2781641658205,13.584874399837851,734.7732696216739,2856939.2850546525,-597550.434241793,1729694.4254064297,1
914.7199999994581,phase0-forces,A,nominal,Kerbin,3531599999999.9995,600000.0,2630.0,0.0,0.0,340.0,1020962.516228057,1521.7303111015665,4.886771785095334e-05,1459153.085146938,6554.4448960300115,705938.2355239524,1332.6729212606324,13.58215646611114,734.4804624288196,2856939.2850626213,-597550.4342415837,1729694.425410519,1
915.2399999994576,phase0-forces,A,nominal,Kerbin,3531599999999.9995,600000.0,2630.0,0.0,0.0,340.0,1021752.5097849579,1521.0327225157994,4.8771282308734953e-05,1459845.9115245114,6561.506882537872,706320.086240232,1332.0440779672642,13.579330881781209,734.1762180082986,2856939.2851033336,-597550.4342414219,1729694.4254309558,1
915.7599999994571,phase0-forces,A,nominal,Kerbin,3531599999999.9995,600000.0,2630.0,0.0,0.0,340.0,1022542.141352202,1520.3358129966941,4.8679801693651825e-05,1460538.4110648308,6568.567400025186,706701.7788221,1331.4158547479879,13.576506384733621,733.872253515821,2856939.285074357,-597550.4342414214,1729694.4254164677,1
916.2799999994567,phase0-forces,A,nominal,Kerbin,3531599999999.9995,600000.0,2630.0,0.0,0.0,340.0,1023331.4112823689,1519.6395812590274,4.8588084609946236e-05,1461230.5840908303,6575.626449054418,707083.3134153149,1330.788250420249,13.573682974561118,733.5685684399457,2856939.2850604514,-597550.434241467,1729694.425409492,1
916.7999999994562,phase0-forces,A,nominal,Kerbin,3531599999999.9995,600000.0,2630.0,0.0,0.0,340.0,1024120.319924403,1518.944026009668,4.8493253416381776e-05,1461922.4309219194,6582.6840301892435,707464.6901645688,1330.161263793577,13.570860650847276,733.2651622671896,2856939.2850762527,-597550.4342413712,1729694.4254174407,1
917.3199999994557,phase0-forces,A,nominal,Kerbin,3531599999999.9995,600000.0,2630.0,0.0,0.0,340.0,1024908.8676302044,1518.249145942643,4.840022302232683e-05,1462613.9518807912,6589.740144004619,707845.909214543,1329.5348936661794,13.56803941314302,732.9620344779871,2856939.2850663457,-597550.43424088,1729694.4254127329,1
917.8399999994552,phase0-forces,A,nominal,Kerbin,3531599999999.9995,600000.0,2630.0,0.0,0.0,340.0,1025697.0547505771,1517.5549397710513,4.830768739338964e-05,1463305.1472879855,6596.794791055388,708226.9707118422,1328.9091388590755,13.565219260990057,732.6591845508734,2856939.2850544173,-597550.4342405577,1729694.4254069298,1
918.3399999994548,phase0-forces,A,nominal,Kerbin,3531599999999.9995,600000.0,2630.0,0.0,0.0,340.0,1026454.5872555212,1516.8880681590804,4.822038681595586e-05,1463969.451542019,6603.5767228286195,708593.2275507253,1328.3080307218775,13.562508599636567,732.3682442621605,2856939.285057397,-597550.4342400728,1729694.425408662,1
918.8599999994543,phase0-forces,A,nominal,Kerbin,3531599999999.9995,600000.0,2630.0,0.0,0.0,340.0,1027242.0680834656,1516.1951801265054,4.812933912035078e-05,1464660.0092931294,6610.628494408278,708973.9804174146,1327.6834794568933,13.559690575707744,732.0659378823565,2856939.285034785,-597550.43423976,1729694.4253975125,1
919.3599999994539,phase0-forces,A,nominal,Kerbin,3531599999999.9995,600000.0,2630.0,0.0,0.0,340.0,1027998.9221054374,1515.5295735854884,4.803893534699455e-05,1465323.7010062563,6617.407662344834,709339.9407629769,1327.0835263977851,13.556981959901188,731.7755192789455,2856939.285032923,-597550.4342398994,1729694.4253965118,1
919.8799999994534,phase0-forces,A,nominal,Kerbin,3531599999999.9995,600000.0,2630.0,0.0,0.0,340.0,1028785.6979794158,1514.8379987760868,4.7947825805749744e-05,1466013.6223266502,6624.456560623229,709720.3855535381,1326.460174161216,13.554166062490474,731.4737544727673,2856939.2850486827,-597550.4342402278,1729694.4254042276,1
920.3999999994529,phase0-forces,A,nominal,Kerbin,3531599999999.9995,600000.0,2630.0,0.0,0.0,340.0,1029572.1149790112,1514.1470915608766,4.7856119635980576e-05,1466703.2196626642,6631.503994919642,710100.6734985595,1325.8374314513392,13.551351248560634,731.1722650129143,2856939.2850595247,-597550.4342404103,1729694.425409557,1
920.9199999994524,phase0-forces,A,nominal,Kerbin,3531599999999.9995,600000.0,2630.0,0.0,0.0,340.0,1030358.173448862,1513.4568506696785,4.776526111527346e-05,1467392.4933300577,6638.549965796692,710480.804740324,1325.2152971022701,13.548537517640254,730.8710503886826,2856939.2850577356,-597550.434240639,1729694.4254085484,1
921.439999999452,phase0-forces,A,nominal,Kerbin,3531599999999.9995,600000.0,2630.0,0.0,0.0,340.0,1031143.8737348814,1512.7672748415105,4.767420614371076e-05,1468081.4436459716,6645.594473812324,710860.7794211779,1324.5937699529136,13.545724869325609,730.5701100997101,2856939.2850709795,-597550.4342405876,1729694.425415196,1
921.9599999994515,phase0-forces,A,nominal,Kerbin,3531599999999.9995,600000.0,2630.0,0.0,0.0,340.0,1031929.2161808687,1512.078362809354,4.7583511332049966e-05,1468770.0709246038,6652.637519531324,711240.5976846879,1323.9728488404935,13.542913303142258,730.269443636161,2856939.2850784003,-597550.4342405405,1729694.42541893,1
922.479999999451,phase0-forces,A,nominal,Kerbin,3531599999999.9995,600000.0,2630.0,0.0,0.0,340.0,1032714.2011315213,1511.3901133119912,4.749399158754386e-05,1469458.3754819557,6659.679103521899,711620.2596727498,1323.352532607491,13.540102818653144,729.9690504906584,2856939.2850704794,-597550.4342406328,1729694.4254149233,1
922.9999999994506,phase0-forces,A,nominal,Kerbin,3531599999999.9995,600000.0,2630.0,0.0,0.0,340.0,1033498.8289301826,1510.7025250946067,4.740478834719397e-05,1470146.357632355,6666.719226339219,711999.7655275983,1322.7328200993736,13.53729341540563,729.6689301636492,2856939.28505349,-597550.4342407129,1729694.4254063887,1
923.5399999994501,phase0-forces,A,nominal,Kerbin,3531599999999.9995,600000.0,2630.0,0.0,0.0,340.0,1034313.2570665374,1509.9891897586424,4.73112340841908e-05,1470860.4597248393,6674.028577163526,712393.702656066,1322.0899102647202,13.534377102079235,729.3575549760515,2856939.2850485356,-597550.4342404547,1729694.4254040404,1
924.0599999994496,phase0-forces,A,nominal,Kerbin,3531599999999.9995,600000.0,2630.0,0.0,0.0,340.0,1035097.1578833617,1509.3029456711686,4.722109588328749e-05,1471547.785630722,6681.065723183254,712772.8906772255,1321.4714248730425,13.531569901521237,729.0579892379462,2856939.2850656426,-597550.434240184,1729694.4254127291,1
924.5599999994491,phase0-forces,A,nominal,Kerbin,3531599999999.9995,600000.0,2630.0,0.0,0.0,340.0,1035850.5728323874,1508.6437156401894,4.713579983217642e-05,1472208.3727724217,6687.830833389618,713137.347706297,1320.877293448955,13.528871688556352,728.7702011076157,2856939.2850632877,-597550.4342403167,1729694.4254114854,1
925.1199999994486,phase0-forces,A,nominal,Kerbin,3531599999999.9995,600000.0,2630.0,0.0,0.0,340.0,1036694.007064776,1507.9060983196748,4.704057573690079e-05,1472947.8778705918,6695.406155477184,713545.3688271592,1320.2125238440044,13.525850874820847,728.4481756399839,2856939.285040366,-597550.4342407193,1729694.4253998233,1
925.6199999994482,phase0-forces,A,nominal,Kerbin,3531599999999.9995,600000.0,2630.0,0.0,0.0,340.0,1037446.7250087769,1507.2481533549976,4.6954497520346195e-05,1473607.835853923,6702.168406693898,713909.5210813025,1319.6195655716692,13.523154777105036,728.1609178178705,2856939.285035246,-597550.434240671,1729694.4253972876,1
926.1399999994477,phase0-forces,A,nominal,Kerbin,3531599999999.9995,600000.0,2630.0,0.0,0.0,340.0,1038229.2034113628,1506.5645317757303,4.686463944381103e-05,1474293.8778038118,6709.199718223519,714288.0871323342,1319.0034743030901,13.520351893224321,727.862434300388,2856939.2850433136,-597550.4342407025,1729694.4254013055,1
926.6599999994472,phase0-forces,A,nominal,Kerbin,3531599999999.9995,600000.0,2630.0,0.0,0.0,340.0,1039011.3270589483,1505.8815627353943,4.677693505072966e-05,1474979.5995413442,6716.229572535485,714666.4980427725,1318.3879787247681,13.517550087337076,727.5642201070978,2856939.285050977,-597550.434240489,1729694.4254052439,1
927.1999999994467,phase0-forces,A,nominal,Kerbin,3531599999999.9995,600000.0,2630.0,0.0,0.0,340.0,1039823.1572617297,1505.1730150085573,4.668493784265593e-05,1475691.3565990112,6723.5282640903215,715059.2991622996,1317.7494395354224,13.514641660208499,727.2548206611125,2856939.2850650474,-597550.4342408008,1729694.4254121233,1
927.7199999994463,phase0-forces,A,nominal,Kerbin,3531599999999.9995,600000.0,2630.0,0.0,0.0,340.0,1040604.558798806,1504.491372340635,4.659920887206681e-05,1476376.4265525115,6730.555149649028,715437.3942553175,1317.1351547599454,13.511842050384839,726.9571539419004,2856939.2850551824,-597550.434240758,1729694.4254072122,1
928.2399999994458,phase0-forces,A,nominal,Kerbin,3531599999999.9995,600000.0,2630.0,0.0,0.0,340.0,1041385.60660553,1503.8103784896252,4.651163180824369e-05,1477061.1772317481,6737.5805796918385,715815.3346321231,1316.5214622562817,13.509043517140677,726.6597550538656,2856939.285049025,-597550.4342407045,1729694.4254041603,1
928.7599999994453,phase0-forces,A,nominal,Kerbin,3531599999999.9995,600000.0,2630.0,0.0,0.0,340.0,1042166.301017416,1503.1300322433347,4.6423414460150525e-05,1477745.6089443467,6744.604554775554,716193.1204307422,1315.9083609133654,13.506246059973464,726.3626235066858,2856939.285076955,-597550.434240953,1729694.425418001,1
929.2599999994449,phase0-forces,A,nominal,Kerbin,3531599999999.9995,600000.0,2630.0,0.0,0.0,340.0,1042916.6357660685,1502.4764627357285,4.6340381231857464e-05,1478403.415846533,6751.357005404125,716556.2303607343,1315.319396825972,13.503557211696616,726.0771717599025,2856939.28506175,-597550.4342408292,1729694.4254104604,1
929.7799999994444,phase0-forces,A,nominal,Kerbin,3531599999999.9995,600000.0,2630.0,0.0,0.0,340.0,1043696.6379554607,1501.7973832462967,4.625285873771645e-05,1479087.2227867402,6758.378128159083,716933.7133516388,1314.70745180336,13.500761863997221,725.7805632057333,2856939.2850692966,-597550.4342406815,1729694.4254143075,1
930.2999999994439,phase0-forces,A,nominal,Kerbin,3531599999999.9995,600000.0,2630.0,0.0,0.0,340.0,1044476.2877427952,1501.1189477653618,4.6166042011464015e-05,1479770.7116688874,6765.397797614175,717311.0421762089,1314.0960946346033,13.497967591019119,725.4842205569894,2856939.2850822555,-597550.4342405264,1729694.4254208645,1
930.8199999994434,phase0-forces,A,nominal,Kerbin,3531599999999.9995,600000.0,2630.0,0.0,0.0,340.0,1045255.585459956,1500.4411550836944,4.6080716856522486e-05,1480453.8827969942,6772.416014326469,717688.2169715588,1313.485324208973,13.495174392237752,725.1881433287939,2856939.2850748156,-597550.434240401,1729694.4254172072,1
931.339999999443,phase0-forces,A,nominal,Kerbin,3531599999999.9995,600000.0,2630.0,0.0,0.0,340.0,1046034.5314411575,1499.7640040059737,4.5993343519512564e-05,1481136.7364773552,6779.4327788521,718065.2378754434,1312.8751394299275,13.492382267199341,724.8923310393307,2856939.2850872255,-597550.4342404724,1729694.4254233765,1
931.8599999994425,phase0-forces,A,nominal,Kerbin,3531599999999.9995,600000.0,2630.0,0.0,0.0,340.0,1046813.1260168105,1499.0874933324428,4.5906992454547435e-05,1481819.2730122935,6786.448091751717,718442.1050250845,1312.2655391924736,13.489591215395413,724.596783212895,2856939.2851084275,-597550.4342404433,1729694.4254339922,1
932.379999999442,phase0-forces,A,nominal,Kerbin,3531599999999.9995,600000.0,2630.0,0.0,0.0,340.0,1047591.3695214891,1498.4116218602635,4.5821092498954386e-05,1482501.4927082856,6793.461953588327,718818.8185586729,1311.6565223955433,13.486801236340732,724.3014993602778,2856939.2851164653,-597550.4342407782,1729694.4254378437,1
932.8999999994415,phase0-forces,A,nominal,Kerbin,3531599999999.9995,600000.0,2630.0,0.0,0.0,340.0,1048369.2622834353,1497.7363884054741,4.5735192543361336e-05,1483183.3958655177,6800.474364908959,719195.3786128499,1311.0480879481763,13.484012329545717,724.0064790129996,2856939.285141622,-597550.4342411418,1729694.4254502403,1
933.3999999994411,phase0-forces,A,nominal,Kerbin,3531599999999.9995,600000.0,2630.0,0.0,0.0,340.0,1049116.9056353236,1497.0877260344912,4.565241397358477e-05,1483838.7737507136,6807.215700723754,719557.3109771087,1310.4636029833355,13.4813316991203,723.7230536570444,2856939.285155584,-597550.4342412166,1729694.4254571837,1
933.9399999994406,phase0-forces,A,nominal,Kerbin,3531599999999.9995,600000.0,2630.0,0.0,0.0,340.0,1049923.9969061676,1496.387830769442,4.556537896860391e-05,1484546.2537788614,6814.494838257151,719948.0388320193,1309.8329617052673,13.478437730783702,723.4172269317489,2856939.2851505764,-597550.4342410036,1729694.4254547863,1
934.4399999994401,phase0-forces,A,nominal,Kerbin,3531599999999.9995,600000.0,2630.0,0.0,0.0,340.0,1050670.9673298239,1495.7403896842923,4.548488141153939e-05,1485201.02437953,6821.233387287034,720309.6766965215,1309.2495914309452,13.475759160088824,723.1343060496308,2856939.285170785,-597550.4342407533,1729694.425465016,1
934.9799999994397,phase0-forces,A,nominal,Kerbin,3531599999999.9995,600000.0,2630.0,0.0,0.0,340.0,1051477.33252177,1495.0418109558518,4.5396285713650286e-05,1485907.8491664417,6828.5095162473635,720700.0867743574,1308.620151771321,13.472867415175477,722.8290231636875,2856939.2851851797,-597550.4342408363,1729694.4254721717,1
935.4999999994392,phase0-forces,A,nominal,Kerbin,3531599999999.9995,600000.0,2630.0,0.0,0.0,340.0,1052253.4765221286,1494.3697497789099,4.5312164729693905e-05,1486588.174164107,6835.51468337171,721075.8814812067,1308.014612712947,13.470083862321458,722.5353132023537,2856939.285179453,-597550.4342414909,1729694.425468981,1
936.0199999994387,phase0-forces,A,nominal,Kerbin,3531599999999.9995,600000.0,2630.0,0.0,0.0,340.0,1053029.271757312,1493.6983195231126,4.5228742237668484e-05,1487268.1844331487,6842.518403335151,721451.5235283198,1307.4096494780008,13.467301378728994,722.241863915099,2856939.2851726376,-597550.4342413066,1729694.4254656655,1
936.5599999994382,phase0-forces,A,nominal,Kerbin,3531599999999.9995,600000.0,2630.0,0.0,0.0,340.0,1053834.5364736952,1493.0017315663897,4.5141328882891685e-05,1487974.0161427518,6849.7899660060475,721841.451909347,1306.7820267573943,13.464413007736372,721.9374035097726,2856939.285189048,-597550.4342411095,1729694.4254739692,1
937.0599999994378,phase0-forces,A,nominal,Kerbin,3531599999999.9995,600000.0,2630.0,0.0,0.0,340.0,1054579.8172292218,1492.3573471078616,4.5061857235850766e-05,1488627.2619742318,6856.521503969361,722202.3501777414,1306.2014462119564,13.461739617339969,721.6557454542183,2856939.2851792444,-597550.4342409933,1729694.4254691256,1
937.5799999994373,phase0-forces,A,nominal,Kerbin,3531599999999.9995,600000.0,2630.0,0.0,0.0,340.0,1055354.5681180407,1491.6878026172767,4.497561167227104e-05,1489306.3298427737,6863.520885750675,722577.5350511277,1305.598204039561,13.458960338532677,721.3630753458606,2856939.2851968613,-597550.4342409278,1729694.4254779667,1
938.0999999994368,phase0-forces,A,nominal,Kerbin,3531599999999.9995,600000.0,2630.0,0.0,0.0,340.0,1056128.9715433011,1491.0188843869416,4.489215643843636e-05,1489985.0841745022,6870.518822589124,722952.5678035058,1304.9955334146246,13.456182127009079,721.0706640329533,2856939.285218191,-597550.4342407355,1729694.4254887276,1
938.6199999994363,phase0-forces,A,nominal,Kerbin,3531599999999.9995,600000.0,2630.0,0.0,0.0,340.0,1056903.0278303768,1490.3505912576193,4.4808890379499644e-05,1490663.5252673815,6877.515315036439,723327.4485694462,1304.3934332753681,13.45340498220398,720.7785110451184,2856939.2852433096,-597550.4342407752,1729694.4255012672,1
939.1399999994359,phase0-forces,A,nominal,Kerbin,3531599999999.9995,600000.0,2630.0,0.0,0.0,340.0,1057676.7373004616,1489.6829220753543,4.472696309676394e-05,1491341.6534150476,6884.510363642713,723702.1774828574,1303.7919025609008,13.450628903650939,720.4866159212738,2856939.285265654,-597550.4342410003,1729694.4255123269,1
939.6599999994354,phase0-forces,A,nominal,Kerbin,3531599999999.9995,600000.0,2630.0,0.0,0.0,340.0,1058450.100277612,1489.01587569088,4.464375160750933e-05,1492019.4689139896,6891.503968963809,724076.7546783173,1303.1909402139172,13.447853890785417,720.1949782035255,2856939.285302687,-597550.4342412179,1729694.4255307345,1
940.1799999994349,phase0-forces,A,nominal,Kerbin,3531599999999.9995,600000.0,2630.0,0.0,0.0,340.0,1059223.1170843928,1488.349450942712,4.4563988922163844e-05,1492696.9720602152,6898.496131560206,724451.1802879733,1302.5905451674287,13.445079943125368,719.9035974262222,2856939.2852910277,-597550.4342413192,1729694.4255248543,1
940.6999999994345,phase0-forces,A,nominal,Kerbin,3531599999999.9995,600000.0,2630.0,0.0,0.0,340.0,1059995.788045535,1487.6836466897046,4.448260006029159e-05,1493374.1631504656,6905.486851982087,724825.4544474145,1301.9907163732094,13.442307060145623,719.612473131793,2856939.2852645875,-597550.4342413445,1729694.4255116214,1
941.219999999434,phase0-forces,A,nominal,Kerbin,3531599999999.9995,600000.0,2630.0,0.0,0.0,340.0,1060768.113477811,1487.0184618013004,4.439911208464764e-05,1494051.042474415,6912.47613077794,725199.5772885582,1301.39145279266,13.43953524131204,719.3216048671231,2856939.285267402,-597550.4342413526,1729694.4255130247,1
941.7599999994335,phase0-forces,A,nominal,Kerbin,3531599999999.9995,600000.0,2630.0,0.0,0.0,340.0,1061569.7783621664,1486.3283471998736,4.431484921951778e-05,1494753.6259524727,6919.732702722583,725587.9294529076,1300.7697377190357,13.436657939861906,719.0198198573294,2856939.2852492044,-597550.4342412415,1729694.4255039813,1
942.279999999433,phase0-forces,A,nominal,Kerbin,3531599999999.9995,600000.0,2630.0,0.0,0.0,340.0,1062341.4004451733,1485.6644213182467,4.423391510499641e-05,1495429.870667213,6926.719044543349,725961.7442493376,1300.171623050463,13.4338882886338,718.7294720760058,2856939.285243088,-597550.4342411979,1729694.425500945,1
942.7999999994325,phase0-forces,A,nominal,Kerbin,3531599999999.9995,600000.0,2630.0,0.0,0.0,340.0,1063112.6779748471,1485.001111343469,4.4151678594062105e-05,1496105.804509028,6933.703946419071,726335.4081308756,1299.5740704217653,13.431119699979092,718.4393789334958,2856939.2852579583,-597550.4342413524,1729694.4255083029,1
943.2999999994321,phase0-forces,A,nominal,Kerbin,3531599999999.9995,600000.0,2630.0,0.0,0.0,340.0,1063853.9663513224,1484.363893059599,4.407393862493336e-05,1496755.4479992113,6940.418840806589,726694.5581288071,1299.0000296404937,13.42845859706548,718.1606829343639,2856939.2852513376,-597550.4342414319,1729694.425504953,1
943.8399999994316,phase0-forces,A,nominal,Kerbin,3531599999999.9995,600000.0,2630.0,0.0,0.0,340.0,1064654.2006474722,1483.6763345801094,4.3989901314489543e-05,1497456.740738251,6947.6694325558665,727082.2836792994,1298.3806471113655,13.425585708245846,717.8599547600709,2856939.285262161,-597550.4342413287,1729694.425510416,1
944.3599999994311,phase0-forces,A,nominal,Kerbin,3531599999999.9995,600000.0,2630.0,0.0,0.0,340.0,1065424.446428292,1483.0148655390735,4.391024776850827e-05,1498131.743709444,6954.650017921494,727455.4956107012,1297.784774363354,13.422820304102975,717.5706228209308,2856939.2852598643,-597550.4342414695,1729694.4255091974,1
944.8799999994307,phase0-forces,A,nominal,Kerbin,3531599999999.9995,600000.0,2630.0,0.0,0.0,340.0,1066194.3489270655,1482.3540078984747,4.3828444177052006e-05,1498806.4369712663,6961.629165544484,727828.5571543247,1297.189459513133,13.420055960454569,717.281543718166,2856939.285261986,-597550.4342414199,1729694.4255102829,1
945.3999999994302,phase0-forces,A,nominal,Kerbin,3531599999999.9995,600000.0,2630.0,0.0,0.0,340.0,1066963.908460255,1481.6937605366325,4.374848504085094e-05,1499480.8208130258,6968.606875984129,728201.4684420734,1296.594701530606,13.417292676656526,716.9927170014876,2856939.285256156,-597550.4342412198,1729694.4255074682,1
945.9199999994297,phase0-forces,A,nominal,Kerbin,3531599999999.9995,600000.0,2630.0,0.0,0.0,340.0,1067733.1253468327,1481.0341223345945,4.3669344449881464e-05,1500154.895526473,6975.583149795975,728574.229606559,1296.000499391726,13.414530452277152,716.7041422152829,2856939.2852369766,-597550.4342413386,1729694.425497819,1
946.4399999994292,phase0-forces,A,nominal,Kerbin,3531599999999.9995,600000.0,2630.0,0.0,0.0,340.0,1068501.999901026,1480.3750921866315,4.358989099273458e-05,1500828.6613995363,6982.557987523806,728946.8407773988,1295.4068520763271,13.411769286692486,716.4158189242326,2856939.285234685,-597550.4342411646,1729694.4254967603,1
946.9599999994288,phase0-forces,A,nominal,Kerbin,3531599999999.9995,600000.0,2630.0,0.0,0.0,340.0,1069270.5324362165,1479.7166689785004,4.350987001089379e-05,1501502.1187186548,6989.531389723796,729319.3020853301,1294.8137585665154,13.409009179411612,716.1277466712968,2856939.2852237946,-597550.4342414232,1729694.4254911859,1
947.4799999994283,phase0-forces,A,nominal,Kerbin,3531599999999.9995,600000.0,2630.0,0.0,0.0,340.0,1070038.7232689692,1479.0588516053954,4.34308240073733e-05,1502175.2677737523,6996.503356942406,729691.6136611968,1294.2212178408158,13.40625012991951,715.8399250253931,2856939.2852222607,-597550.4342412337,1729694.4254905134,1
948.0199999994278,phase0-forces,A,nominal,Kerbin,3531599999999.9995,600000.0,2630.0,0.0,0.0,340.0,1070836.0985690206,1478.3763736133108,4.334866753197275e-05,1502873.9812074255,7003.741958505051,730078.0865699697,1293.6064710868554,13.40338608211638,715.5412980826404,2856939.285213055,-597550.4342410509,1729694.4254860021,1
948.5199999994273,phase0-forces,A,nominal,Kerbin,3531599999999.9995,600000.0,2630.0,0.0,0.0,340.0,1071574.0810780386,1477.7450299428926,4.3273445044178516e-05,1503520.6422372921,7010.442988635982,730435.7881342841,1293.0377906947078,13.400735202060039,715.2650317555825,2856939.2851964515,-597550.4342410797,1729694.4254776859,1
949.0399999994269,phase0-forces,A,nominal,Kerbin,3531599999999.9995,600000.0,2630.0,0.0,0.0,340.0,1072341.2486823818,1477.0890234577653,4.319400613894686e-05,1504192.8682195335,7017.41065421486,730807.6512939306,1292.4469022579851,13.397979322533144,714.9779592499517,2856939.28520148,-597550.4342412495,1729694.4254801152,1
949.5599999994264,phase0-forces,A,nominal,Kerbin,3531599999999.9995,600000.0,2630.0,0.0,0.0,340.0,1073108.075834648,1476.4336184025349,4.311589145800099e-05,1504864.7870825059,7024.376887002542,731179.3652391951,1291.856562561282,13.395224498636553,714.6911355803854,2856939.2851802805,-597550.43424108,1729694.4254696001,1
950.0799999994259,phase0-forces,A,nominal,Kerbin,3531599999999.9995,600000.0,2630.0,0.0,0.0,340.0,1073874.562846149,1475.7788136963013,4.303541936678812e-05,1505536.3991102888,7031.341687561913,731550.9301008952,1291.266770614583,13.392470729727695,714.4045603082343,2856939.2851935546,-597550.4342410237,1729694.4254762654,1
950.5999999994254,phase0-forces,A,nominal,Kerbin,3531599999999.9995,600000.0,2630.0,0.0,0.0,340.0,1074640.7100274162,1475.1246082382816,4.295840335544199e-05,1506207.704587319,7038.305056428929,731922.3460073215,1290.6775254032523,13.389718015332786,714.1182329982555,2856939.2851828043,-597550.4342405316,1729694.4254711363,1
951.119999999425,phase0-forces,A,nominal,Kerbin,3531599999999.9995,600000.0,2630.0,0.0,0.0,340.0,1075406.5176922537,1474.4710009431299,4.2881201807176694e-05,1506878.7038010028,7045.266994164731,732293.6130881344,1290.0888259415651,13.386966354853174,713.832153194827,2856939.285171844,-597550.4342409741,1729694.425465435,1
951.6199999994245,phase0-forces,A,nominal,Kerbin,3531599999999.9995,600000.0,2630.0,0.0,0.0,340.0,1076142.5513209908,1473.843095483176,4.28049752372317e-05,1507523.6067921538,7051.959815939068,732650.4604352408,1289.5232825053715,13.384321520853593,713.5573094835681,2856939.285176987,-597550.4342412765,1729694.4254678553,1
952.139999999424,phase0-forces,A,nominal,Kerbin,3531599999999.9995,600000.0,2630.0,0.0,0.0,340.0,1076907.6939059298,1473.1906583680857,4.2727460822789e-05,1508194.0060764095,7058.918948029769,733021.4359617191,1288.9356506527197,13.381571926122746,713.2717139437326,2856939.2851778017,-597550.4342414945,1729694.4254681536,1
952.6399999994236,phase0-forces,A,nominal,Kerbin,3531599999999.9995,600000.0,2630.0,0.0,0.0,340.0,1077643.0886075236,1472.5638760763165,4.265441748430021e-05,1508838.33273648,7065.609073088726,733378.0032057256,1288.3711319237245,13.378929077361141,712.9973350632032,2856939.2851649076,-597550.4342417137,1729694.4254615968,1
953.1599999994231,phase0-forces,A,nominal,Kerbin,3531599999999.9995,600000.0,2630.0,0.0,0.0,340.0,1078407.5673007355,1471.9126049874365,4.257668479112908e-05,1509508.133178169,7072.565401648116,733748.6876717207,1287.7845638662918,13.376181546171638,712.7122221176298,2856939.2851597583,-597550.4342418286,1729694.425458965,1
953.6599999994227,phase0-forces,A,nominal,Kerbin,3531599999999.9995,600000.0,2630.0,0.0,0.0,340.0,1079142.3242150033,1471.2869418876255,4.2503892473177984e-05,1510151.8845494867,7079.252832011674,734104.9752870072,1287.2210661920058,13.373540680625998,712.4383064730733,2856939.285145169,-597550.4342418838,1729694.4254516426,1
954.1799999994222,phase0-forces,A,nominal,Kerbin,3531599999999.9995,600000.0,2630.0,0.0,0.0,340.0,1079906.1402026343,1470.6368326980912,4.242480281391181e-05,1510821.0872342782,7086.206359145782,734475.3691841422,1286.6355581432413,13.370795210888394,712.1536744587728,2856939.2851546314,-597550.434242208,1729694.4254562117,1
954.6999999994217,phase0-forces,A,nominal,Kerbin,3531599999999.9995,600000.0,2630.0,0.0,0.0,340.0,1080669.6187909015,1469.9873142674048,4.2349103750893846e-05,1511489.9855926624,7093.158458899923,734845.6151348558,1286.0505890371571,13.368050791213316,711.8692869918766,2856939.285159251,-597550.4342424801,1729694.4254583856,1
955.2199999994212,phase0-forces,A,nominal,Kerbin,3531599999999.9995,600000.0,2630.0,0.0,0.0,340.0,1081432.760289121,1469.338385526367,4.2274099541828036e-05,1512158.579907455,7100.109131830183,735215.7132679343,1285.4661578916994,13.365307421088167,711.5851436433469,2856939.285147958,-597550.4342426618,1729694.4254526482,1
955.7399999994208,phase0-forces,A,nominal,Kerbin,3531599999999.9995,600000.0,2630.0,0.0,0.0,340.0,1082195.565002706,1468.6900454128177,4.219733091304079e-05,1512826.8704581126,7107.058378485353,735585.6637101427,1284.882263731491,13.362565099879372,711.3012439866071,2856939.2851225385,-597550.4342427311,1729694.4254399037,1
956.2599999994203,phase0-forces,A,nominal,Kerbin,3531599999999.9995,600000.0,2630.0,0.0,0.0,340.0,1082958.033236598,1468.0422928761138,4.2120627767872065e-05,1513494.8575238981,7114.006199408224,735955.4665875563,1284.298905593078,13.359823827153377,711.017587597302,2856939.285126781,-597550.4342428423,1729694.4254419694,1
956.7799999994198,phase0-forces,A,nominal,Kerbin,3531599999999.9995,600000.0,2630.0,0.0,0.0,340.0,1083720.1652945643,1467.3951268629992,4.2043535358970985e-05,1514162.54138256,7120.952595135435,736325.1220266764,1283.7160825107353,13.357083602226082,710.7341740497718,2856939.285174313,-597550.4342431949,1729694.4254655591,1
957.2999999994194,phase0-forces,A,nominal,Kerbin,3531599999999.9995,600000.0,2630.0,0.0,0.0,340.0,1084481.9614805484,1466.7485463069527,4.19682364736218e-05,1514829.922312345,7127.897566222361,736694.6301533742,1283.1337935032693,13.354344424626854,710.45100291889,2856939.2852018406,-597550.4342435049,1729694.4254791678,1
957.8199999994189,phase0-forces,A,nominal,Kerbin,3531599999999.9995,600000.0,2630.0,0.0,0.0,340.0,1085243.422097094,1466.1025501579456,4.1893839807016775e-05,1515497.0005896266,7134.841113207302,737063.9910941643,1282.5520376061502,13.351606293706498,710.1680737834683,2856939.285214072,-597550.4342437526,1729694.4254851597,1
958.3399999994184,phase0-forces,A,nominal,Kerbin,3531599999999.9995,600000.0,2630.0,0.0,0.0,340.0,1086004.5474486982,1465.4571373666631,4.181974145467393e-05,1516163.7764931712,7141.7832366385255,737433.2049751054,1281.9708138526426,13.348869208886123,709.8853862277574,2856939.2852128954,-597550.4342434919,1729694.4254847018,1
958.839999999418,phase0-forces,A,nominal,Kerbin,3531599999999.9995,600000.0,2630.0,0.0,0.0,340.0,1086736.082857172,1464.8370973031315,4.1748971852939576e-05,1516804.6222726572,7148.457013345283,737788.0797539267,1281.4124458096662,13.346238382582692,709.6137986824865,2856939.2851860216,-597550.434243974,1729694.4254710237,1
959.3599999994175,phase0-forces,A,nominal,Kerbin,3531599999999.9995,600000.0,2630.0,0.0,0.0,340.0,1087496.551448941,1464.192825767006,4.1671853978186846e-05,1517470.8058590093,7155.396345993326,738157.0055352786,1280.83226311036,13.343503348125594,709.331583761475,2856939.285207996,-597550.43424405,1729694.425481973,1
959.879999999417,phase0-forces,A,nominal,Kerbin,3531599999999.9995,600000.0,2630.0,0.0,0.0,340.0,1088256.6856684592,1463.5491344917496,4.1599527321523055e-05,1518136.6878886186,7162.3342566989,738525.7846269296,1280.2526097162463,13.340769358104206,709.0496091665404,2856939.285177453,-597550.4342441927,1729694.4254666301,1
960.3799999994166,phase0-forces,A,nominal,Kerbin,3531599999999.9995,600000.0,2630.0,0.0,0.0,340.0,1088987.2689063551,1462.9307468385912,4.152694236836396e-05,1518776.6749434029,7169.003984227382,738880.2416883836,1279.6957489681724,13.338141505976346,708.7787060145595,2856939.285182544,-597550.4342438643,1729694.4254693398,1
960.8999999994161,phase0-forces,A,nominal,Kerbin,3531599999999.9995,600000.0,2630.0,0.0,0.0,340.0,1089746.7481137374,1462.2881907791132,4.145369166508317e-05,1519441.9662549098,7175.939107305296,739248.7334059442,1279.1171310783127,13.335409562995586,708.4972016358465,2856939.2851611124,-597550.4342436485,1729694.425458732,1
961.4199999994156,phase0-forces,A,nominal,Kerbin,3531599999999.9995,600000.0,2630.0,0.0,0.0,340.0,1090505.893836183,1461.646211929343,4.1378505557077006e-05,1520106.9568210985,7182.8728100411245,739617.0788030563,1278.5390396918738,13.332678662707185,708.2159363575888,2856939.2851534076,-597550.4342435005,1729694.4254549537,1
961.9399999994151,phase0-forces,A,nominal,Kerbin,3531599999999.9995,600000.0,2630.0,0.0,0.0,340.0,1091264.7063741998,1461.0048092562045,4.1304101614514366e-05,1520771.6469170826,7189.805092980792,739985.2780041221,1277.9614738625826,13.329948804556485,707.9349097604963,2856939.285151477,-597550.4342436638,1729694.4254539066,1
962.4599999994147,phase0-forces,A,nominal,Kerbin,3531599999999.9995,600000.0,2630.0,0.0,0.0,340.0,1092023.1860259725,1460.3639817258381,4.123151666135527e-05,1521436.0368154617,7196.735956666599,740353.3311333945,1277.384432636456,13.327219987997937,707.6541214375673,2856939.285118512,-597550.4342435157,1729694.4254374981,1
962.9799999994142,phase0-forces,A,nominal,Kerbin,3531599999999.9995,600000.0,2630.0,0.0,0.0,340.0,1092781.33308923,1459.7237283305976,4.1156432416755706e-05,1522100.12678853,7203.665401637163,740721.238314707,1276.8079150910137,13.32449221242421,707.3735709790128,2856939.2851405367,-597550.4342434386,1729694.425448549,1
963.4999999994137,phase0-forces,A,nominal,Kerbin,3531599999999.9995,600000.0,2630.0,0.0,0.0,340.0,1093539.1478610483,1459.0840480351983,4.10849170293659e-05,1522763.9171079372,7210.59342843421,741088.9996717174,1276.231920275766,13.321765477242815,707.093257968552,2856939.28514978,-597550.4342434112,1729694.4254531844,1
964.0199999994132,phase0-forces,A,nominal,Kerbin,3531599999999.9995,600000.0,2630.0,0.0,0.0,340.0,1094296.630638819,1458.4449398217557,4.1011004213942215e-05,1523427.4080458255,7217.520037604952,741456.6153277878,1275.6564472563286,13.319039781925149,706.8131819967236,2856939.285155493,-597550.4342434248,1729694.425456034,1
964.5399999994128,phase0-forces,A,nominal,Kerbin,3531599999999.9995,600000.0,2630.0,0.0,0.0,340.0,1095053.7817191246,1457.806402669068,4.0938015445135534e-05,1524090.5998741952,7224.445229681767,741824.0854047169,1275.0814950940894,13.31631512579836,706.5333426548392,2856939.285137846,-597550.4342432393,1729694.4254473033,1
965.0599999994123,phase0-forces,A,nominal,Kerbin,3531599999999.9995,600000.0,2630.0,0.0,0.0,340.0,1095810.6013975793,1457.1684355721613,4.0865237679099664e-05,1524753.4928622982,7231.36900521019,742191.4100277312,1274.5070628698966,13.313591508310328,706.2537395325558,2856939.2851413423,-597550.4342434427,1729694.42544895,1
965.5799999994118,phase0-forces,A,nominal,Kerbin,3531599999999.9995,600000.0,2630.0,0.0,0.0,340.0,1096567.0899693624,1456.5310375140114,4.079298741999082e-05,1525416.0872810055,7238.291364725807,742558.58931773,1273.9331496478385,13.310868928886139,705.9743722248975,2856939.285138915,-597550.4342436407,1729694.425447637,1
966.0999999994114,phase0-forces,A,nominal,Kerbin,3531599999999.9995,600000.0,2630.0,0.0,0.0,340.0,1097323.2477277177,1455.894207486309,4.0720995457377285e-05,1526078.3833980453,7245.212308763758,742925.6233976436,1273.3597544973704,13.308147386921034,705.6952403351693,2856939.285127872,-597550.4342432498,1729694.4254423112,1
966.6399999994109,phase0-forces,A,nominal,Kerbin,3531599999999.9995,600000.0,2630.0,0.0,0.0,340.0,1098108.138651505,1455.2334841471818,4.06453873438295e-05,1526765.8370016394,7252.39794535949,743306.6206103681,1272.7648530539682,13.305322267751329,705.4056213364108,2856939.2851602305,-597550.4342429875,1729694.4254586215,1
967.1599999994104,phase0-forces,A,nominal,Kerbin,3531599999999.9995,600000.0,2630.0,0.0,0.0,340.0,1098863.6229732677,1454.5978089188768,4.0573537262389436e-05,1527427.5258782147,7259.316005685188,743673.3590646788,1272.192511133867,13.30260283883183,705.1269680590974,2856939.285172014,-597550.4342433377,1729694.4254643382,1
967.6799999994099,phase0-forces,A,nominal,Kerbin,3531599999999.9995,600000.0,2630.0,0.0,0.0,340.0,1099618.7773769745,1453.962698673421,4.050120332976803e-05,1528088.9172723219,7266.232652183716,744039.9526805994,1271.6206844905332,13.299884445539316,704.8485489686848,2856939.2851998126,-597550.4342434134,1729694.4254781997,1
968.1999999994094,phase0-forces,A,nominal,Kerbin,3531599999999.9995,600000.0,2630.0,0.0,0.0,340.0,1100373.6021540277,1453.3281524131291,4.042806176585145e-05,1528750.0114503324,7273.147885377332,744406.4015796141,1271.0493722089268,13.297167087327015,704.5703636623557,2856939.285243024,-597550.4342433466,1729694.4254998388,1
968.719999999409,phase0-forces,A,nominal,Kerbin,3531599999999.9995,600000.0,2630.0,0.0,0.0,340.0,1101128.0975966007,1452.6941691290067,4.035939127788879e-05,1529410.8086795807,7280.061705821862,744772.7058829828,1270.4785733672752,13.294450763607452,704.2924117260973,2856939.28524096,-597550.4342436596,1729694.4254986502,1
969.2399999994085,phase0-forces,A,nominal,Kerbin,3531599999999.9995,600000.0,2630.0,0.0,0.0,340.0,1101882.2639943867,1452.0607478399704,4.028774128528312e-05,1530071.309225054,7286.974114039403,745138.8657111167,1269.9082870590614,13.291735473816896,704.014692775931,2856939.285245299,-597550.4342436206,1729694.4255008393,1
969.759999999408,phase0-forces,A,nominal,Kerbin,3531599999999.9995,600000.0,2630.0,0.0,0.0,340.0,1102636.1016422217,1451.4278875518078,4.0215931221609935e-05,1530731.5133562833,7293.885110581187,745504.8811868359,1269.338512378869,13.289021217302198,703.7372063988014,2856939.285257984,-597550.4342441341,1729694.425506925,1
970.2799999994076,phase0-forces,A,nominal,Kerbin,3531599999999.9995,600000.0,2630.0,0.0,0.0,340.0,1103389.6108286576,1450.7955872849882,4.014282603748143e-05,1531391.421337495,7300.794695975901,745870.7524294938,1268.7692484199247,13.286307993458722,703.4599522143646,2856939.285313323,-597550.4342442035,1729694.4255345599,1
970.7999999994071,phase0-forces,A,nominal,Kerbin,3531599999999.9995,600000.0,2630.0,0.0,0.0,340.0,1104142.7918439677,1450.1638460369063,4.0074690332403407e-05,1532051.0334336297,7307.702870760467,746236.4795609047,1268.2004942656151,13.28359580170917,703.18292981242,2856939.285332314,-597550.4342443259,1729694.4255439942,1
971.3199999994066,phase0-forces,A,nominal,Kerbin,3531599999999.9995,600000.0,2630.0,0.0,0.0,340.0,1104895.6449776415,1449.5326628292494,4.000485205324367e-05,1532710.3499100823,7314.6096354737165,746602.0627001524,1267.6322490164607,13.28088464152658,702.9061388019475,2856939.2853403827,-597550.4342442455,1729694.4255480685,1
971.8399999994061,phase0-forces,A,nominal,Kerbin,3531599999999.9995,600000.0,2630.0,0.0,0.0,340.0,1105648.1705185845,1448.902036672959,3.9935868699103594e-05,1533369.3710304378,7321.514990653764,746967.5019686975,1267.0645117702707,13.278174512189615,702.6295787746471,2856939.285297758,-597550.4342447404,1729694.4255265088,1
972.3399999994057,phase0-forces,A,nominal,Kerbin,3531599999999.9995,600000.0,2630.0,0.0,0.0,340.0,1106371.4441041017,1448.2961898019926,3.98664124077186e-05,1534002.7668972835,7328.153426491087,747318.7503152549,1266.5190888145014,13.27556959027361,702.3638731565773,2856939.285305673,-597550.4342445623,1729694.4255305552,1
972.8599999994052,phase0-forces,A,nominal,Kerbin,3531599999999.9995,600000.0,2630.0,0.0,0.0,340.0,1107123.3278983452,1447.6666535102045,3.979786561103538e-05,1534661.2094338264,7335.056018370758,747683.907722397,1265.9523454391267,13.272861481368402,702.0877651054068,2856939.2853018274,-597550.4342442133,1729694.425528807,1
973.3599999994047,phase0-forces,A,nominal,Kerbin,3531599999999.9995,600000.0,2630.0,0.0,0.0,340.0,1107845.9849513096,1447.0618527784857,3.97283147322014e-05,1535294.049455685,7341.691798174363,748034.8852706093,1265.407876476296,13.270258500981324,701.8224933398562,2856939.2853257125,-597550.4342441678,1729694.4255407723,1
973.8999999994043,phase0-forces,A,nominal,Kerbin,3531599999999.9995,600000.0,2630.0,0.0,0.0,340.0,1108626.1155562734,1446.4092424741175,3.965704672737047e-05,1535977.2110432913,7348.856978814876,748413.7921081476,1264.8203738707402,13.267448350224308,701.5362381019996,2856939.2853369564,-597550.4342440539,1729694.4255464512,1
974.4199999994038,phase0-forces,A,nominal,Kerbin,3531599999999.9995,600000.0,2630.0,0.0,0.0,340.0,1109377.0199943155,1445.781365784353,3.958750676247291e-05,1536634.7706415688,7355.755348455705,748778.5193254633,1264.2551438932753,13.26474332680394,701.2608183644207,2856939.285352921,-597550.4342443486,1729694.4255542862,1
974.9399999994033,phase0-forces,A,nominal,Kerbin,3531599999999.9995,600000.0,2630.0,0.0,0.0,340.0,1110127.5985520922,1445.1540403585773,3.951841426896863e-05,1537292.0364506189,7362.652311745176,749143.103382786,1263.6904165985013,13.262039330682457,700.9856272953234,2856939.2853672244,-597550.4342440417,1729694.4255615913,1
975.4599999994028,phase0-forces,A,nominal,Kerbin,3531599999999.9995,600000.0,2630.0,0.0,0.0,340.0,1110877.8515164782,1444.5272652264441,3.945077696698718e-05,1537949.0087323228,7369.547869228846,749507.5444003943,1263.126191103497,13.259336361244777,700.7106644901453,2856939.28535743,-597550.4342441405,1729694.4255566448,1
975.9999999994023,phase0-forces,A,nominal,Kerbin,3531599999999.9995,600000.0,2630.0,0.0,0.0,340.0,1111656.6160511754,1443.8769647879817,3.93775844713673e-05,1538630.9387792284,7376.707153076458,749885.8511098134,1262.5407948090892,13.2565305175399,700.4253673924334,2856939.2853770684,-597550.4342441165,1729694.4255664758,1
976.5199999994019,phase0-forces,A,nominal,Kerbin,3531599999999.9995,600000.0,2630.0,0.0,0.0,340.0,1112406.2061877053,1443.2513084460747,3.930989623768255e-05,1539287.3135231507,7383.599846517734,750250.0009131341,1261.9775894867166,13.253829639146005,700.1508687165211,2856939.2853769553,-597550.4342440054,1729694.425566475,1
977.0399999994014,phase0-forces,A,nominal,Kerbin,3531599999999.9995,600000.0,2630.0,0.0,0.0,340.0,1113155.471592422,1442.6261994939603,3.924008706235327e-05,1539943.3955274625,7390.49113576202,750614.0080355384,1261.414883294838,13.251129785567827,699.8765971427133,2856939.2853899016,-597550.4342437822,1729694.4255730598,1
977.5599999994009,phase0-forces,A,nominal,Kerbin,3531599999999.9995,600000.0,2630.0,0.0,0.0,340.0,1113904.4125538054,1442.0016369703253,3.9171904063550755e-05,1540599.185056441,7397.381021356618,750977.8725960301,1260.852675352096,13.248430956225315,699.6025522821927,2856939.2854023394,-597550.434243497,1729694.4255794212,1
978.0599999994005,phase0-forces,A,nominal,Kerbin,3531599999999.9995,600000.0,2630.0,0.0,0.0,340.0,1114624.2423898606,1441.4016105075061,3.910604937118478e-05,1541229.4763320554,7404.004588128036,751327.6080327942,1260.3125598557924,13.245836893342178,699.339261051721,2856939.2854233054,-597550.4342433958,1729694.4255899547,1
978.5799999994,phase0-forces,A,nominal,Kerbin,3531599999999.9995,600000.0,2630.0,0.0,0.0,340.0,1115372.5477601588,1440.7781170680573,3.9038921386236325e-05,1541884.692905737,7410.89172193531,751691.1932941908,1259.751326719648,13.243140071291505,699.065659785485,2856939.285447286,-597550.4342432299,1729694.4256020281,1
979.0999999993995,phase0-forces,A,nominal,Kerbin,3531599999999.9995,600000.0,2630.0,0.0,0.0,340.0,1116120.5295228097,1440.155167235502,3.897245551343076e-05,1542539.6177681293,7417.777453664407,752054.6363417021,1259.1905892468121,13.240444271634692,698.7922840893941,2856939.2854193007,-597550.4342434431,1729694.4255879289,1
979.619999999399,phase0-forces,A,nominal,Kerbin,3531599999999.9995,600000.0,2630.0,0.0,0.0,340.0,1116868.1879587048,1439.5327600792498,3.89039414585568e-05,1543194.251176109,7424.661783848803,752417.9372921737,1258.6303465792412,13.237749493759091,698.5191335958827,2856939.2854073504,-597550.4342435417,1729694.4255819044,1
980.1399999993986,phase0-forces,A,nominal,Kerbin,3531599999999.9995,600000.0,2630.0,0.0,0.0,340.0,1117615.5233478388,1438.910894654867,3.8835376471979544e-05,1543848.593385267,7431.544713010776,752781.096263038,1258.0705978527385,13.235055737088304,698.246207919928,2856939.2853973485,-597550.4342438905,1729694.425576729,1
980.6599999993981,phase0-forces,A,nominal,Kerbin,3531599999999.9995,600000.0,2630.0,0.0,0.0,340.0,1118362.5359729724,1438.289570018873,3.876885602949187e-05,1544502.6446543988,7438.426241684891,753144.1133714584,1257.5113421977449,13.232363001004465,697.9735066881196,2856939.285381362,-597550.4342439387,1729694.4255687115,1
981.1799999993976,phase0-forces,A,nominal,Kerbin,3531599999999.9995,600000.0,2630.0,0.0,0.0,340.0,1119109.2261125827,1437.6687852416999,3.869978172588162e-05,1545156.4052383103,7445.306370401269,753506.988733002,1256.9525787609805,13.229671284855032,697.7010295263727,2856939.285393642,-597550.4342436703,1729694.4255749858,1
981.6999999993972,phase0-forces,A,nominal,Kerbin,3531599999999.9995,600000.0,2630.0,0.0,0.0,340.0,1119855.5940477042,1437.0485393852032,3.8633028452750295e-05,1545809.875393584,7452.185099691296,753869.7224654234,1256.3943066844913,13.2269805880526,697.428776051337,2856939.285426382,-597550.4342434856,1729694.4255914483,1
982.2399999993967,phase0-forces,A,nominal,Kerbin,3531599999999.9995,600000.0,2630.0,0.0,0.0,340.0,1120630.3277066995,1436.4050073116266,3.8565278373425826e-05,1546488.1718888225,7459.3269148525715,754246.257712963,1255.8150817453707,13.224187481090462,697.1462876299686,2856939.2853842992,-597550.4342437363,1729694.4255702815,1
982.7599999993962,phase0-forces,A,nominal,Kerbin,3531599999999.9995,600000.0,2630.0,0.0,0.0,340.0,1121376.0397005256,1435.7858571171923,3.849918721243739e-05,1547141.0508034404,7466.202793100477,754608.7030970056,1255.2578086232375,13.221498860229858,696.8744889548101,2856939.2853489653,-597550.434244025,1729694.4255524701,1
983.2799999993957,phase0-forces,A,nominal,Kerbin,3531599999999.9995,600000.0,2630.0,0.0,0.0,340.0,1122121.4303376526,1435.1672430137824,3.8433248846558854e-05,1547793.6400648358,7473.077273533891,754971.0072043242,1254.7010242656193,13.218811256819563,696.6029128244752,2856939.285330768,-597550.4342444574,1729694.4255431553,1
983.7999999993953,phase0-forces,A,nominal,Kerbin,3531599999999.9995,600000.0,2630.0,0.0,0.0,340.0,1122866.4998934986,1434.5491640810383,3.836399264400825e-05,1548445.9399251644,7479.9503566766725,755333.1701489151,1254.1447278224537,13.21612467023343,696.331558877989,2856939.2853488587,-597550.4342443007,1729694.425552279,1
984.3199999993948,phase0-forces,A,nominal,Kerbin,3531599999999.9995,600000.0,2630.0,0.0,0.0,340.0,1123611.2486441396,1433.9316193829438,3.8298388972179964e-05,1549097.9506360763,7486.822043060022,755695.1920473061,1253.588918441917,13.213439099857172,696.0604267252739,2856939.285340315,-597550.434244528,1729694.4255478936,1
984.8399999993943,phase0-forces,A,nominal,Kerbin,3531599999999.9995,600000.0,2630.0,0.0,0.0,340.0,1124355.6768706678,1433.3146080004863,3.823348743026145e-05,1549749.6724551688,7493.69233321321,756057.0730152663,1253.0335952779192,13.210754545075355,695.7895160009449,2856939.2853337973,-597550.4342446761,1729694.4255445607,1
985.3599999993938,phase0-forces,A,nominal,Kerbin,3531599999999.9995,600000.0,2630.0,0.0,0.0,340.0,1125099.784844881,1432.6981290192632,3.8166443118825555e-05,1550401.1056309154,7500.561227659186,756418.8131660661,1252.4787574894121,13.208071005235237,695.518826340018,2856939.285335113,-597550.4342445143,1729694.4255452992,1
985.8799999993934,phase0-forces,A,nominal,Kerbin,3531599999999.9995,600000.0,2630.0,0.0,0.0,340.0,1125843.5728460648,1432.0821815235643,3.809942791122012e-05,1551052.2504184046,7507.428726929032,756780.4126164886,1251.924404237263,13.20538847975302,695.2483573713528,2856939.2853640863,-597550.4342442033,1729694.4255599414,1
986.3999999993929,phase0-forces,A,nominal,Kerbin,3531599999999.9995,600000.0,2630.0,0.0,0.0,340.0,1126587.0411472414,1431.4667645945008,3.803399158641696e-05,1551703.107067231,7514.294831544675,757141.8714802873,1251.370534682909,13.202706967976784,694.9781087162214,2856939.285393266,-597550.4342443438,1729694.4255744612,1
986.9199999993924,phase0-forces,A,nominal,Kerbin,3531599999999.9995,600000.0,2630.0,0.0,0.0,340.0,1127330.1900242984,1430.8518773175367,3.7968962715240195e-05,1552353.675829586,7521.159542042688,757503.1898724223,1250.8171479834189,13.200026469304554,694.7080800127163,2856939.2854143996,-597550.4342444066,1729694.4255849966,1
987.439999999392,phase0-forces,A,nominal,Kerbin,3531599999999.9995,600000.0,2630.0,0.0,0.0,340.0,1128073.0197511937,1430.2375187897603,3.790269329329021e-05,1553003.956956144,7528.022858942611,757864.3679065567,1250.2642433076321,13.197346983088583,694.4382709016634,2856939.2854625136,-597550.4342440447,1729694.4256092345,1
987.9799999993915,phase0-forces,A,nominal,Kerbin,3531599999999.9995,600000.0,2630.0,0.0,0.0,340.0,1128844.0823466855,1429.6000897459369,3.783630018006079e-05,1553678.9447203279,7535.14867510945,758239.288966436,1249.6905823573052,13.194565510674169,694.1583165316358,2856939.285472205,-597550.4342439888,1729694.425614108,1
988.499999999391,phase0-forces,A,nominal,Kerbin,3531599999999.9995,600000.0,2630.0,0.0,0.0,340.0,1129586.262346468,1428.9868062205835,3.777311940211803e-05,1554328.6402875462,7542.009152848938,758600.1812400466,1249.1386576793411,13.191888086406218,693.8889538912352,2856939.285464548,-597550.434244,1729694.425610274,1
989.0199999993905,phase0-forces,A,nominal,Kerbin,3531599999999.9995,600000.0,2630.0,0.0,0.0,340.0,1130328.1240259442,1428.3740486865097,3.7707875890191644e-05,1554978.0489778104,7548.868238581806,758960.9335009428,1248.5872124998255,13.189211672672172,693.6198097217673,2856939.2854501386,-597550.4342442002,1729694.4256029692,1
989.51999999939,phase0-forces,A,nominal,Kerbin,3531599999999.9995,600000.0,2630.0,0.0,0.0,340.0,1131041.1526279198,1427.7853539464954,3.7645379052264616e-05,1555602.210105193,7555.462201103188,759307.6787430533,1248.0574281706397,13.186639150325416,693.3612229423612,2856939.2854410782,-597550.4342445405,1729694.4255982689,1
990.0399999993896,phase0-forces,A,nominal,Kerbin,3531599999999.9995,600000.0,2630.0,0.0,0.0,340.0,1131782.3907035058,1427.1736255521505,3.7581423384835944e-05,1556251.0568006788,7562.318557911125,759668.1566944538,1247.506921143775,13.183964717034078,693.092506267662,2856939.2854383183,-597550.4342444473,1729694.4255969354,1
990.5599999993891,phase0-forces,A,nominal,Kerbin,3531599999999.9995,600000.0,2630.0,0.0,0.0,340.0,1132523.3112665385,1426.5624204804005,3.7517951568588614e-05,1556899.6173573295,7569.173524273345,760028.4949702426,1246.9568911682504,13.181291292362996,692.8240069850186,2856939.285408273,-597550.434244716,1729694.4255817784,1
991.0799999993886,phase0-forces,A,nominal,Kerbin,3531599999999.9995,600000.0,2630.0,0.0,0.0,340.0,1133263.9145869026,1425.9517378529515,3.7451165553648025e-05,1557547.8920221524,7576.027100720318,760388.6936822725,1246.407337431328,13.178618875789859,692.5557247526923,2856939.28542405,-597550.4342444348,1729694.4255898076,1
991.5999999993882,phase0-forces,A,nominal,Kerbin,3531599999999.9995,600000.0,2630.0,0.0,0.0,340.0,1134004.200936298,1425.3415767650827,3.738839950528927e-05,1558195.881043071,7582.879287778269,760748.7529446527,1245.8582591073994,13.175947466641228,692.2876591976841,2856939.285429534,-597550.4342442155,1729694.4255926593,1
992.1199999993877,phase0-forces,A,nominal,Kerbin,3531599999999.9995,600000.0,2630.0,0.0,0.0,340.0,1134744.1705838533,1424.7319363275878,3.732534605660476e-05,1558843.5846661145,7589.730085961251,761108.6728695066,1245.3096553819228,13.173277064276775,692.0198099590089,2856939.285426477,-597550.4342442122,1729694.4255911324,1
992.6399999993872,phase0-forces,A,nominal,Kerbin,3531599999999.9995,600000.0,2630.0,0.0,0.0,340.0,1135483.823799771,1424.1228156575628,3.7261117540765554e-05,1559491.003138517,7596.579495795554,761468.4535689326,1244.7615254405475,13.170607668042031,691.7521766882992,2856939.285441491,-597550.4342438178,1729694.4255988365,1
993.1599999993867,phase0-forces,A,nominal,Kerbin,3531599999999.9995,600000.0,2630.0,0.0,0.0,340.0,1136223.1608537983,1423.5142138629624,3.719723827089183e-05,1560138.1367067043,7603.427517805712,761828.0951556388,1244.2138684720608,13.167939277327573,691.4847590127101,2856939.2854469432,-597550.4342439917,1729694.4256014759,1
993.6799999993863,phase0-forces,A,nominal,Kerbin,3531599999999.9995,600000.0,2630.0,0.0,0.0,340.0,1136962.1820135193,1422.906130058326,3.7135599995963275e-05,1560784.9856155373,7610.274152511143,762187.597740607,1243.6666836599427,13.165271891509533,691.2175565824878,2856939.2854298144,-597550.4342441403,1729694.425592837,1
994.1999999993858,phase0-forces,A,nominal,Kerbin,3531599999999.9995,600000.0,2630.0,0.0,0.0,340.0,1137700.8875474907,1422.2985633682783,3.7070978578412905e-05,1561431.550110449,7617.119400439962,762546.9614358563,1243.1199702013364,13.162605509950032,690.9505690440426,2856939.28542033,-597550.4342442917,1729694.425588019,1
994.6999999993853,phase0-forces,A,nominal,Kerbin,3531599999999.9995,600000.0,2630.0,0.0,0.0,340.0,1138410.8839306773,1421.7148514698652,3.701183959492482e-05,1562052.9787536399,7623.700062287877,762892.3725748475,1242.5947279348009,13.16004262799158,690.6940525852588,2856939.28540799,-597550.4342439139,1729694.4255820382,1
995.2199999993849,phase0-forces,A,nominal,Kerbin,3531599999999.9995,600000.0,2630.0,0.0,0.0,340.0,1139148.9711321061,1421.10829656172,3.6948440538253635e-05,1562698.9860718334,7630.542591512348,763251.4641582334,1242.0489367074815,13.157378214517486,690.4274855326141,2856939.2853912064,-597550.4342441065,1729694.42557355,1
995.7399999993844,phase0-forces,A,nominal,Kerbin,3531599999999.9995,600000.0,2630.0,0.0,0.0,340.0,1139886.7435007198,1420.5022561689223,3.688585275085643e-05,1563344.7097009632,7637.383735506495,763610.417182235,1241.5036144469855,13.154714803372553,690.1611323267277,2856939.2853800813,-597550.4342439859,1729694.4255680477,1
996.2599999993839,phase0-forces,A,nominal,Kerbin,3531599999999.9995,600000.0,2630.0,0.0,0.0,340.0,1140624.201301837,1419.8967294197987,3.6821624235017225e-05,1563990.1498836768,7644.223494780332,763969.2317571786,1240.95876035641,13.15205239392634,689.8949926108687,2856939.285376353,-597550.4342438953,1729694.425566229,1
996.7799999993834,phase0-forces,A,nominal,Kerbin,3531599999999.9995,600000.0,2630.0,0.0,0.0,340.0,1141361.344803108,1419.2917154407155,3.6760866350959986e-05,1564635.3068643205,7651.061869859727,764327.9079952175,1240.414373634389,13.14939098562656,689.6290660322853,2856939.285373352,-597550.43424385,1729694.425564751,1
997.299999999383,phase0-forces,A,nominal,Kerbin,3531599999999.9995,600000.0,2630.0,0.0,0.0,340.0,1142098.1742690203,1418.68721336631,3.669802026706748e-05,1565280.1808845014,7657.898861266612,764686.4460069019,1239.8704534854196,13.146730577767274,689.3633522446937,2856939.2853828925,-597550.4342436633,1729694.4255696146,1
997.8199999993825,phase0-forces,A,nominal,Kerbin,3531599999999.9995,600000.0,2630.0,0.0,0.0,340.0,1142834.6899657105,1418.0832223142374,3.663730967673473e-05,1565924.7721874835,7664.734469525606,765044.845903143,1239.3269991048305,13.14407116973065,689.0978508833351,2856939.2853343887,-597550.4342438952,1729694.4255452468,1
998.339999999382,phase0-forces,A,nominal,Kerbin,3531599999999.9995,600000.0,2630.0,0.0,0.0,340.0,1143570.8921579192,1417.4797414441407,3.657312481664121e-05,1566569.0810158034,7671.568695153131,765403.1077931549,1238.7840097155272,13.141412760841911,688.8325616202517,2856939.285341982,-597550.4342437212,1729694.4255491304,1
998.8399999993816,phase0-forces,A,nominal,Kerbin,3531599999999.9995,600000.0,2630.0,0.0,0.0,340.0,1144278.4834760306,1416.8999516912615,3.651391307357699e-05,1567188.3425712935,7678.138762541813,765747.4603361256,1238.2623423026544,13.138857540116003,688.577675473424,2856939.285357773,-597550.4342437863,1729694.4255569933,1
999.3799999993811,phase0-forces,A,nominal,Kerbin,3531599999999.9995,600000.0,2630.0,0.0,0.0,340.0,1145042.3570828957,1416.2743067630956,3.645111064543016e-05,1567856.8522102144,7685.233000583725,766119.2179971945,1237.6994227237537,13.136098938015964,688.3026179604904,2856939.2853328893,-597550.4342436921,1729694.4255445986,1
999.9199999993806,phase0-forces,A,nominal,Kerbin,3531599999999.9995,600000.0,2630.0,0.0,0.0,340.0,1145805.8934590328,1415.6492092222738,3.6386009014677256e-05,1568525.0580075942,7692.325749268995,766490.8271878618,1237.1370020353597,13.133341411397462,688.0277880361978,2856939.285318044,-597550.4342438924,1729694.4255370758,1
1000.4399999993801,phase0-forces,A,nominal,Kerbin,3531599999999.9995,600000.0,2630.0,0.0,0.0,340.0,1146540.8322582485,1415.0477798955164,3.632557127275504e-05,1569168.2285231738,7699.154396463947,766848.532867058,1236.5958824322154,13.130687031132288,687.7633517402704,2856939.2852942944,-597550.4342440709,1729694.4255251118,1
1000.9599999993796,phase0-forces,A,nominal,Kerbin,3531599999999.9995,600000.0,2630.0,0.0,0.0,340.0,1147275.4588796422,1414.4468564205129,3.626418765634298e-05,1569811.1177760907,7705.981663641027,767206.1010942529,1236.0552238495472,13.128033646776085,687.499125791943,2856939.285296552,-597550.4342440028,1729694.4255262746,1
1001.4799999993792,phase0-forces,A,nominal,Kerbin,3531599999999.9995,600000.0,2630.0,0.0,0.0,340.0,1148009.7735868008,1413.846437939986,3.620229472289793e-05,1570453.7260072702,7712.807551322684,767563.5319792993,1235.5150255029591,13.125381257769268,687.2351098414915,2856939.2853076817,-597550.4342439128,1729694.4255318844,1
1001.9999999993787,phase0-forces,A,nominal,Kerbin,3531599999999.9995,600000.0,2630.0,0.0,0.0,340.0,1148743.7766381826,1413.2465236059859,3.614171873778105e-05,1571096.0534532764,7719.632060010897,767920.8256292911,1234.975286614277,13.122729863418492,686.9713035471866,2856939.2853240143,-597550.4342437359,1729694.4255401392,1
1002.5199999993782,phase0-forces,A,nominal,Kerbin,3531599999999.9995,600000.0,2630.0,0.0,0.0,340.0,1149477.4682983852,1412.6471125650705,3.608144834288396e-05,1571738.1003560047,7726.4551902401945,768277.9821543882,1234.4360064036869,13.120079463044393,686.7077065589343,2856939.285332391,-597550.4342437905,1729694.4255443003,1
1003.0199999993778,phase0-forces,A,nominal,Kerbin,3531599999999.9995,600000.0,2630.0,0.0,0.0,340.0,1150182.6476331118,1412.0712296454724,3.602101423894055e-05,1572355.1888014777,7733.01459290454,768621.2726762276,1233.9178995756117,13.117531937940203,686.4544449963478,2856939.285367805,-597550.4342435015,1729694.4255621517,1
1003.5399999993773,phase0-forces,A,nominal,Kerbin,3531599999999.9995,600000.0,2630.0,0.0,0.0,340.0,1150915.7292408296,1411.4728033856413,3.596076930989511e-05,1572996.686095405,7739.835020720095,768978.160541424,1233.3795168285633,13.114883485498002,686.1912575923881,2856939.285380206,-597550.4342433554,1729694.4255684253,1
1004.0399999993768,phase0-forces,A,nominal,Kerbin,3531599999999.9995,600000.0,2630.0,0.0,0.0,340.0,1151620.3224682682,1410.8978658003125,3.5903951356885955e-05,1573613.246511149,7746.391825864064,769321.1929370996,1232.8622715098138,13.112337832217206,685.9383892188222,2856939.2853669915,-597550.434243356,1729694.4255618178,1
1004.5599999993764,phase0-forces,A,nominal,Kerbin,3531599999999.9995,600000.0,2630.0,0.0,0.0,340.0,1152352.7950246239,1410.3004210806207,3.584276419132948e-05,1574254.1951110964,7753.209553245894,769677.8125601314,1232.324783255157,13.109691325209123,685.6756100873531,2856939.2853800408,-597550.4342431388,1729694.425568451,1
1005.0799999993759,phase0-forces,A,nominal,Kerbin,3531599999999.9995,600000.0,2630.0,0.0,0.0,340.0,1153084.9574677276,1409.7034755107302,3.578344330890104e-05,1574894.8643355956,7760.025904703733,770034.2955914035,1231.7877498794012,13.107045809008168,685.4130385863942,2856939.2853834108,-597550.4342432903,1729694.4255700603,1
1005.5999999993754,phase0-forces,A,nominal,Kerbin,3531599999999.9995,600000.0,2630.0,0.0,0.0,340.0,1153816.8100576957,1409.1070282561927,3.572390414774418e-05,1575535.2544219533,7766.840880753867,770390.6421402298,1231.2511706139837,13.104401283004906,685.1506743846259,2856939.285392312,-597550.4342434054,1729694.4255744533,1
1006.119999999375,phase0-forces,A,nominal,Kerbin,3531599999999.9995,600000.0,2630.0,0.0,0.0,340.0,1154548.3530509027,1408.511078480852,3.5664805182022974e-05,1576175.36560418,7773.654481906419,770746.8523141437,1230.7150446895687,13.101757746535403,684.8885171485917,2856939.2853865484,-597550.4342431853,1729694.4255716815,1
1006.6199999993745,phase0-forces,A,nominal,Kerbin,3531599999999.9995,600000.0,2630.0,0.0,0.0,340.0,1155251.468050327,1407.9385182241297,3.560625191312283e-05,1576790.5943257683,7780.20472536073,771089.233586522,1230.1999658099357,13.099216817133607,684.6366377423635,2856939.2853732216,-597550.4342430453,1729694.4255650882,1
1007.139999999374,phase0-forces,A,nominal,Kerbin,3531599999999.9995,600000.0,2630.0,0.0,0.0,340.0,1155982.404505948,1407.3435418636545,3.554800423444249e-05,1577430.1591121189,7787.015631099112,771445.1765651058,1229.6647269300224,13.096575219775193,684.374885488182,2856939.2853627717,-597550.4342431583,1729694.4255598066,1
1007.6599999993736,phase0-forces,A,nominal,Kerbin,3531599999999.9995,600000.0,2630.0,0.0,0.0,340.0,1156713.032127097,1406.7490605361713,3.5486649721860886e-05,1578069.4456912167,7793.825163453228,771800.9834862328,1229.1299391488797,13.093934610036694,684.1133392090087,2856939.2853938816,-597550.434243064,1729694.4255754089,1
1008.1799999993731,phase0-forces,A,nominal,Kerbin,3531599999999.9995,600000.0,2630.0,0.0,0.0,340.0,1157443.3511716207,1406.1550733950833,3.543025377439335e-05,1578708.454298623,7800.633322955735,772156.6544575982,1228.5956016927162,13.091294987310771,683.851998557875,2856939.285374068,-597550.4342430673,1729694.4255655005,1
1008.6999999993726,phase0-forces,A,nominal,Kerbin,3531599999999.9995,600000.0,2630.0,0.0,0.0,340.0,1158173.361893624,1405.5615796374038,3.536933218128979e-05,1579347.1851665692,7807.440110109776,772512.189585181,1228.0617138223856,13.088656350838574,683.5908632152339,2856939.2853956637,-597550.4342428385,1729694.4255764126,1
1009.2199999993721,phase0-forces,A,nominal,Kerbin,3531599999999.9995,600000.0,2630.0,0.0,0.0,340.0,1158903.064549849,1404.9685784305163,3.531042966642417e-05,1579985.6385302087,7814.245525428724,772867.5889749858,1227.528274776476,13.08601870005992,683.3299328405976,2856939.285412462,-597550.4342425828,1729694.4255849395,1
1009.7399999993717,phase0-forces,A,nominal,Kerbin,3531599999999.9995,600000.0,2630.0,0.0,0.0,340.0,1159632.459394992,1404.37606895015,3.5252494853921235e-05,1580623.8146213738,7821.049569425398,773222.8527351466,1226.9952838016243,13.083382034272747,683.0692070961722,2856939.28540227,-597550.4342427246,1729694.4255797728,1
1010.2599999993712,phase0-forces,A,nominal,Kerbin,3531599999999.9995,600000.0,2630.0,0.0,0.0,340.0,1160361.54668454,1403.784050389577,3.5192439099773765e-05,1581261.7136743176,7827.852242614348,773577.980970642,1226.4627401532805,13.080746352881121,682.8086856643849,2856939.2854210865,-597550.4342425438,1729694.4255892714,1
1010.7799999993707,phase0-forces,A,nominal,Kerbin,3531599999999.9995,600000.0,2630.0,0.0,0.0,340.0,1161090.3266714367,1403.1925219221534,3.513521733111702e-05,1581899.335919919,7834.65354549884,773932.9737875556,1225.9306430788472,13.07811165521296,682.5483682011636,2856939.285414451,-597550.4342427925,1729694.4255858292,1
1011.2999999993702,phase0-forces,A,nominal,Kerbin,3531599999999.9995,600000.0,2630.0,0.0,0.0,340.0,1161818.7996100085,1402.6014827382335,3.507755900500342e-05,1582536.6815903182,7841.453478599513,774287.8312925353,1225.3989918309442,13.075477940604815,682.288254387998,2856939.28540491,-597550.4342428212,1729694.4255810443,1
1011.8199999993698,phase0-forces,A,nominal,Kerbin,3531599999999.9995,600000.0,2630.0,0.0,0.0,340.0,1162546.96575598,1402.0109320262222,3.501852188492194e-05,1583173.7509196098,7848.252042423186,774642.553591412,1224.8677856667023,13.072845208378796,682.0283438942575,2856939.2854044754,-597550.4342427796,1729694.4255808478,1
1012.3199999993693,phase0-forces,A,nominal,Kerbin,3531599999999.9995,600000.0,2630.0,0.0,0.0,340.0,1163246.836424981,1401.443554701102,3.496305726002902e-05,1583786.0571925067,7854.787832200533,774983.5053170032,1224.3574295545739,13.070314660939452,681.7786213885274,2856939.2854039264,-597550.4342429849,1729694.4255804708,1
1012.8399999993688,phase0-forces,A,nominal,Kerbin,3531599999999.9995,600000.0,2630.0,0.0,0.0,340.0,1163974.4015156908,1400.8539597911633,3.490438393782824e-05,1584422.5851347006,7861.583711618666,775337.9627099768,1223.8270942792763,13.067683853854696,681.519108763079,2856939.285390511,-597550.434242718,1729694.4255738966,1
1013.3599999993684,phase0-forces,A,nominal,Kerbin,3531599999999.9995,600000.0,2630.0,0.0,0.0,340.0,1164701.66056191,1400.26485096185,3.484638000372797e-05,1585058.837419093,7868.378223276573,775692.2852096257,1223.2972018989494,13.065054027238435,681.2597984826923,2856939.285398441,-597550.4342429269,1729694.425577757,1
1013.8799999993679,phase0-forces,A,nominal,Kerbin,3531599999999.9995,600000.0,2630.0,0.0,0.0,340.0,1165428.6138129963,1399.6762274093671,3.478783037280664e-05,1585694.8142736484,7875.171367678873,776046.472919804,1222.7677516718893,13.062425180452436,681.0006902306316,2856939.2854221864,-597550.4342429766,1729694.425589605,1
1014.3999999993674,phase0-forces,A,nominal,Kerbin,3531599999999.9995,600000.0,2630.0,0.0,0.0,340.0,1166155.261522335,1399.0880883211319,3.473199103609659e-05,1586330.5159295748,7881.963145335422,776400.525946893,1222.238742855906,13.059797312828282,680.7417836729594,2856939.285421714,-597550.4342432586,1729694.4255892278,1
1014.899999999367,phase0-forces,A,nominal,Kerbin,3531599999999.9995,600000.0,2630.0,0.0,0.0,340.0,1166853.6733347534,1398.5230261018758,3.467578426352702e-05,1586941.5082090702,7888.492412344228,776740.8346334663,1221.7304961232162,13.057271439805145,680.4930249769022,2856939.2854291713,-597550.4342431189,1729694.4255930262,1
1015.4199999993665,phase0-forces,A,nominal,Kerbin,3531599999999.9995,600000.0,2630.0,0.0,0.0,340.0,1167579.7224376237,1397.9358349942354,3.461924643488601e-05,1587576.6707155374,7895.281510551035,777094.6237764785,1221.2023510269075,13.05464549093101,680.2345131191814,2856939.285414533,-597550.4342434639,1729694.4255855347,1
1015.939999999366,phase0-forces,A,nominal,Kerbin,3531599999999.9995,600000.0,2630.0,0.0,0.0,340.0,1168305.4667419465,1397.3491259880586,3.456271588220261e-05,1588211.5587024596,7902.069243522095,777448.2785465715,1220.6746451711044,13.05202051930425,679.9762020073593,2856939.2853944334,-597550.4342434665,1729694.4255754836,1
1016.4599999993656,phase0-forces,A,nominal,Kerbin,3531599999999.9995,600000.0,2630.0,0.0,0.0,340.0,1169030.906494745,1396.7628982981053,3.450539952609688e-05,1588846.1723957313,7908.8556117595335,777801.7990464962,1220.1473778374718,13.049396524244134,679.7180913208194,2856939.285405689,-597550.434243383,1729694.425581153,1
1016.9799999993651,phase0-forces,A,nominal,Kerbin,3531599999999.9995,600000.0,2630.0,0.0,0.0,340.0,1169756.0419453327,1396.1771511272048,3.444733010837808e-05,1589480.5120229495,7915.640615771445,778155.1853807272,1219.62054829615,13.046773505094276,679.460180735106,2856939.2854305836,-597550.4342433411,1729694.4255936213,1
1017.4999999993646,phase0-forces,A,nominal,Kerbin,3531599999999.9995,600000.0,2630.0,0.0,0.0,340.0,1170480.8733438596,1395.591883676466,3.439151987549849e-05,1590114.5778124686,7922.424256069607,778508.4376540934,1219.0941558129161,13.04415146118876,679.2024699300478,2856939.2854367825,-597550.4342431024,1729694.42559684,1
1018.0199999993641,phase0-forces,A,nominal,Kerbin,3531599999999.9995,600000.0,2630.0,0.0,0.0,340.0,1171205.4009384327,1395.0070951592277,3.4334083466092125e-05,1590748.369991773,7929.206533161419,778861.5559685468,1218.5681996708295,13.0415303918939,678.9449585795726,2856939.2854378866,-597550.4342431716,1729694.4255973576,1
1018.5399999993637,phase0-forces,A,nominal,Kerbin,3531599999999.9995,600000.0,2630.0,0.0,0.0,340.0,1171929.6249769276,1394.4227847818565,3.427899719099514e-05,1591381.888786608,7935.987447544977,779214.5404290631,1218.0426791409482,13.038910296534976,678.687646364812,2856939.2854032996,-597550.4342434186,1729694.4255799404,1
1019.0599999993632,phase0-forces,A,nominal,Kerbin,3531599999999.9995,600000.0,2630.0,0.0,0.0,340.0,1172653.545708116,1393.8389517722715,3.422207009862177e-05,1592015.1344245877,7942.766999736409,779567.3911388326,1217.5175935146858,13.03629117446984,678.4305329746352,2856939.2854020754,-597550.4342437482,1729694.4255791637,1
1019.5799999993627,phase0-forces,A,nominal,Kerbin,3531599999999.9995,600000.0,2630.0,0.0,0.0,340.0,1173377.163378661,1393.255595340042,3.4166550904046744e-05,1592648.1071310467,7949.545190237523,779920.108200903,1216.992942066976,13.033673025019826,678.1736180897763,2856939.285399923,-597550.4342440891,1729694.4255779171,1
1020.0999999993622,phase0-forces,A,nominal,Kerbin,3531599999999.9995,600000.0,2630.0,0.0,0.0,340.0,1174100.4782358534,1392.6727146991398,3.410990393604152e-05,1593280.8071317018,7956.322019554267,780272.6917189638,1216.4687240759072,13.03105584756088,677.91690139434,2856939.2853815313,-597550.4342442849,1729694.4255686232,1
1020.6199999993618,phase0-forces,A,nominal,Kerbin,3531599999999.9995,600000.0,2630.0,0.0,0.0,340.0,1174823.4905258904,1392.0903090786835,3.4053005947498605e-05,1593913.2346510862,7963.097488190629,780625.141796631,1215.9449388326277,13.028439641420476,677.6603825801033,2856939.285389149,-597550.4342440951,1729694.4255725269,1
1021.1399999993613,phase0-forces,A,nominal,Kerbin,3531599999999.9995,600000.0,2630.0,0.0,0.0,340.0,1175546.2004952128,1391.5083776979438,3.399690467631444e-05,1594545.3899150651,7969.871596651391,780977.4585353488,1215.421585623667,13.02582440592591,677.4040613268869,2856939.2854128717,-597550.4342437597,1729694.425584556,1
1021.6599999993608,phase0-forces,A,nominal,Kerbin,3531599999999.9995,600000.0,2630.0,0.0,0.0,340.0,1176268.6083892179,1390.9269197684403,3.3943913877010345e-05,1595177.2731471746,7976.644345442139,781329.6420389407,1214.89866372904,13.023210140476927,677.1479373102683,2856939.285395315,-597550.434243692,1729694.4255758114,1
1022.1799999993603,phase0-forces,A,nominal,Kerbin,3531599999999.9995,600000.0,2630.0,0.0,0.0,340.0,1176990.7144519303,1390.3459345323035,3.388619370525703e-05,1595808.884570853,7983.415735060607,781681.6924083054,1214.3761724529131,13.020596844352392,676.8920102253638,2856939.285411732,-597550.4342437491,1729694.4255839912,1
1022.6999999993599,phase0-forces,A,nominal,Kerbin,3531599999999.9995,600000.0,2630.0,0.0,0.0,340.0,1177712.5189312496,1389.7654212063783,3.3830732718342915e-05,1596440.224412411,7990.185766024037,782033.6097472818,1213.854111076279,13.017984516851032,676.6362797569147,2856939.2854256155,-597550.4342437653,1729694.4255909252,1
1023.2199999993594,phase0-forces,A,nominal,Kerbin,3531599999999.9995,600000.0,2630.0,0.0,0.0,340.0,1178434.0220698914,1389.1853790218156,3.377574103069492e-05,1597071.292893377,7996.954438828725,782385.3941576824,1213.332478893234,13.015373157400001,676.3807455955254,2856939.2854398075,-597550.4342436095,1729694.425598099,1
1023.7399999993589,phase0-forces,A,nominal,Kerbin,3531599999999.9995,600000.0,2630.0,0.0,0.0,340.0,1179182.9566423174,1388.5835253668524,3.371903221704997e-05,1597702.0902368084,8003.721753974267,782737.045740858,1212.8112751996755,13.01276276533188,676.1254074234901,2856939.28544582,-597550.4342436411,1729694.4256010896,1
1024.2799999993586,phase0-forces,A,nominal,Kerbin,3531599999999.9995,600000.0,2630.0,0.0,0.0,340.0,1179903.8462650662,1388.0044412012646,3.3662574423942715e-05,1598356.8622748363,8010.747914025143,783102.0819062954,1212.2704779823523,13.010052996717825,675.860455662185,2856939.2854430065,-597550.4342438676,1729694.4255995695,1
1024.779999999358,phase0-forces,A,nominal,Kerbin,3531599999999.9995,600000.0,2630.0,0.0,0.0,340.0,1180596.7258801523,1387.4480716224598,3.361058043083176e-05,1598962.8724009346,8017.252313309273,783439.9508346609,1211.7701504645333,13.007544880572876,675.615317816451,2856939.2854398973,-597550.4342436894,1729694.425598104,1
1025.2999999993576,phase0-forces,A,nominal,Kerbin,3531599999999.9995,600000.0,2630.0,0.0,0.0,340.0,1181317.0260930653,1386.8699063244117,3.355500666657463e-05,1599592.857666056,8024.015558504315,783791.2045481887,1211.250228022684,13.004937386619561,675.3605657623552,2856939.2854393125,-597550.4342436746,1729694.4255978188,1
1025.8199999993572,phase0-forces,A,nominal,Kerbin,3531599999999.9995,600000.0,2630.0,0.0,0.0,340.0,1182037.0261820268,1386.2922083380581,3.350234328536317e-05,1600222.5726821856,8030.777448055228,784142.3258412145,1210.7307312642804,13.002330857373085,675.1060084633718,2856939.285435236,-597550.4342435256,1729694.4255958553,1
1026.3199999993567,phase0-forces,A,nominal,Kerbin,3531599999999.9995,600000.0,2630.0,0.0,0.0,340.0,1182729.0511547925,1385.737169494029,3.344997821841389e-05,1600827.813239092,8037.277986959505,784479.8176842878,1210.2316159430763,12.999825488376075,674.8614252025416,2856939.2854293827,-597550.4342435264,1729694.4255929282,1
1026.8399999993562,phase0-forces,A,nominal,Kerbin,3531599999999.9995,600000.0,2630.0,0.0,0.0,340.0,1183448.463242439,1385.1603859504855,3.339540489832871e-05,1601456.9987938772,8044.037218808728,784830.6795233905,1209.7129521597542,12.997220849543679,674.6072490224358,2856939.2854194436,-597550.4342436526,1729694.4255878956,1
1027.3599999993558,phase0-forces,A,nominal,Kerbin,3531599999999.9995,600000.0,2630.0,0.0,0.0,340.0,1184167.5759211334,1384.5840674730787,3.334152643219568e-05,1602085.9147527767,8050.795096496848,785181.409240798,1209.1947119990896,12.9946171734951,674.3532666920566,2856939.285407233,-597550.4342433298,1729694.4255819516,1
1027.8799999993553,phase0-forces,A,nominal,Kerbin,3531599999999.9995,600000.0,2630.0,0.0,0.0,340.0,1184886.3894341108,1384.0082133101619,3.328568345750682e-05,1602714.5613379683,8057.551620531227,785532.0069381404,1208.6768947766745,12.99201445954585,674.099477898689,2856939.2854175037,-597550.4342431771,1729694.4255871633,1
1028.3999999993548,phase0-forces,A,nominal,Kerbin,3531599999999.9995,600000.0,2630.0,0.0,0.0,340.0,1185604.9040211034,1383.4328226981143,3.323319833725691e-05,1603342.9387685494,8064.306791400091,785882.4727153672,1208.1594997936186,12.989412706995555,673.8458823309916,2856939.2854002407,-597550.4342433151,1729694.4255784627,1
1028.9199999993543,phase0-forces,A,nominal,Kerbin,3531599999999.9995,600000.0,2630.0,0.0,0.0,340.0,1186323.1199231688,1382.857894895894,3.317851951578632e-05,1603971.047264101,8071.060609613986,786232.8066744502,1207.6425263672472,12.986811915219931,673.592479694893,2856939.2854079334,-597550.4342433462,1729694.4255822937,1
1029.4399999993539,phase0-forces,A,nominal,Kerbin,3531599999999.9995,600000.0,2630.0,0.0,0.0,340.0,1187041.037377338,1382.2834291488034,3.312478293082677e-05,1604598.88704194,8077.813075662261,786583.0089128262,1207.125973807903,12.984212083578395,673.3392696807945,2856939.2854053816,-597550.434243481,1729694.4255809502,1
1029.9599999993534,phase0-forces,A,nominal,Kerbin,3531599999999.9995,600000.0,2630.0,0.0,0.0,340.0,1187758.6566233907,1381.7094247041282,3.3071999496314675e-05,1605226.4583203646,8084.564190043689,786933.0795321718,1206.6098414255262,12.981613211387458,673.0862519838815,2856939.2853748864,-597550.4342437553,1729694.4255655655,1
1030.479999999353,phase0-forces,A,nominal,Kerbin,3531599999999.9995,600000.0,2630.0,0.0,0.0,340.0,1188475.9779028757,1381.1358808274585,3.301731703686528e-05,1605853.7613204021,8091.313953265768,787283.0186326099,1206.09412854208,12.979015297955737,672.8334263153517,2856939.285380297,-597550.4342434694,1729694.4255684137,1
1030.9999999993524,phase0-forces,A,nominal,Kerbin,3531599999999.9995,600000.0,2630.0,0.0,0.0,340.0,1189193.0014528662,1380.5627967673124,3.296366412541829e-05,1606480.796258891,8098.062365823591,787632.8263126384,1205.5788344755927,12.976418342677025,672.5807923583982,2856939.285384711,-597550.4342435187,1729694.425570596,1
1031.539999999352,phase0-forces,A,nominal,Kerbin,3531599999999.9995,600000.0,2630.0,0.0,0.0,340.0,1189937.287960759,1379.9681568930507,3.291081520728767e-05,1607131.6644336572,8105.068903651988,787995.949142562,1205.044163956432,12.973722517887795,672.3186443029645,2856939.285352265,-597550.4342436232,1729694.425554321,1
1032.0599999993515,phase0-forces,A,nominal,Kerbin,3531599999999.9995,600000.0,2630.0,0.0,0.0,340.0,1190653.7053398616,1379.3960078524622,3.28559908666648e-05,1607758.153612844,8111.814564473426,788345.4892388661,1204.5297215190278,12.971127513650426,672.0664002222013,2856939.285360243,-597550.4342436194,1729694.4255583119,1
1032.579999999351,phase0-forces,A,nominal,Kerbin,3531599999999.9995,600000.0,2630.0,0.0,0.0,340.0,1191369.8257111404,1378.8243163788588,3.280322198406793e-05,1608384.3753896006,8118.558876134594,788694.8982165033,1204.015695833766,12.968533465527338,671.8143469466202,2856939.2853743588,-597550.4342435498,1729694.4255654044,1
1033.0799999993505,phase0-forces,A,nominal,Kerbin,3531599999999.9995,600000.0,2630.0,0.0,0.0,340.0,1192058.1231202458,1378.275043852897,3.275249036960304e-05,1608986.2597420006,8125.042519339119,789030.74482986,1203.521832750183,12.9660400895414,671.5721676824777,2856939.2853666986,-597550.4342436437,1729694.4255615275,1
1033.61999999935,phase0-forces,A,nominal,Kerbin,3531599999999.9995,600000.0,2630.0,0.0,0.0,340.0,1192801.176382195,1377.6823031714944,3.269643275416456e-05,1609636.0176035832,8132.04345398621,789393.323217217,1202.9888920064873,12.963348234950113,671.3108116092402,2856939.285378865,-597550.434243412,1729694.4255677266,1
1034.1599999993496,phase0-forces,A,nominal,Kerbin,3531599999999.9995,600000.0,2630.0,0.0,0.0,340.0,1193543.9101168853,1377.0900535442786,3.264217230025679e-05,1610285.4877974738,8139.042935306263,789755.7605274654,1202.456398503016,12.960657409286581,671.0496603301868,2856939.2853735574,-597550.4342433531,1729694.4255651021,1
1034.679999999349,phase0-forces,A,nominal,Kerbin,3531599999999.9995,600000.0,2630.0,0.0,0.0,340.0,1194258.833445943,1376.520202439817,3.2590400223853067e-05,1610910.6318811951,8145.7818035134205,790104.640999997,1201.9440489838385,12.958067215651191,670.7983745741528,2856939.285380643,-597550.4342431453,1729694.4255687487,1
1035.1999999993486,phase0-forces,A,nominal,Kerbin,3531599999999.9995,600000.0,2630.0,0.0,0.0,340.0,1194973.4609598247,1375.9508052040965,3.253724935348146e-05,1611535.509651356,8152.519325066824,790453.3908533074,1201.4321128268466,12.955477974762589,670.5472781248657,2856939.2854074296,-597550.4342428333,1729694.425582298,1
1035.6999999993482,phase0-forces,A,nominal,Kerbin,3531599999999.9995,600000.0,2630.0,0.0,0.0,340.0,1195660.3240504782,1375.40373519534,3.248675784561783e-05,1612136.1027136333,8158.996441683256,790788.604162598,1200.94025571672,12.952989217952705,670.3060174716262,2856939.28541268,-597550.4342429364,1729694.4255848718,1
1036.2399999993477,phase0-forces,A,nominal,Kerbin,3531599999999.9995,600000.0,2630.0,0.0,0.0,340.0,1196401.829480392,1374.813369399475,3.2433603337267414e-05,1612784.4671071875,8165.99033020371,791150.499096229,1200.409477913869,12.950302348608018,670.0456519396045,2856939.2853960036,-597550.4342429998,1729694.425576502,1
1036.7599999993472,phase0-forces,A,nominal,Kerbin,3531599999999.9995,600000.0,2630.0,0.0,0.0,340.0,1197115.5709573864,1374.2453293842807,3.238162025809288e-05,1613408.547223168,8172.723814775205,791498.8576808984,1199.8987778301644,12.94771596201289,669.7951216211975,2856939.285394984,-597550.4342431063,1729694.4255759388,1
1037.2799999993467,phase0-forces,A,nominal,Kerbin,3531599999999.9995,600000.0,2630.0,0.0,0.0,340.0,1197829.0175571286,1373.6777403295334,3.23282802128233e-05,1614032.3618813795,8179.455954674592,791847.0860401846,1199.388488440475,12.945130525518131,669.5447794352539,2856939.285401379,-597550.4342427815,1729694.425579299,1
1037.7999999993463,phase0-forces,A,nominal,Kerbin,3531599999999.9995,600000.0,2630.0,0.0,0.0,340.0,1198542.1695112293,1373.110601509099,3.2277588616125286e-05,1614655.911294234,8186.186750387282,792195.1842691505,1198.8786090880837,12.942546038498866,669.2946250716068,2856939.285393398,-597550.4342431198,1729694.425575139,1
1038.3399999993458,phase0-forces,A,nominal,Kerbin,3531599999999.9995,600000.0,2630.0,0.0,0.0,340.0,1199282.4387771462,1372.5221254256467,3.2224590540863574e-05,1615303.1628631714,8193.1750006687,792556.5332640181,1198.349552272047,12.93986315231538,669.0350478815876,2856939.285372114,-597550.4342432807,1729694.4255644165,1
1038.8599999993453,phase0-forces,A,nominal,Kerbin,3531599999999.9995,600000.0,2630.0,0.0,0.0,340.0,1199994.9908342587,1371.9559021629166,3.217253106413409e-05,1615926.1722469884,8199.903057854031,792904.3665319679,1197.840506709114,12.937280598641722,668.7852755086848,2856939.285360778,-597550.4342430112,1729694.4255588835,1
1039.219999999345,phase0-forces,A,nominal,Kerbin,3531599999999.9995,600000.0,2630.0,0.0,0.0,340.0,1200488.1239038317,1371.5641639542494,3.2137602829607204e-05,1616357.3314226654,8204.56015702697,793145.0981173427,1197.488329616006,12.935493231899326,668.6124657017951,2856939.2853582995,-597550.4342429898,1729694.4255576548,1
1039.7199999993445,phase0-forces,A,nominal,Kerbin,3531599999999.9995,600000.0,2630.0,0.0,0.0,340.0,1201172.7973753312,1371.0204389212006,3.2086703868117183e-05,1616955.9533562928,8211.027283042184,793479.344369767,1196.9995187902828,12.93301153097023,668.3726005517078,2856939.2853728337,-597550.4342425547,1729694.4255651394,1
1040.239999999344,phase0-forces,A,nominal,Kerbin,3531599999999.9995,600000.0,2630.0,0.0,0.0,340.0,1201884.569880913,1370.4554031526868,3.2035801268648356e-05,1617578.261003911,8217.751778035137,793826.8332943909,1196.4915546486839,12.930431490154959,668.123323665809,2856939.2853856357,-597550.4342425689,1729694.4255715334,1
1040.7799999993435,phase0-forces,A,nominal,Kerbin,3531599999999.9995,600000.0,2630.0,0.0,0.0,340.0,1202623.407795355,1369.869107451714,3.198263584636152e-05,1618224.2241004054,8224.73348770876,794187.5500317517,1195.9644834485434,12.927753217900587,667.8646562567534,2856939.285386004,-597550.4342426138,1729694.4255716952,1
1041.279999999343,phase0-forces,A,nominal,Kerbin,3531599999999.9995,600000.0,2630.0,0.0,0.0,340.0,1203307.2351613839,1369.3266693661478,3.19350219797343e-05,1618822.0844035847,8231.19674439336,794521.4225134416,1195.4768445943405,12.925274244806966,667.6253281308634,2856939.2853930374,-597550.4342427464,1729694.4255751455,1
1041.7999999993426,phase0-forces,A,nominal,Kerbin,3531599999999.9995,600000.0,2630.0,0.0,0.0,340.0,1204018.1283977968,1368.7629699291008,3.1882755138212815e-05,1619443.6005770501,8237.917216732465,794868.5230010429,1194.970097380533,12.922697038940074,667.3766089073936,2856939.2853961536,-597550.4342428157,1729694.425576669,1
1042.3199999993421,phase0-forces,A,nominal,Kerbin,3531599999999.9995,600000.0,2630.0,0.0,0.0,340.0,1204728.729006853,1368.199714516695,3.183199805789627e-05,1620064.8533477332,8244.636349179023,795215.494203646,1194.4637545093321,12.9201207767211,667.128074994712,2856939.285396826,-597550.4342429887,1729694.4255769185,1
1042.8399999993417,phase0-forces,A,nominal,Kerbin,3531599999999.9995,600000.0,2630.0,0.0,0.0,340.0,1205439.037216821,1367.636902427931,3.1782306905370206e-05,1620685.8429242498,8251.354142210968,795562.3362164246,1193.9578153342854,12.917545457516503,666.8797261157367,2856939.2854130953,-597550.4342426922,1729694.4255852015,1
1043.3599999993412,phase0-forces,A,nominal,Kerbin,3531599999999.9995,600000.0,2630.0,0.0,0.0,340.0,1206149.0532598197,1367.074532950822,3.1730407499708235e-05,1621306.5695187333,8258.070596320751,795909.0491361221,1193.4522792105818,12.914971080633787,666.6315619679,2856939.2854228374,-597550.4342429407,1729694.4255899484,1
1043.8999999993407,phase0-forces,A,nominal,Kerbin,3531599999999.9995,600000.0,2630.0,0.0,0.0,340.0,1206886.0686157562,1366.4910015976188,3.167927934555337e-05,1621950.8920855937,8265.043958952494,796268.960633784,1192.9277252955383,12.912298685926919,666.3740482725311,2856939.285406034,-597550.4342431352,1729694.4255814494,1
1044.4199999993402,phase0-forces,A,nominal,Kerbin,3531599999999.9995,600000.0,2630.0,0.0,0.0,340.0,1207595.4897923365,1365.9295321941618,3.1628933356842026e-05,1622571.0832445365,8271.757685239723,796615.4106976877,1192.4230087750875,12.909726227916362,666.1262598281573,2856939.2853963054,-597550.4342431234,1729694.425576591,1
1044.9399999993398,phase0-forces,A,nominal,Kerbin,3531599999999.9995,600000.0,2630.0,0.0,0.0,340.0,1208304.6194972172,1365.368503271329,3.1579060305375606e-05,1623191.0120559505,8278.470074099072,796961.7319601908,1191.9186933506396,12.907154710195147,665.8786552548295,2856939.2853823234,-597550.4342433237,1729694.4255694998,1
1045.4399999993393,phase0-forces,A,nominal,Kerbin,3531599999999.9995,600000.0,2630.0,0.0,0.0,340.0,1208986.2003225908,1364.829467133216,3.1530413252767175e-05,1623786.8502386343,8284.923033344918,797294.6117966627,1191.4341523328414,12.90468298316437,665.6407470754518,2856939.2853861996,-597550.4342434093,1729694.425571395,1
1045.9799999993388,phase0-forces,A,nominal,Kerbin,3531599999999.9995,600000.0,2630.0,0.0,0.0,340.0,1209722.0054017655,1364.2477640898549,3.1478688470087945e-05,1624430.083467364,8291.890841464548,797653.9884610828,1190.9112632364327,12.902014493024101,665.3839966085702,2856939.2853980726,-597550.4342431783,1729694.425577447,1
1046.4999999993383,phase0-forces,A,nominal,Kerbin,3531599999999.9995,600000.0,2630.0,0.0,0.0,340.0,1210430.2620575596,1363.688052429616,3.142858622595668e-05,1625049.2264839043,8298.599220949243,797999.9238902461,1190.4081472663634,12.899445792204657,665.1369419596217,2856939.2853872166,-597550.4342433357,1729694.4255719404,1
1047.0199999993379,phase0-forces,A,nominal,Kerbin,3531599999999.9995,600000.0,2630.0,0.0,0.0,340.0,1211138.2281498876,1363.1287784735905,3.137885869364254e-05,1625668.1079825144,8305.306264951107,798345.73089753,1189.9054298458204,12.89687802905004,664.8900700592847,2856939.285399793,-597550.4342433431,1729694.425578225,1
1047.5399999993374,phase0-forces,A,nominal,Kerbin,3531599999999.9995,600000.0,2630.0,0.0,0.0,340.0,1211845.9039075219,1362.5699415198615,3.132932761218399e-05,1626286.7281718228,8312.011973960578,798691.4095791925,1189.403110332715,12.89431120287548,664.6433806206944,2856939.285397281,-597550.434243314,1729694.4255769835,1
1048.059999999337,phase0-forces,A,nominal,Kerbin,3531599999999.9995,600000.0,2630.0,0.0,0.0,340.0,1212553.2895556812,1362.0115408830313,3.127973832306452e-05,1626905.087257711,8318.716348459824,799036.9600290183,1188.9011881001848,12.891745312964218,664.3968733635974,2856939.2853996083,-597550.4342434044,1729694.425578102,1
1048.5599999993365,phase0-forces,A,nominal,Kerbin,3531599999999.9995,600000.0,2630.0,0.0,0.0,340.0,1213233.1946896228,1361.475028018633,3.123285932815634e-05,1627499.4172633255,8325.161604362933,799369.0992377261,1188.4189446332534,12.889278993517728,664.160018701931,2856939.2854098435,-597550.434243415,1729694.4255832143,1
1049.059999999336,phase0-forces,A,nominal,Kerbin,3531599999999.9995,600000.0,2630.0,0.0,0.0,340.0,1213912.832010307,1360.9389173013128,3.118532185908407e-05,1628093.5062376517,8331.605627317993,799701.120060559,1187.937067328382,12.886813538523722,663.9233319663767,2856939.285402982,-597550.4342437286,1729694.4255796266,1
1049.5799999993355,phase0-forces,A,nominal,Kerbin,3531599999999.9995,600000.0,2630.0,0.0,0.0,340.0,1214619.3709440958,1360.3817881059447,3.113405546173453e-05,1628711.1032826954,8338.30610374333,800046.2962232446,1187.436302756259,12.884250381702573,663.6773556472865,2856939.285421586,-597550.4342434027,1729694.4255890918,1
1050.099999999335,phase0-forces,A,nominal,Kerbin,3531599999999.9995,600000.0,2630.0,0.0,0.0,340.0,1215325.6206549464,1359.825092527209,3.108587407041341e-05,1629328.4400335264,8345.005247571766,800391.3445256641,1186.9359329927192,12.881688158588283,663.4315604096034,2856939.28542193,-597550.4342434631,1729694.4255892334,1
1050.6199999993346,phase0-forces,A,nominal,Kerbin,3531599999999.9995,600000.0,2630.0,0.0,0.0,340.0,1216031.581366733,1359.2688298919172,3.1035771826282144e-05,1629945.5166944875,8351.703059289477,800736.2650616653,1186.4359574166258,12.879126868510655,663.185945987806,2856939.2854463267,-597550.4342433222,1729694.4256015022,1
1051.1399999993341,phase0-forces,A,nominal,Kerbin,3531599999999.9995,600000.0,2630.0,0.0,0.0,340.0,1216737.2533038328,1358.7129995123112,3.098799425060861e-05,1630562.3334700754,8358.39953937755,801081.0579259243,1185.9363753987575,12.876566510765604,662.9405121009672,2856939.2854650975,-597550.4342431406,1729694.4256109784,1
1051.6399999993337,phase0-forces,A,nominal,Kerbin,3531599999999.9995,600000.0,2630.0,0.0,0.0,340.0,1217415.5118927856,1358.1789542318766,3.094063140451908e-05,1631155.1816295376,8364.83720720019,801412.4692130288,1185.4563786449676,12.874105506969466,662.7046879687425,2856939.285491191,-597550.4342434984,1729694.4256238462,1
1052.1599999993332,phase0-forces,A,nominal,Kerbin,3531599999999.9995,600000.0,2630.0,0.0,0.0,340.0,1218120.6180375114,1357.6239697644278,3.089391248067841e-05,1631771.4892244907,8371.531076655145,801757.0119148466,1184.957566799577,12.871546976142668,662.4596074039464,2856939.285495164,-597550.4342433033,1729694.4256259303,1
1052.6799999993327,phase0-forces,A,nominal,Kerbin,3531599999999.9995,600000.0,2630.0,0.0,0.0,340.0,1218825.4360696352,1357.069415538298,3.0845934816170484e-05,1632387.5375391003,8378.223615915707,802101.427221005,1184.4591466715501,12.86898937571789,662.2147065476643,2856939.2854689164,-597550.4342436123,1729694.425612652,1
1053.1999999993322,phase0-forces,A,nominal,Kerbin,3531599999999.9995,600000.0,2630.0,0.0,0.0,340.0,1219529.9662129523,1356.5152908866207,3.0797062208876014e-05,1633003.3267778833,8384.914825469094,802445.7152248011,1183.9611176450567,12.8664327050331,661.9699851377918,2856939.285451917,-597550.4342437293,1729694.4256040938,1
1053.6399999993318,phase0-forces,A,nominal,Kerbin,3531599999999.9995,600000.0,2630.0,0.0,0.0,340.0,1220125.8824074236,1356.046751210817,3.075589120271616e-05,1633524.1770045816,8390.575579932145,802736.9364818991,1183.540013490166,12.86427009397845,661.7630531331122,2856939.285456556,-597550.4342437864,1729694.4256063846,1
1054.2199999993313,phase0-forces,A,nominal,Kerbin,3531599999999.9995,600000.0,2630.0,0.0,0.0,340.0,1220911.0938395073,1355.4295992250168,3.07019472529646e-05,1634210.4693209664,8398.036029948536,803120.6799855034,1182.9853481806867,12.861420395079053,661.4904748448994,2856939.285448944,-597550.4342439511,1729694.4256024966,1
1054.7399999993308,phase0-forces,A,nominal,Kerbin,3531599999999.9995,600000.0,2630.0,0.0,0.0,340.0,1221614.7726916494,1354.8767428294952,3.0653205612907186e-05,1634825.4924842943,8404.72330434523,803464.5915272883,1182.4884738034225,12.858866473858148,661.2462832676811,2856939.2854622803,-597550.4342438687,1729694.4256092058,1
1055.2599999993304,phase0-forces,A,nominal,Kerbin,3531599999999.9995,600000.0,2630.0,0.0,0.0,340.0,1222318.1645336465,1354.3243133458068,3.060555172851309e-05,1635440.2573737951,8411.409250943463,803808.3761350253,1181.9919880905481,12.856313479717434,661.0022700513634,2856939.285472035,-597550.4342438865,1729694.425614074,1
1055.77999999933,phase0-forces,A,nominal,Kerbin,3531599999999.9995,600000.0,2630.0,0.0,0.0,340.0,1223021.2695875135,1353.772310103869,3.055820343433879e-05,1636054.7641914212,8418.093870224237,804152.0339031761,1181.4958904264956,12.853761412039244,660.7584349267366,2856939.2854690948,-597550.4342438428,1729694.425612626,1
1056.2999999993294,phase0-forces,A,nominal,Kerbin,3531599999999.9995,600000.0,2630.0,0.0,0.0,340.0,1223724.0880730909,1353.220732437714,3.0510285796481185e-05,1636669.0131383897,8424.777162667613,804495.5649227637,1181.0001802027023,12.85121027008583,660.5147776204876,2856939.285452406,-597550.4342439027,1729694.4256042517,1
1056.839999999329,phase0-forces,A,nominal,Kerbin,3531599999999.9995,600000.0,2630.0,0.0,0.0,340.0,1224453.6349647108,1352.6483899798368,3.0460956622846425e-05,1637306.6143239047,8431.716100979584,804852.1746201171,1180.4858136325045,12.848561986399353,660.261936796549,2856939.2854450126,-597550.4342443584,1729694.425600327,1
1057.3599999993285,phase0-forces,A,nominal,Kerbin,3531599999999.9995,600000.0,2630.0,0.0,0.0,340.0,1225155.8699767932,1352.0976777829276,3.041393938474357e-05,1637920.338236813,8438.39669021725,805195.4475543485,1179.990891309142,12.846012729473587,660.0186411385641,2856939.2854377213,-597550.4342441562,1729694.4255967825,1
1057.859999999328,phase0-forces,A,nominal,Kerbin,3531599999999.9995,600000.0,2630.0,0.0,0.0,340.0,1225830.8263312653,1351.5685462661147,3.0368915759027004e-05,1638510.2147730277,8444.819083812428,805525.3984180761,1179.5153680990757,12.843562391980921,659.7848699228286,2856939.285402236,-597550.4342443547,1729694.4255789407,1
1058.3999999993275,phase0-forces,A,nominal,Kerbin,3531599999999.9995,600000.0,2630.0,0.0,0.0,340.0,1226559.4825253445,1350.9975234103335,3.0319637517095543e-05,1639147.0144846023,8451.753893045492,805881.6141131411,1179.0022028413016,12.840916986049105,659.5325805501734,2856939.285391789,-597550.4342442733,1729694.4255737578,1
1058.919999999327,phase0-forces,A,nominal,Kerbin,3531599999999.9995,600000.0,2630.0,0.0,0.0,340.0,1227260.8605012237,1350.4480799205883,3.027103048225399e-05,1639759.9672210314,8458.430507605604,806224.5079209032,1178.508435492575,12.83837049827402,659.289815086655,2856939.285379223,-597550.4342444709,1729694.425567376,1
1059.4399999993266,phase0-forces,A,nominal,Kerbin,3531599999999.9995,600000.0,2630.0,0.0,0.0,340.0,1227961.9532350583,1349.8990580220793,3.022443524969276e-05,1640372.663297512,8465.10579822689,806567.2755356382,1178.0150519296308,12.83582493220931,659.0472258301647,2856939.285384941,-597550.4342441439,1729694.4255703986,1
1059.9399999993261,phase0-forces,A,nominal,Kerbin,3531599999999.9995,600000.0,2630.0,0.0,0.0,340.0,1228635.8120720256,1349.37154931067,3.017911694769282e-05,1640961.5522845532,8471.523098817195,806896.74086129,1177.5410060240686,12.83337814116282,658.8141328374707,2856939.2853695303,-597550.4342442332,1729694.4255626486,1
1060.4599999993256,phase0-forces,A,nominal,Kerbin,3531599999999.9995,600000.0,2630.0,0.0,0.0,340.0,1229336.3459289237,1348.8233524680265,3.013137938978616e-05,1641573.7454926968,8478.195793887908,807239.2612117836,1177.0483735289642,12.830834381180273,658.5718884260004,2856939.2853829465,-597550.4342440442,1729694.4255694512,1
1060.9999999993252,phase0-forces,A,nominal,Kerbin,3531599999999.9995,600000.0,2630.0,0.0,0.0,340.0,1230063.5221746329,1348.254515292868,3.008255771419499e-05,1642209.2135644476,8485.123731284955,807594.822143831,1176.5371979549338,12.828193757747739,658.3205125779334,2856939.2854028936,-597550.434243885,1729694.4255795043,1
1061.5199999993247,phase0-forces,A,nominal,Kerbin,3531599999999.9995,600000.0,2630.0,0.0,0.0,340.0,1230763.4761261896,1347.7071731951378,3.0036599127925e-05,1642820.8849952607,8491.793730964097,807937.0859047556,1176.0453435383822,12.825651871930171,658.0786254524439,2856939.2854065327,-597550.434243658,1729694.4255814373,1
1062.0399999993242,phase0-forces,A,nominal,Kerbin,3531599999999.9995,600000.0,2630.0,0.0,0.0,340.0,1231463.1459262709,1347.1602494203419,2.998994204972405e-05,1643432.3007611502,8498.462409094547,808279.2239305344,1175.5538699184303,12.823110904512324,657.8369131971926,2856939.285418852,-597550.4342435447,1729694.4255876539,1
1062.5599999993237,phase0-forces,A,nominal,Kerbin,3531599999999.9995,600000.0,2630.0,0.0,0.0,340.0,1232162.5317897683,1346.6137433160748,2.9944196285214275e-05,1644043.4610587698,8505.129766166472,808621.2363102115,1175.0627764970236,12.82057085480102,657.595375547756,2856939.2854152806,-597550.4342434057,1729694.4255859375,1
1063.0599999993233,phase0-forces,A,nominal,Kerbin,3531599999999.9995,600000.0,2630.0,0.0,0.0,340.0,1232834.750633592,1346.0886499600729,2.989965105371084e-05,1644630.8744565067,8511.53944104611,808949.9759632063,1174.590929280492,12.81812936415766,657.3632922235054,2856939.285408522,-597550.4342434662,1729694.4255825279,1
1063.5799999993228,phase0-forces,A,nominal,Kerbin,3531599999999.9995,600000.0,2630.0,0.0,0.0,340.0,1233533.580177624,1345.5429612548935,2.98529485007748e-05,1645241.5342203793,8518.2042081818,809291.7421500208,1174.100579916048,12.815591112642847,657.1220963016088,2856939.285394323,-597550.4342437352,1729694.4255752938,1
1064.0999999993223,phase0-forces,A,nominal,Kerbin,3531599999999.9995,600000.0,2630.0,0.0,0.0,340.0,1234232.1264241228,1344.9976883171043,2.9806371458107606e-05,1645851.9390992317,8524.867655658501,809633.3829586767,1173.6106090037274,12.81305377687154,656.8810742175222,2856939.2854015343,-597550.434243556,1729694.425578989,1
1064.6199999993219,phase0-forces,A,nominal,Kerbin,3531599999999.9995,600000.0,2630.0,0.0,0.0,340.0,1234930.389590632,1344.4528304969201,2.9760032703052275e-05,1646462.0892911651,8531.529783961287,809974.898481271,1173.1210159519628,12.810517356209067,656.6402257005591,2856939.2854082645,-597550.4342434488,1729694.425582408,1
1065.1199999993214,phase0-forces,A,nominal,Kerbin,3531599999999.9995,600000.0,2630.0,0.0,0.0,340.0,1235601.5297247295,1343.929319627698,2.971585672639776e-05,1647048.532169715,8537.934432958933,810303.1607250292,1172.6506091983317,12.808079352506159,656.4088040276797,2856939.2854279783,-597550.4342434573,1729694.4255922604,1
1065.659999999321,phase0-forces,A,nominal,Kerbin,3531599999999.9995,600000.0,2630.0,0.0,0.0,340.0,1236326.067544478,1343.3643576476245,2.966807187476661e-05,1647681.6264004242,8544.850084938436,810657.5540281145,1172.1429610857308,12.805447257440743,656.1590483226812,2856939.2854332305,-597550.4342436339,1729694.4255947983,1
1066.1799999993204,phase0-forces,A,nominal,Kerbin,3531599999999.9995,600000.0,2630.0,0.0,0.0,340.0,1237023.4827610143,1342.820741334676,2.9623211958096363e-05,1648291.0137095626,8551.508258564698,810998.6942321259,1171.6544980916315,12.802913578029344,655.918718946311,2856939.2854278805,-597550.4342433771,1729694.4255922518,1
1066.67999999932,phase0-forces,A,nominal,Kerbin,3531599999999.9995,600000.0,2630.0,0.0,0.0,340.0,1237693.8081656364,1342.2984224168135,2.957847209472675e-05,1648876.7236012034,8557.909106334011,811326.5958467077,1171.1851762783947,12.800478208270485,655.6877957122977,2856939.2854426885,-597550.4342432397,1729694.4255997243,1
1067.1999999993195,phase0-forces,A,nominal,Kerbin,3531599999999.9995,600000.0,2630.0,0.0,0.0,340.0,1238390.66999604,1341.7556147567502,2.9533848646678962e-05,1649485.6130537614,8564.564696524083,811667.4910877638,1170.6974493308703,12.797946317973697,655.4478045058215,2856939.285437179,-597550.4342434014,1729694.4255968886,1
1067.719999999319,phase0-forces,A,nominal,Kerbin,3531599999999.9995,600000.0,2630.0,0.0,0.0,340.0,1239087.2500240006,1341.2132184131437,2.9487739084288478e-05,1650094.2489855154,8571.218970368229,812008.261578127,1170.2100967593785,12.79541533880848,655.2079853259243,2856939.2854399094,-597550.4342431797,1729694.4255983648,1
1068.2399999993186,phase0-forces,A,nominal,Kerbin,3531599999999.9995,600000.0,2630.0,0.0,0.0,340.0,1239783.5484630498,1340.6712327488758,2.944324296549894e-05,1650702.6315916006,8577.871928338009,812348.9074068095,1169.723117985803,12.79288527010563,654.9683379037705,2856939.2854346284,-597550.4342432572,1729694.4255956856,1
1068.779999999318,phase0-forces,A,nominal,Kerbin,3531599999999.9995,600000.0,2630.0,0.0,0.0,340.0,1240506.3297963345,1340.1088354834221,2.939603837148752e-05,1651334.1456083134,8584.77937705303,812702.5231482196,1169.217804277823,12.790258853997287,654.7196547980884,2856939.2854283606,-597550.4342432658,1729694.4255925473,1
1069.2999999993176,phase0-forces,A,nominal,Kerbin,3531599999999.9995,600000.0,2630.0,0.0,0.0,340.0,1241202.0548841995,1339.567685024661,2.93502689601155e-05,1651942.0124189057,8591.42965413355,813042.915135279,1168.7315856869018,12.787730639146835,654.4803567145543,2856939.285428729,-597550.4342432779,1729694.4255927256,1
1069.8199999993171,phase0-forces,A,nominal,Kerbin,3531599999999.9995,600000.0,2630.0,0.0,0.0,340.0,1241897.4990307298,1339.0269433360174,2.9304585041245446e-05,1652549.6264939934,8598.078616781475,813383.182733894,1168.2457391414127,12.785203332721926,654.2412296190704,2856939.28545211,-597550.4342431445,1729694.4256044829,1
1070.3399999993167,phase0-forces,A,nominal,Kerbin,3531599999999.9995,600000.0,2630.0,0.0,0.0,340.0,1242592.6624449445,1338.486609782089,2.9260148949106224e-05,1653156.9880251666,8604.726265465397,813723.326030049,1167.7602640613227,12.782676934070858,654.0022732497031,2856939.285454867,-597550.4342430041,1729694.4256059313,1
1070.8799999993162,phase0-forces,A,nominal,Kerbin,3531599999999.9995,600000.0,2630.0,0.0,0.0,340.0,1243314.2660048446,1337.9259254873032,2.9213113521109335e-05,1653787.4425223367,8611.628202706635,814076.4202899537,1167.2565094258446,12.780054326348512,653.7543066821552,2856939.285470519,-597550.4342428996,1729694.4256138098,1
1071.3999999993157,phase0-forces,A,nominal,Kerbin,3531599999999.9995,600000.0,2630.0,0.0,0.0,340.0,1244008.8578136682,1337.386421968433,2.91686701530125e-05,1654394.2898517959,8618.273174389567,814416.3104755045,1166.7717897946316,12.77752977608468,653.5156975450404,2856939.2854619254,-597550.4342427829,1729694.4256095712,1
1071.9399999993152,phase0-forces,A,nominal,Kerbin,3531599999999.9995,600000.0,2630.0,0.0,0.0,340.0,1244729.8682380556,1336.8265982888279,2.912204945459962e-05,1655024.2107840558,8625.172332686909,814769.1420828598,1166.2688184328067,12.774909086424746,653.2680910175069,2856939.285471719,-597550.43424283,1729694.4256144445,1
1072.4599999993147,phase0-forces,A,nominal,Kerbin,3531599999999.9995,600000.0,2630.0,0.0,0.0,340.0,1245423.8893169616,1336.2879222142872,2.9078510124236345e-05,1655630.5447095665,8631.814629325478,815108.779527402,1165.7848518786782,12.77238638179372,653.0298280569573,2856939.2854464985,-597550.4342429424,1729694.425601778,1
1072.9799999993143,phase0-forces,A,nominal,Kerbin,3531599999999.9995,600000.0,2630.0,0.0,0.0,340.0,1246117.6307339843,1335.7496511226464,2.9031776648480445e-05,1656236.6270677762,8638.455614390772,815448.293118953,1165.3012539029205,12.769864581581034,652.7917345410563,2856939.285455735,-597550.434243001,1729694.425606367,1
1073.4999999993138,phase0-forces,A,nominal,Kerbin,3531599999999.9995,600000.0,2630.0,0.0,0.0,340.0,1246811.092699827,1335.211784387661,2.8988335543544963e-05,1656842.458051038,8645.09528835619,815787.6829457396,1164.8180239309927,12.76734368507035,652.5538102167565,2856939.2854700717,-597550.434242839,1729694.4256136164,1
1074.0199999993133,phase0-forces,A,nominal,Kerbin,3531599999999.9995,600000.0,2630.0,0.0,0.0,340.0,1247504.2754248618,1334.6743213883228,2.894422686949838e-05,1657448.0378512216,8651.733651690403,816126.9490962173,1164.3351613966581,12.764823691590351,652.3160548268919,2856939.2854793007,-597550.4342427787,1729694.425618261,1
1074.5399999993128,phase0-forces,A,nominal,Kerbin,3531599999999.9995,600000.0,2630.0,0.0,0.0,340.0,1248197.179116487,1334.1372615090327,2.8900471079396084e-05,1658053.3666575793,8658.370704860517,816466.0916574211,1163.8526657342863,12.762304600547425,652.0784681242735,2856939.285480215,-597550.4342425722,1729694.4256188215,1
1075.0599999993124,phase0-forces,A,nominal,Kerbin,3531599999999.9995,600000.0,2630.0,0.0,0.0,340.0,1248889.8039832776,1333.6006041408968,2.88547726086108e-05,1658658.4446603784,8665.006448333457,816805.1107169862,1163.3705363881259,12.759786411239322,651.8410498577925,2856939.2854979746,-597550.434242505,1729694.4256281683,1
1075.5999999993119,phase0-forces,A,nominal,Kerbin,3531599999999.9995,600000.0,2630.0,0.0,0.0,340.0,1249608.7733766923,1333.0437314635767,2.881229193008039e-05,1659286.5296416874,8671.896026991944,817157.0383475723,1162.8702507122289,12.757172322203576,651.5946781221865,2856939.2854810143,-597550.4342426143,1729694.4256191999,1
1076.1199999993114,phase0-forces,A,nominal,Kerbin,3531599999999.9995,600000.0,2630.0,0.0,0.0,340.0,1250300.830518601,1332.507892687028,2.8766608011210337e-05,1659891.0969831673,8678.529102164288,817495.8059259173,1162.3888663359726,12.754655968992765,651.3576024293486,2856939.285489922,-597550.4342426092,1729694.4256236565,1
1076.639999999311,phase0-forces,A,nominal,Kerbin,3531599999999.9995,600000.0,2630.0,0.0,0.0,340.0,1250992.6094696764,1331.97245455439,2.8723316063405946e-05,1660495.4140995478,8685.16086906159,817834.4502687643,1161.907846563787,12.752140515504474,651.1206944164982,2856939.2854901324,-597550.4342423734,1729694.4256238795,1
1077.1599999993105,phase0-forces,A,nominal,Kerbin,3531599999999.9995,600000.0,2630.0,0.0,0.0,340.0,1251684.1104368407,1331.4374164621886,2.8678772650891915e-05,1661099.4811797426,8691.791328157964,818172.971462741,1161.427190846814,12.749625961080762,650.8839538312789,2856939.285508162,-597550.434242444,1729694.4256328589,1
1077.69999999931,phase0-forces,A,nominal,Kerbin,3531599999999.9995,600000.0,2630.0,0.0,0.0,340.0,1252401.91359125,1330.8822227359483,2.8634136469918303e-05,1661726.5171664672,8698.675421193555,818524.3824518884,1160.928433092431,12.747015643921484,650.638284782186,2856939.2855076664,-597550.4342426781,1729694.4256324943,1
1078.2199999993095,phase0-forces,A,nominal,Kerbin,3531599999999.9995,600000.0,2630.0,0.0,0.0,340.0,1253092.848540982,1330.3479982137956,2.8590753572643735e-05,1662330.0751432418,8705.303215829623,818862.6528813697,1160.4485177454503,12.744502920135826,650.401884729095,2856939.285496802,-597550.4342425544,1729694.4256271238,1
1078.739999999309,phase0-forces,A,nominal,Kerbin,3531599999999.9995,600000.0,2630.0,0.0,0.0,340.0,1253783.5061378775,1329.8141718824156,2.8547774491016753e-05,1662933.3836597814,8711.929704085136,819200.8004265523,1159.9689647595492,12.741991093400053,650.1656513512155,2856939.285487722,-597550.434242621,1729694.4256225505,1
1079.2599999993085,phase0-forces,A,nominal,Kerbin,3531599999999.9995,600000.0,2630.0,0.0,0.0,340.0,1254473.8865856966,1329.2807431412275,2.850361488526687e-05,1663536.442902151,8718.554886423895,819538.8251726758,1159.489773584408,12.739480163038579,649.9295844046861,2856939.285486585,-597550.4342428241,1729694.4256218805,1
1079.779999999308,phase0-forces,A,nominal,Kerbin,3531599999999.9995,600000.0,2630.0,0.0,0.0,340.0,1255163.9900922999,1328.7477113874572,2.846020470315125e-05,1664139.2530596177,8725.178763314683,819876.7272077606,1159.010943667767,12.736970128391157,649.6936836446126,2856939.285500641,-597550.4342431525,1729694.4256287443,1
1080.2999999993076,phase0-forces,A,nominal,Kerbin,3531599999999.9995,600000.0,2630.0,0.0,0.0,340.0,1255853.816862858,1328.2150760168379,2.8416377972462215e-05,1664741.8143198919,8731.801335222626,820214.5066168939,1158.532474452684,12.734460988806793,649.4579488313929,2856939.285515942,-597550.4342430185,1729694.425636462,1
1080.8199999993071,phase0-forces,A,nominal,Kerbin,3531599999999.9995,600000.0,2630.0,0.0,0.0,340.0,1256543.3671019154,1327.6828364199105,2.8376354748615995e-05,1665344.126869019,8738.422602607117,820552.1634871245,1158.0543653867,12.731952743621326,649.2223797068,2856939.2854905026,-597550.4342432554,1729694.4256236237,1
1081.3399999993067,phase0-forces,A,nominal,Kerbin,3531599999999.9995,600000.0,2630.0,0.0,0.0,340.0,1257232.6410153888,1327.1509920114127,2.8331816793070175e-05,1665946.190894774,8745.04256593417,820889.6979050897,1157.5766159289765,12.729445392180036,648.9869760413558,2856939.2854866246,-597550.4342431942,1729694.4256217151,1
1081.8799999993062,phase0-forces,A,nominal,Kerbin,3531599999999.9995,600000.0,2630.0,0.0,0.0,340.0,1257948.133211445,1326.5991096857358,2.828653850883711e-05,1666571.1483845916,8751.915763477798,821240.0848999192,1157.080871528866,12.726842549389303,648.7426932457197,2856939.285496191,-597550.4342434199,1729694.4256263855,1
1082.3999999993057,phase0-forces,A,nominal,Kerbin,3531599999999.9995,600000.0,2630.0,0.0,0.0,340.0,1258636.8444807043,1326.0680689956255,2.8244037821423262e-05,1667172.7063850584,8758.53306997924,821577.3699685084,1156.6038534243662,12.724337017684505,648.5076260932898,2856939.2855062457,-597550.434243598,1729694.4256313238,1
1082.9199999993052,phase0-forces,A,nominal,Kerbin,3531599999999.9995,600000.0,2630.0,0.0,0.0,340.0,1259325.2800447554,1325.5374216794437,2.8199887310620397e-05,1667774.016428361,8765.149073839733,821914.5328448905,1156.1271932649458,12.721832377692852,648.2727236640917,2856939.2855244223,-597550.4342431884,1729694.425640617,1
1083.4399999993047,phase0-forces,A,nominal,Kerbin,3531599999999.9995,600000.0,2630.0,0.0,0.0,340.0,1260013.4401086476,1325.0071671360288,2.8159563953522593e-05,1668375.078701348,8771.76377551553,822251.5736156072,1155.6508905083006,12.719328628815829,648.0379856987151,2856939.2855233476,-597550.4342433236,1729694.425640012,1
1083.9599999993043,phase0-forces,A,nominal,Kerbin,3531599999999.9995,600000.0,2630.0,0.0,0.0,340.0,1260701.3248742896,1324.4773047752528,2.811708691297099e-05,1668975.8933890795,8778.37717547125,822588.4923637247,1155.1749446090425,12.716825770303045,647.8034119658074,2856939.2855086303,-597550.4342432214,1729694.4256327045,1
1084.4799999993038,phase0-forces,A,nominal,Kerbin,3531599999999.9995,600000.0,2630.0,0.0,0.0,340.0,1261388.934546296,1323.947834013556,2.807421697070822e-05,1669576.4606773974,8784.989274172167,822925.2891768384,1154.6993550353766,12.71432380152521,647.569002223193,2856939.2855191464,-597550.4342433028,1729694.4256379218,1
1084.9999999993033,phase0-forces,A,nominal,Kerbin,3531599999999.9995,600000.0,2630.0,0.0,0.0,340.0,1262076.2693283905,1323.4187542519771,2.8032398404320702e-05,1670176.7807526977,8791.600072083715,823261.9641394012,1154.2241212374986,12.711822721878551,647.3347562293148,2856939.285517141,-597550.434243309,1729694.4256369162,1
1085.5199999993029,phase0-forces,A,nominal,Kerbin,3531599999999.9995,600000.0,2630.0,0.0,0.0,340.0,1262763.3294231677,1322.8900649095708,2.7989974114461802e-05,1670776.8537996057,8798.209569664496,823598.5173369027,1153.7492426829085,12.7093225305953,647.1006737485883,2856939.2855368983,-597550.434243173,1729694.4256468627,1
1086.0399999993024,phase0-forces,A,nominal,Kerbin,3531599999999.9995,600000.0,2630.0,0.0,0.0,340.0,1263450.1150306682,1322.3617653912384,2.7947171474806964e-05,1671376.680000822,8804.817767376637,823934.9488529558,1153.2747188276026,12.706823227098726,646.8667545369929,2856939.2855370236,-597550.4342429813,1729694.425647021,1
1086.559999999302,phase0-forces,A,nominal,Kerbin,3531599999999.9995,600000.0,2630.0,0.0,0.0,340.0,1264136.6263548064,1321.8338551165098,2.7905141905648634e-05,1671976.2595422908,8811.42466568227,824271.2587733539,1152.800549140221,12.704324810689721,646.6329983578657,2856939.2855492155,-597550.4342427447,1729694.4256532353,1
1087.0799999993014,phase0-forces,A,nominal,Kerbin,3531599999999.9995,600000.0,2630.0,0.0,0.0,340.0,1264822.8635975516,1321.3063334927376,2.7863819923368283e-05,1672575.5926075336,8818.030265044286,824607.4471844018,1152.3267330799115,12.701827280673154,646.3994049665669,2856939.2855396313,-597550.4342427694,1729694.425648431,1
1087.599999999301,phase0-forces,A,nominal,Kerbin,3531599999999.9995,600000.0,2630.0,0.0,0.0,340.0,1265508.826957494,1320.7791999441797,2.7821828552987427e-05,1673174.67937851,8824.634565912234,824943.5141679242,1151.8532701200797,12.699330636458507,646.165974127586,2856939.2855346287,-597550.434243077,1729694.4256457759,1
1088.1199999993005,phase0-forces,A,nominal,Kerbin,3531599999999.9995,600000.0,2630.0,0.0,0.0,340.0,1266194.51663826,1320.2524538845428,2.778125235636253e-05,1673773.5200409025,8831.237568758215,825279.4598095847,1151.3801597200184,12.69683487738951,645.9327056089961,2856939.285524906,-597550.4342430737,1729694.4256409162,1
1088.6399999993,phase0-forces,A,nominal,Kerbin,3531599999999.9995,600000.0,2630.0,0.0,0.0,340.0,1266879.9328417035,1319.7260947392144,2.7737529308069497e-05,1674372.1147789324,8837.839274041919,825615.2841939974,1150.9074013566267,12.694340002769469,645.6995991713552,2856939.285542956,-597550.4342432001,1729694.4256498779,1
1089.1599999992995,phase0-forces,A,nominal,Kerbin,3531599999999.9995,600000.0,2630.0,0.0,0.0,340.0,1267565.075766981,1319.200121920519,2.7696187316905707e-05,1674970.4637736832,8844.439682217811,825950.9874060387,1150.4349944909472,12.69184601190632,645.466654576777,2856939.285549376,-597550.4342433343,1729694.4256530209,1
1089.699999999299,phase0-forces,A,nominal,Kerbin,3531599999999.9995,600000.0,2630.0,0.0,0.0,340.0,1268276.2813109763,1318.654327658565,2.7653326469589956e-05,1675591.5662843552,8851.292579845694,826299.4741167261,1149.944789599959,12.689257033072076,645.2249216207608,2856939.2855440914,-597550.434243566,1729694.4256502627,1
1090.2199999992986,phase0-forces,A,nominal,Kerbin,3531599999999.9995,600000.0,2630.0,0.0,0.0,340.0,1268960.867787849,1318.1291405643321,2.7612739359028637e-05,1676189.4149063732,8857.890345346861,826634.9305810696,1149.4730976135447,12.686764841769834,644.9923062063896,2856939.2855383293,-597550.4342437806,1729694.4256472744,1
1090.7199999992981,phase0-forces,A,nominal,Kerbin,3531599999999.9995,600000.0,2630.0,0.0,0.0,340.0,1269618.86687282,1317.624515654015,2.7572703402256593e-05,1676764.0381244933,8864.233128715921,826957.3708422284,1149.0198775974159,12.684369335549007,644.7687894998148,2856939.2855396513,-597550.4342435476,1729694.4256480518,1
1091.2599999992976,phase0-forces,A,nominal,Kerbin,3531599999999.9995,600000.0,2630.0,0.0,0.0,340.0,1270329.2229304675,1317.079919527551,2.7529924409464e-05,1677384.376766987,8871.081989684017,827305.4808412951,1148.5307627947977,12.681783103897537,644.527558537264,2856939.285539833,-597550.434243685,1729694.425648074,1
1091.7799999992972,phase0-forces,A,nominal,Kerbin,3531599999999.9995,600000.0,2630.0,0.0,0.0,340.0,1271012.99199251,1316.5558844369168,2.748896076809615e-05,1677981.4903675285,8877.675869428685,827640.574802788,1148.0601189144709,12.679293556007215,644.2954258090645,2856939.2855442055,-597550.4342437442,1729694.4256502306,1
1092.2999999992967,phase0-forces,A,nominal,Kerbin,3531599999999.9995,600000.0,2630.0,0.0,0.0,340.0,1271696.4889820453,1316.0322322040372,2.7446589228929952e-05,1678578.3593250988,8884.268454848243,827975.5480974044,1147.589823358164,12.676804887924964,644.0634535063699,2856939.285569855,-597550.4342440243,1729694.4256629152,1
1092.7799999992963,phase0-forces,A,nominal,Kerbin,3531599999999.9995,600000.0,2630.0,0.0,0.0,340.0,1272327.1679641113,1315.5492002201968,2.7411137125454843e-05,1679129.0983011755,8890.352769877165,828284.6471850235,1147.1560130796906,12.674508436221114,643.8494674153333,2856939.285545679,-597550.4342439886,1729694.425650845,1
1093.3199999992958,phase0-forces,A,nominal,Kerbin,3531599999999.9995,600000.0,2630.0,0.0,0.0,340.0,1273036.4051114414,1315.0061780347028,2.736722308327444e-05,1679748.430843408,8897.196306934438,828632.2609274737,1146.6683302371134,12.67192582279139,643.6088959893332,2856939.28553589,-597550.4342442306,1729694.4256458299,1
1093.8399999992953,phase0-forces,A,nominal,Kerbin,3531599999999.9995,600000.0,2630.0,0.0,0.0,340.0,1273719.097505148,1314.483656286583,2.7326914278091863e-05,1680344.5763369733,8903.78506179677,828966.8773491483,1146.199063172593,12.66943975648924,643.3773974294329,2856939.2855295893,-597550.4342444899,1729694.4256425498,1
1094.3599999992948,phase0-forces,A,nominal,Kerbin,3531599999999.9995,600000.0,2630.0,0.0,0.0,340.0,1274401.518609997,1313.9615151394914,2.728488834691234e-05,1680940.4779024196,8910.372524136257,829301.373433162,1145.7301423621732,12.66695456738587,643.1460583820831,2856939.2855375535,-597550.434244361,1729694.4256465961,1
1094.8799999992943,phase0-forces,A,nominal,Kerbin,3531599999999.9995,600000.0,2630.0,0.0,0.0,340.0,1275083.6686216549,1313.4397540216135,2.7244846933172084e-05,1681536.1357178474,8916.958694406992,829635.7492625157,1145.2615672855345,12.664470254857084,642.9148786085148,2856939.2855304354,-597550.4342443079,1729694.4256430638,1
1095.3999999992939,phase0-forces,A,nominal,Kerbin,3531599999999.9995,600000.0,2630.0,0.0,0.0,340.0,1275765.547738217,1312.9183723701553,2.7204150683246553e-05,1682131.5499644354,8923.54357305702,829970.0049194555,1144.7933374250883,12.661986818239345,642.683857883517,2856939.285522491,-597550.4342439488,1729694.4256392713,1
1095.9199999992934,phase0-forces,A,nominal,Kerbin,3531599999999.9995,600000.0,2630.0,0.0,0.0,340.0,1276447.1561571653,1312.3973696206915,2.716477138164919e-05,1682726.720822141,8930.127160552634,830304.1404873116,1144.325452269744,12.659504256874982,642.4529959669628,2856939.285515133,-597550.4342440543,1729694.4256355392,1
1096.439999999293,phase0-forces,A,nominal,Kerbin,3531599999999.9995,600000.0,2630.0,0.0,0.0,340.0,1277128.494072795,1311.8767452160791,2.71234293904854e-05,1683321.648467936,8936.709457342778,830638.1560482664,1143.8579113047758,12.657022570091646,642.2222926400714,2856939.285525571,-597550.4342440135,1729694.4256407788,1
1096.9399999992925,phase0-forces,A,nominal,Kerbin,3531599999999.9995,600000.0,2630.0,0.0,0.0,340.0,1277783.3717712797,1311.3765010941415,2.7085019610240124e-05,1683893.465089759,8943.037372107548,830959.2117614928,1143.4086767885497,12.654637156942435,642.0006118571829,2856939.285527569,-597550.4342439367,1729694.425641816,1
1097.459999999292,phase0-forces,A,nominal,Kerbin,3531599999999.9995,600000.0,2630.0,0.0,0.0,340.0,1278464.179656126,1310.8566171839896,2.7045032766181976e-05,1684487.9161882694,8949.617138453565,831292.992163377,1142.9418094647108,12.652157183754014,641.7702189344586,2856939.285522378,-597550.4342438763,1729694.425639251,1
1097.9999999992915,phase0-forces,A,nominal,Kerbin,3531599999999.9995,600000.0,2630.0,0.0,0.0,340.0,1279170.8867679816,1310.3171364233217,2.7003299692296423e-05,1685104.9739310232,8956.448608039282,831639.4835129099,1142.4573483921388,12.649582750620954,641.5311318756499,2856939.2855249373,-597550.4342439919,1729694.4256404727,1
1098.519999999291,phase0-forces,A,nominal,Kerbin,3531599999999.9995,600000.0,2630.0,0.0,0.0,340.0,1279851.1446329956,1309.7980197746167,2.696368028409779e-05,1685698.9305205247,8963.025746555331,831973.0198686793,1141.991179048291,12.647104555633417,641.3010606008386,2856939.285536355,-597550.4342440864,1729694.4256461342,1
1099.0199999992906,phase0-forces,A,nominal,Kerbin,3531599999999.9995,600000.0,2630.0,0.0,0.0,340.0,1280504.984557202,1309.2992233115915,2.6925343263428658e-05,1686269.814105541,8969.348703144095,832293.6151171583,1141.54326147053,12.64472249751107,641.0799867009755,2856939.285539592,-597550.4342441328,1729694.4256477295,1
1099.53999999929,phase0-forces,A,nominal,Kerbin,3531599999999.9995,600000.0,2630.0,0.0,0.0,340.0,1281184.7139227923,1308.780842783143,2.6884508770308457e-05,1686863.2955442274,8975.923314774762,832626.9169580657,1141.0777617636272,12.642246011010478,640.85022404651,2856939.285552148,-597550.4342441532,1729694.4256539973,1
1100.0599999992896,phase0-forces,A,nominal,Kerbin,3531599999999.9995,600000.0,2630.0,0.0,0.0,340.0,1281864.1741442282,1308.262836709351,2.684482024051249e-05,1687456.5350108487,8982.496638854,832960.0993630196,1140.6126026879808,12.639770394556056,640.6206183916665,2856939.2855584016,-597550.4342441775,1729694.425657112,1
1100.5599999992892,phase0-forces,A,nominal,Kerbin,3531599999999.9995,600000.0,2630.0,0.0,0.0,340.0,1282517.2476449665,1307.7651065573345,2.6808891561813653e-05,1688026.729548598,8988.815928976825,833280.3545016766,1140.1656551034312,12.637390813969423,640.3999915715918,2856939.2855495834,-597550.4342440935,1729694.425652745,1
1101.0999999992887,phase0-forces,A,nominal,Kerbin,3531599999999.9995,600000.0,2630.0,0.0,0.0,340.0,1283222.2879324704,1307.227945711665,2.676622534636408e-05,1688642.2887373604,8995.63942617725,833626.1061919616,1139.6833044019163,12.634821769040677,640.1618771810245,2856939.2855519885,-597550.4342439154,1729694.4256540365,1
1101.6199999992882,phase0-forces,A,nominal,Kerbin,3531599999999.9995,600000.0,2630.0,0.0,0.0,340.0,1283900.9418868516,1306.7110596874659,2.6726456781034358e-05,1689234.8033511904,9002.208890329459,833958.930777965,1139.2191641857698,12.63234875872612,639.9327411738316,2856939.285552482,-597550.4342437807,1729694.4256543508,1
1102.1399999992877,phase0-forces,A,nominal,Kerbin,3531599999999.9995,600000.0,2630.0,0.0,0.0,340.0,1284579.3274726546,1306.1945459095873,2.668877823452931e-05,1689827.0767003365,9008.777068739186,834291.6362540165,1138.7553625815344,12.629876615827843,639.7037612617422,2856939.285541206,-597550.434243884,1729694.425648661,1
1102.6599999992873,phase0-forces,A,nominal,Kerbin,3531599999999.9995,600000.0,2630.0,0.0,0.0,340.0,1285257.4448817156,1305.6784038391445,2.664758540049661e-05,1690419.1089599845,9015.343961860597,834624.2227003217,1138.2918990948542,12.627405339676136,639.4749372269047,2856939.285558741,-597550.4342440568,1729694.4256573422,1
1103.1799999992868,phase0-forces,A,nominal,Kerbin,3531599999999.9995,600000.0,2630.0,0.0,0.0,340.0,1285935.294308045,1305.1626329149708,2.660926475073211e-05,1691010.900306818,9021.909570145006,834956.6901989616,1137.828773210319,12.624934929621618,639.2462688434418,2856939.285548296,-597550.4342440297,1729694.425652133,1
1103.6799999992863,phase0-forces,A,nominal,Kerbin,3531599999999.9995,600000.0,2630.0,0.0,0.0,340.0,1286586.820061209,1304.667048839212,2.6571595299174078e-05,1691579.70341885,9028.221443787745,835276.2583885775,1137.3837777761428,12.622560351489394,639.0265419751056,2856939.2855346017,-597550.4342441607,1729694.4256452206,1
1104.2199999992858,phase0-forces,A,nominal,Kerbin,3531599999999.9995,600000.0,2630.0,0.0,0.0,340.0,1287290.1899805963,1304.1322023415478,2.653148112585768e-05,1692193.7609624746,9035.036933997524,835621.2686763493,1136.9035322717993,12.619996705229497,638.7893981393879,2856939.285529195,-597550.4342440681,1729694.4256425633,1
1104.7399999992854,phase0-forces,A,nominal,Kerbin,3531599999999.9995,600000.0,2630.0,0.0,0.0,340.0,1287967.2366100296,1303.6175416053682,2.64914269791916e-05,1692784.8306207822,9041.598690463617,835953.3798162441,1136.441416223224,12.617528889585673,638.561195374803,2856939.285529368,-597550.4342441576,1729694.4256426052,1
1105.239999999285,phase0-forces,A,nominal,Kerbin,3531599999999.9995,600000.0,2630.0,0.0,0.0,340.0,1288617.99098528,1303.123023477383,2.6454734324943274e-05,1693352.9402962052,9047.906861711324,836272.6055807956,1135.9973903729265,12.615156804238367,638.3419155919039,2856939.2855181405,-597550.4342440424,1729694.4256370491,1
1105.7599999992844,phase0-forces,A,nominal,Kerbin,3531599999999.9995,600000.0,2630.0,0.0,0.0,340.0,1289294.5136417265,1302.6090859868425,2.6414891181048006e-05,1693943.5389317237,9054.466101875221,836604.4841093103,1135.5359321795797,12.612690681770644,638.114016190129,2856939.2855142825,-597550.4342441622,1729694.4256350603,1
1106.259999999284,phase0-forces,A,nominal,Kerbin,3531599999999.9995,600000.0,2630.0,0.0,0.0,340.0,1289944.7645512228,1302.1152622891136,2.6377956601209007e-05,1694511.1960242246,9060.77185443008,836923.4863573436,1135.092537969785,12.610320223277867,637.8950276929784,2856939.285515005,-597550.4342441687,1729694.425635418,1
1106.7799999992835,phase0-forces,A,nominal,Kerbin,3531599999999.9995,600000.0,2630.0,0.0,0.0,340.0,1290620.7639705653,1301.6020459658273,2.6339086616644636e-05,1695101.3243088387,9067.328580013893,837255.1325823492,1134.631735729962,12.607855791431945,637.6674308047916,2856939.2855185377,-597550.4342442788,1729694.4256371295,1
1107.299999999283,phase0-forces,A,nominal,Kerbin,3531599999999.9995,600000.0,2630.0,0.0,0.0,340.0,1291296.496922254,1301.0891964979853,2.6300345780327916e-05,1695691.2130625267,9073.884024311148,837586.6604964768,1134.1712671665098,12.60539222054227,637.4399878142667,2856939.285517769,-597550.4342443116,1729694.4256367285,1
1107.8199999992826,phase0-forces,A,nominal,Kerbin,3531599999999.9995,600000.0,2630.0,0.0,0.0,340.0,1291971.9635971566,1300.5767133465754,2.6262512619723566e-05,1696280.8624587734,9080.438187780566,837918.0701811588,1133.7111317856143,12.602929509936015,637.2126985022577,2856939.2855091067,-597550.4342442396,1729694.4256324335,1
1108.339999999282,phase0-forces,A,nominal,Kerbin,3531599999999.9995,600000.0,2630.0,0.0,0.0,340.0,1292647.1641843452,1300.064595978604,2.6224402972729877e-05,1696870.2726704446,9086.99107086532,838249.361715029,1133.2513291018092,12.600467658944462,636.985562647043,2856939.285502502,-597550.4342443346,1729694.4256290838,1
1108.8599999992816,phase0-forces,A,nominal,Kerbin,3531599999999.9995,600000.0,2630.0,0.0,0.0,340.0,1293322.0988753894,1299.5528438585582,2.6185511160292663e-05,1697459.4438723642,9093.542674006403,838580.5351783872,1132.7918586212131,12.598006666952097,636.7585800367222,2856939.285503362,-597550.4342440346,1729694.4256296637,1
1109.3799999992812,phase0-forces,A,nominal,Kerbin,3531599999999.9995,600000.0,2630.0,0.0,0.0,340.0,1293996.7678571267,1299.0414564530113,2.614687582536135e-05,1698048.3762349715,9100.092997654898,838911.5906497261,1132.332719861006,12.595546533283292,636.531750443971,2856939.285505541,-597550.4342441019,1729694.4256307196,1
1109.8999999992807,phase0-forces,A,nominal,Kerbin,3531599999999.9995,600000.0,2630.0,0.0,0.0,340.0,1294671.1713210493,1298.5304332249998,2.6109364625881426e-05,1698637.06993277,9106.642042258116,839242.5282098167,1131.873912327031,12.593087257320606,636.3050736544036,2856939.2854985697,-597550.4342441137,1729694.425627228,1
1110.4199999992802,phase0-forces,A,nominal,Kerbin,3531599999999.9995,600000.0,2630.0,0.0,0.0,340.0,1295345.3094535016,1298.01977364721,2.6071447791764513e-05,1699225.5251351672,9113.189808257088,839573.3479381206,1131.4154355372496,12.590628838396286,636.0785494517675,2856939.285494534,-597550.4342442328,1729694.4256251506,1
1110.9399999992797,phase0-forces,A,nominal,Kerbin,3531599999999.9995,600000.0,2630.0,0.0,0.0,340.0,1296019.1824455294,1297.5094771863817,2.603309985715896e-05,1699813.742017155,9119.736296109024,839904.0499134052,1130.9572890022976,12.588171275842049,635.852177620696,2856939.285489149,-597550.434244137,1729694.4256225058,1
1111.4399999992793,phase0-forces,A,nominal,Kerbin,3531599999999.9995,600000.0,2630.0,0.0,0.0,340.0,1296666.887378153,1297.019149459127,2.599589788587764e-05,1700379.1105823983,9126.029791014696,840221.9216088073,1130.5170744869163,12.585809041912484,635.6346558896719,2856939.285487971,-597550.4342440946,1729694.425621938,1
1111.9599999992788,phase0-forces,A,nominal,Kerbin,3531599999999.9995,600000.0,2630.0,0.0,0.0,340.0,1297340.240830114,1296.5095637348652,2.595833211671561e-05,1700966.8604844818,9132.573773003367,840552.3928364734,1130.0595743615877,12.583353157332333,635.408582309836,2856939.285493695,-597550.4342441342,1729694.4256247804,1
1112.4799999992783,phase0-forces,A,nominal,Kerbin,3531599999999.9995,600000.0,2630.0,0.0,0.0,340.0,1298013.3296957458,1296.00033956604,2.5921230189851485e-05,1701554.372570952,9139.116478153319,840882.7465452034,1129.6024030634767,12.58089812721183,635.1826604614005,2856939.285505822,-597550.4342442086,1729694.4256308067,1
1112.9999999992779,phase0-forces,A,nominal,Kerbin,3531599999999.9995,600000.0,2630.0,0.0,0.0,340.0,1298686.1541634556,1295.4914764240164,2.5882180125336163e-05,1702141.64701383,9145.657906905082,841212.9828138109,1129.1455601077896,12.57844395089096,634.9568901302814,2856939.2855151747,-597550.4342441042,1729694.4256355353,1
1113.5199999992774,phase0-forces,A,nominal,Kerbin,3531599999999.9995,600000.0,2630.0,0.0,0.0,340.0,1299358.7144202702,1294.9829737823072,2.5845236450550146e-05,1702728.6839832573,9152.198059713783,841543.1017217964,1128.6890450172386,12.57599062777522,634.7312710934225,2856939.2855174625,-597550.4342445271,1729694.4256364678,1
1114.019999999277,phase0-forces,A,nominal,Kerbin,3531599999999.9995,600000.0,2630.0,0.0,0.0,340.0,1300005.1579857646,1294.494368416968,2.5808427380979992e-05,1703292.9188180896,9158.485465316557,841860.4131449845,1128.2503969423058,12.57363246720614,634.5144721985102,2856939.2855190705,-597550.4342447506,1729694.42563716,1
1114.5399999992765,phase0-forces,A,nominal,Kerbin,3531599999999.9995,600000.0,2630.0,0.0,0.0,340.0,1300677.2005260536,1293.9865713926913,2.577150189608801e-05,1703879.4904702897,9165.023116590857,842190.3020728356,1127.7945235735592,12.571180815697879,634.2891493278123,2856939.2855210193,-597550.4342447324,1729694.4256381434,1
1115.059999999276,phase0-forces,A,nominal,Kerbin,3531599999999.9995,600000.0,2630.0,0.0,0.0,340.0,1301348.9794073368,1293.479133319979,2.5734449081937782e-05,1704465.8251525199,9171.559493221834,842520.0738717883,1127.3389766515152,12.568730015486814,634.0639771208553,2856939.2855137656,-597550.4342449969,1729694.4256343844,1
1115.5799999992755,phase0-forces,A,nominal,Kerbin,3531599999999.9995,600000.0,2630.0,0.0,0.0,340.0,1302020.494817397,1292.972053680045,2.5696504962979816e-05,1705051.9230360447,9178.09459566561,842849.7286207639,1126.8837556971068,12.566280065844806,633.8389553734316,2856939.285508798,-597550.4342449114,1729694.4256319432,1
1116.099999999275,phase0-forces,A,nominal,Kerbin,3531599999999.9995,600000.0,2630.0,0.0,0.0,340.0,1302691.7469398372,1292.4653319531603,2.5659348466433585e-05,1705637.7842884995,9184.628424348442,843179.2663965921,1126.428860236423,12.56383096617886,633.6140838702366,2856939.285500947,-597550.4342446768,1729694.425628135,1
1116.6199999992746,phase0-forces,A,nominal,Kerbin,3531599999999.9995,600000.0,2630.0,0.0,0.0,340.0,1303362.735962756,1291.9589676214866,2.562209738243837e-05,1706223.4090811138,9191.16097972997,843508.6872789722,1125.9742897972012,12.561382715811261,633.3893623968852,2856939.2855016165,-597550.434244551,1729694.4256285327,1
1117.139999999274,phase0-forces,A,nominal,Kerbin,3531599999999.9995,600000.0,2630.0,0.0,0.0,340.0,1304033.462069143,1291.4529601695228,2.5585461116861552e-05,1706808.7975809786,9197.692262234363,843837.9913444468,1125.520043907397,12.558935314117607,633.164790743366,2856939.285513302,-597550.4342444536,1729694.4256344242,1
1117.6599999992736,phase0-forces,A,nominal,Kerbin,3531599999999.9995,600000.0,2630.0,0.0,0.0,340.0,1304703.9254439117,1290.9473090696347,2.554966340539977e-05,1707393.9499561163,9204.222272305586,844167.1786720091,1125.066122083238,12.556488760446767,632.9403686957596,2856939.28548553,-597550.434244262,1729694.4256206339,1
1118.1799999992732,phase0-forces,A,nominal,Kerbin,3531599999999.9995,600000.0,2630.0,0.0,0.0,340.0,1305374.126273414,1290.4420138186288,2.551174839027226e-05,1707978.866377065,9210.7510103942,844496.2493388094,1124.6125238659029,12.554043054162399,632.7160960456406,2856939.285477579,-597550.4342441591,1729694.42561671,1
1118.6999999992727,phase0-forces,A,nominal,Kerbin,3531599999999.9995,600000.0,2630.0,0.0,0.0,340.0,1306044.064740231,1289.9370739029534,2.5474077119724825e-05,1708563.5470100993,9217.278476936795,844825.20342211,1124.1592487853798,12.551598194595615,632.4919725833408,2856939.2854882227,-597550.4342441572,1729694.4256220327,1
1119.2199999992722,phase0-forces,A,nominal,Kerbin,3531599999999.9995,600000.0,2630.0,0.0,0.0,340.0,1306713.7410302826,1289.4324888014878,2.543733899074141e-05,1709147.9920246743,9223.804672372285,845154.0410002696,1123.7062963641044,12.549154181124573,632.2679980971714,2856939.2854863754,-597550.4342441132,1729694.4256211312,1
1119.7199999992717,phase0-forces,A,nominal,Kerbin,3531599999999.9995,600000.0,2630.0,0.0,0.0,340.0,1307357.4134661378,1288.9476449519186,2.5402207029401325e-05,1709709.7363415598,9230.078661983756,845470.1211817029,1123.2710690411286,12.546804965473575,632.0527783084699,2856939.2854882246,-597550.4342443417,1729694.4256219415,1
1120.2599999992713,phase0-forces,A,nominal,Kerbin,3531599999999.9995,600000.0,2630.0,0.0,0.0,340.0,1308052.3078144633,1288.424381005858,2.536431020416785e-05,1710316.1758680062,9236.853251675939,845811.3669503062,1122.8013576387953,12.544268689895631,631.820495218256,2856939.2855020952,-597550.4342441548,1729694.4256289701,1
1120.7599999992708,phase0-forces,A,nominal,Kerbin,3531599999999.9995,600000.0,2630.0,0.0,0.0,340.0,1308695.4769384759,1287.940217057445,2.5329018171760254e-05,1710877.467869501,9243.124798951185,846127.2234515275,1122.3667485863893,12.541921098296433,631.6055609292555,2856939.285500434,-597550.4342441243,1729694.425628155,1
1121.2999999992703,phase0-forces,A,nominal,Kerbin,3531599999999.9995,600000.0,2630.0,0.0,0.0,340.0,1309389.8280916838,1287.4176863441494,2.5291341444244608e-05,1711483.419243092,9249.896751835095,846468.2278065996,1121.8977039495035,12.539386575336799,631.3735857389579,2856939.2855058266,-597550.4342441831,1729694.4256308218,1
1121.8199999992698,phase0-forces,A,nominal,Kerbin,3531599999999.9995,600000.0,2630.0,0.0,0.0,340.0,1310058.1962472359,1286.9148676702066,2.5254292268073186e-05,1712066.6886716858,9256.416598328497,846796.4840171292,1121.4463578318928,12.53694678267652,631.1503530075665,2856939.285517513,-597550.4342440363,1729694.4256367383,1
1122.3399999992694,phase0-forces,A,nominal,Kerbin,3531599999999.9995,600000.0,2630.0,0.0,0.0,340.0,1310726.3033250922,1286.4124007511175,2.521863098081667e-05,1712649.7234836994,9262.935176348185,847124.6241855437,1120.9953315747662,12.534507832229071,630.9272680010254,2856939.2855076194,-597550.4342438665,1729694.4256318763,1
1122.8799999992689,phase0-forces,A,nominal,Kerbin,3531599999999.9995,600000.0,2630.0,0.0,0.0,340.0,1311419.8306907336,1285.89097995515,2.518047404009849e-05,1713254.9345641504,9269.703126780867,847465.262387387,1120.5272962163087,12.531975966730732,630.6957589381382,2856939.285506244,-597550.4342437566,1729694.4256312437,1
1123.3999999992684,phase0-forces,A,nominal,Kerbin,3531599999999.9995,600000.0,2630.0,0.0,0.0,340.0,1312087.4061347898,1285.3892285228467,2.5144323444692418e-05,1713837.491633526,9276.219120419237,847793.1662436326,1120.0769205638262,12.529538731124287,630.472974426343,2856939.285509939,-597550.4342436475,1729694.4256331457,1
1123.899999999268,phase0-forces,A,nominal,Kerbin,3531599999999.9995,600000.0,2630.0,0.0,0.0,340.0,1312729.0599104664,1284.9071055100678,2.5109693524427712e-05,1714397.4218800082,9282.483303933932,848108.3491988918,1119.6441673832867,12.527196027827415,630.2588972751814,2856939.2855209135,-597550.4342435098,1729694.4256387018,1
1124.4199999992675,phase0-forces,A,nominal,Kerbin,3531599999999.9995,600000.0,2630.0,0.0,0.0,340.0,1313396.1244972125,1284.4060405859834,2.5073257347685285e-05,1714979.5198852872,9288.996812435698,848436.0259637737,1119.1944159740947,12.524760439876475,630.0364011087704,2856939.285531079,-597550.4342435808,1729694.425643749,1
1124.919999999267,phase0-forces,A,nominal,Kerbin,3531599999999.9995,600000.0,2630.0,0.0,0.0,340.0,1314037.2873977611,1283.9245767457328,2.503930954844691e-05,1715539.0090289854,9295.258607198837,848750.9907011897,1118.7622621750215,12.522419319635686,629.8226008322665,2856939.2855318096,-597550.4342435165,1729694.4256441465,1
1125.4399999992665,phase0-forces,A,nominal,Kerbin,3531599999999.9995,600000.0,2630.0,0.0,0.0,340.0,1314703.8418217686,1283.424196397254,2.5003382688737474e-05,1716120.6486045104,9301.769632234851,849078.4406649265,1118.3131332401663,12.519985376844279,629.60039222245,2856939.285530062,-597550.434243522,1729694.42564327,1
1125.959999999266,phase0-forces,A,nominal,Kerbin,3531599999999.9995,600000.0,2630.0,0.0,0.0,340.0,1315370.1364324847,1282.9241643104583,2.4966662749648094e-05,1716702.0547160804,9308.279391840255,849405.77511914,1117.864320969677,12.517552271816928,629.3783299096126,2856939.2855407726,-597550.434243423,1729694.4256486748,1
1126.4599999992656,phase0-forces,A,nominal,Kerbin,3531599999999.9995,600000.0,2630.0,0.0,0.0,340.0,1316010.5594780466,1282.4436921862768,2.4932907763286494e-05,1717260.8790389393,9314.53758311966,849720.410925499,1117.433068911572,12.515213537222094,629.1649462274213,2856939.285543057,-597550.434243295,1729694.4256498811,1
1126.9799999992651,phase0-forces,A,nominal,Kerbin,3531599999999.9995,600000.0,2630.0,0.0,0.0,340.0,1316676.344976049,1281.9443417756145,2.489725375198759e-05,1717841.8276773219,9321.044861797873,850047.5190221241,1116.9848764616142,12.512782073690977,628.9431702875246,2856939.2855471834,-597550.4342429712,1729694.425652106,1
1127.4999999992647,phase0-forces,A,nominal,Kerbin,3531599999999.9995,600000.0,2630.0,0.0,0.0,340.0,1317341.8711947643,1281.445338149387,2.4861730707925744e-05,1718422.5433385388,9327.550876336121,850374.5118341666,1116.5369993282582,12.51035144598851,628.721540033856,2856939.2855498577,-597550.4342430569,1729694.4256534004,1
1128.0199999992642,phase0-forces,A,nominal,Kerbin,3531599999999.9995,600000.0,2630.0,0.0,0.0,340.0,1318007.1383131116,1280.9466808088926,2.482746640453115e-05,1719003.026186368,9334.055627162905,850701.3894356287,1116.0894370518745,12.507921653522223,628.5000552684608,2856939.2855349905,-597550.4342429743,1729694.4256460082,1
1128.5399999992637,phase0-forces,A,nominal,Kerbin,3531599999999.9995,600000.0,2630.0,0.0,0.0,340.0,1318672.1465081428,1280.4483692678218,2.479100294294767e-05,1719583.276381612,9340.559114711139,851028.1519023149,1115.6421891884447,12.505492695633645,628.2787157909123,2856939.285531616,-597550.4342429361,1729694.4256443398,1
1129.0599999992633,phase0-forces,A,nominal,Kerbin,3531599999999.9995,600000.0,2630.0,0.0,0.0,340.0,1319336.895962611,1279.9504030279272,2.4755525373620912e-05,1720163.294091482,9347.06133942023,851354.7993099289,1115.1952552819623,12.503064571713104,628.0575213977362,2856939.2855306007,-597550.434242821,1729694.42564389,1
1129.5799999992628,phase0-forces,A,nominal,Kerbin,3531599999999.9995,600000.0,2630.0,0.0,0.0,340.0,1320001.3868535084,1279.4527815967224,2.472132837283425e-05,1720743.0794765379,9353.562301724221,851681.331734625,1114.7486348812856,12.500637281111937,627.8364718885534,2856939.285527628,-597550.434242617,1729694.4256425055,1
1130.0999999992623,phase0-forces,A,nominal,Kerbin,3531599999999.9995,600000.0,2630.0,0.0,0.0,340.0,1320665.619359907,1278.9555044805195,2.4686130927875638e-05,1721322.6327002402,9360.062002049097,852007.7492513829,1114.3023275364455,12.498210823164012,627.6155670584503,2856939.2855134094,-597550.4342425118,1729694.425635449,1
1130.6199999992618,phase0-forces,A,nominal,Kerbin,3531599999999.9995,600000.0,2630.0,0.0,0.0,340.0,1321329.59365952,1278.4585711964664,2.4649405531818047e-05,1721901.9539250017,9366.560440832123,852334.0519342314,1113.8563328030077,12.495785197242473,627.3948067147594,2856939.2855195166,-597550.4342420931,1729694.4256387118,1
1131.1399999992614,phase0-forces,A,nominal,Kerbin,3531599999999.9995,600000.0,2630.0,0.0,0.0,340.0,1321993.3099312626,1277.9619812506585,2.4614148060209118e-05,1722481.0433133957,9373.057618504703,852660.2398595865,1113.4106502335924,12.493360402748102,627.1741906475143,2856939.285530745,-597550.4342420431,1729694.425644351,1
1131.6799999992609,phase0-forces,A,nominal,Kerbin,3531599999999.9995,600000.0,2630.0,0.0,0.0,340.0,1322682.2808395764,1277.4466545654748,2.4578335796832107e-05,1723082.160163445,9379.80335329573,852998.8520918449,1112.9481559485798,12.49084322624578,626.9452418406861,2856939.2855424434,-597550.4342421322,1729694.4256501556,1
1132.1999999992604,phase0-forces,A,nominal,Kerbin,3531599999999.9995,600000.0,2630.0,0.0,0.0,340.0,1323345.4716847118,1276.9507629821321,2.4543853214709088e-05,1723660.777467122,9386.297961588183,853324.8063206055,1112.5031083203273,12.48842012456614,626.7249192596797,2856939.285539334,-597550.4342422218,1729694.4256485563,1
1132.73999999926,phase0-forces,A,nominal,Kerbin,3531599999999.9995,600000.0,2630.0,0.0,0.0,340.0,1324033.897337993,1276.43616047195,2.4506660338374786e-05,1724261.40442158,9393.041029103386,853663.1760290308,1112.0412724359462,12.48590470458687,626.4962748038675,2856939.2855419037,-597550.4342420487,1729694.4256499275,1
1133.2599999992594,phase0-forces,A,nominal,Kerbin,3531599999999.9995,600000.0,2630.0,0.0,0.0,340.0,1324696.5634916131,1275.9409652331683,2.4473216399201192e-05,1724839.5503103395,9399.533069805822,853988.896871452,1111.5968579024936,12.48348329308499,626.2762448842554,2856939.285536177,-597550.4342422297,1729694.4256469735,1
1133.779999999259,phase0-forces,A,nominal,Kerbin,3531599999999.9995,600000.0,2630.0,0.0,0.0,340.0,1325358.9725171535,1275.4461108612418,2.4437427782686427e-05,1725417.4651833712,9406.023851589562,854314.5033345758,1111.1527532683622,12.48106270974989,626.0563582368927,2856939.285526818,-597550.4342421081,1729694.4256423549,1
1134.2999999992585,phase0-forces,A,nominal,Kerbin,3531599999999.9995,600000.0,2630.0,0.0,0.0,340.0,1326021.124592026,1274.9515968732208,2.4403580027865246e-05,1725995.1492018988,9412.513374882476,854639.9954941355,1110.7089580954644,12.478642953958577,625.836614657605,2856939.285519849,-597550.4342422488,1729694.4256388,1
1134.799999999258,phase0-forces,A,nominal,Kerbin,3531599999999.9995,600000.0,2630.0,0.0,0.0,340.0,1326657.5671280199,1274.4764232043874,2.4369233869947493e-05,1726550.3970486377,9418.752114713878,854952.8609996297,1110.2825233916474,12.476317045508006,625.62545749666,2856939.285525887,-597550.4342421363,1729694.4256418752,1
1135.3399999992575,phase0-forces,A,nominal,Kerbin,3531599999999.9995,600000.0,2630.0,0.0,0.0,340.0,1327344.658597696,1273.963588123088,2.4333567125722766e-05,1727149.8253216124,9425.488647723942,855290.6371990435,1109.822294363238,12.473805922415591,625.3975559302909,2856939.2855371456,-597550.4342419533,1729694.4256475961,1
1135.839999999257,phase0-forces,A,nominal,Kerbin,3531599999999.9995,600000.0,2630.0,0.0,0.0,340.0,1327980.6078390318,1273.489066739318,2.4300203222082928e-05,1727704.6299843001,9431.724969435769,855603.2832442119,1109.3964526709287,12.47148160233722,625.1866729644689,2856939.2855468653,-597550.434241855,1729694.4256525051,1
1136.3599999992566,phase0-forces,A,nominal,Kerbin,3531599999999.9995,600000.0,2630.0,0.0,0.0,340.0,1328641.7437276833,1272.9958964623063,2.4265995307359844e-05,1728281.401044825,9438.209511405379,855928.3233149346,1108.9538791039895,12.469065118617193,624.9674942308222,2856939.285559254,-597550.4342418092,1729694.4256587224,1
1136.8799999992561,phase0-forces,A,nominal,Kerbin,3531599999999.9995,600000.0,2630.0,0.0,0.0,340.0,1329302.623537775,1272.5030641844637,2.423131445539184e-05,1728857.9420460002,9444.692797015034,856253.2494491227,1108.5116128168627,12.466649459282564,624.7484575893459,2856939.285572931,-597550.434241961,1729694.4256654852,1
1137.3999999992557,phase0-forces,A,nominal,Kerbin,3531599999999.9995,600000.0,2630.0,0.0,0.0,340.0,1329963.2474449477,1272.0105694248366,2.4197704988182522e-05,1729434.253148071,9451.174826695218,856578.0617204824,1108.0696533668647,12.464234623732448,624.529562848051,2856939.2855754374,-597550.4342418466,1729694.4256667953,1
1137.8999999992552,phase0-forces,A,nominal,Kerbin,3531599999999.9995,600000.0,2630.0,0.0,0.0,340.0,1330598.2215763503,1271.5373346251079,2.4165223294403404e-05,1729988.1817828214,9457.406363536971,856890.2739034964,1107.644981317087,12.461913442667148,624.3192207692637,2856939.285580988,-597550.4342418027,1729694.4256695928,1
1138.4199999992547,phase0-forces,A,nominal,Kerbin,3531599999999.9995,600000.0,2630.0,0.0,0.0,340.0,1331258.3440309563,1271.045500535824,2.4131935788318515e-05,1730564.042393987,9463.885930908524,857214.8630450021,1107.203622476974,12.459500221073009,624.1006037975533,2856939.285567927,-597550.4342417335,1729694.4256630968,1
1138.9199999992543,phase0-forces,A,nominal,Kerbin,3531599999999.9995,600000.0,2630.0,0.0,0.0,340.0,1331892.8363191213,1270.57290012021,2.4097664208966307e-05,1731117.538158392,9470.11510094457,857526.8608163488,1106.7795271380403,12.457180590752818,623.890528442055,2856939.285574325,-597550.4342420809,1729694.425666122,1
1139.4599999992538,phase0-forces,A,nominal,Kerbin,3531599999999.9995,600000.0,2630.0,0.0,0.0,340.0,1332577.8229608953,1270.0628402268205,2.4061841031652875e-05,1731715.0754948996,9476.841302102952,857863.7004693123,1106.3218210344405,12.45467624288455,623.6637936161939,2856939.2855915166,-597550.4342425069,1729694.4256745048,1
1139.9599999992533,phase0-forces,A,nominal,Kerbin,3531599999999.9995,600000.0,2630.0,0.0,0.0,340.0,1333211.8246194383,1269.5908848288595,2.4030825443333015e-05,1732268.1305046,9483.068060544672,858175.4799029599,1105.8983120593662,12.452358191375838,623.4539894813772,2856939.285591414,-597550.4342426492,1729694.4256743824,1
1140.4799999992529,phase0-forces,A,nominal,Kerbin,3531599999999.9995,600000.0,2630.0,0.0,0.0,340.0,1333870.9363775973,1269.100379482304,2.3996553863980807e-05,1732843.0831615792,9489.54266003129,858499.6192690714,1105.4581611370704,12.449948222021742,623.2359312225537,2856939.285589015,-597550.4342425207,1729694.4256732473,1
1140.9999999992524,phase0-forces,A,nominal,Kerbin,3531599999999.9995,600000.0,2630.0,0.0,0.0,340.0,1334529.793439318,1268.610208373477,2.396318086539395e-05,1733417.8070192137,9496.016006547608,858823.6452806096,1105.0183140533604,12.447539072030754,623.018013517359,2856939.2855800926,-597550.4342423321,1729694.42566888,1
1141.499999999252,phase0-forces,A,nominal,Kerbin,3531599999999.9995,600000.0,2630.0,0.0,0.0,340.0,1335163.0698157053,1268.1392047683842,2.3929631424834952e-05,1733970.2104912796,9502.239196983663,859135.1019237979,1104.5956703048573,12.445223353804659,622.8086096306204,2856939.2855867622,-597550.434242427,1729694.4256721677,1
1142.0199999992515,phase0-forces,A,nominal,Kerbin,3531599999999.9995,600000.0,2630.0,0.0,0.0,340.0,1335821.4277847004,1267.6496879231315,2.389586552453693e-05,1734544.486008293,9508.710086986424,859458.9058012636,1104.1564179730008,12.442815809285271,622.5909670685729,2856939.285604898,-597550.434242505,1729694.4256811964,1
1142.519999999251,phase0-forces,A,nominal,Kerbin,3531599999999.9995,600000.0,2630.0,0.0,0.0,340.0,1336454.2245839078,1267.1793125432164,2.386380401731003e-05,1735096.4586758409,9514.930916180034,859770.1489869717,1103.7343452990685,12.440501633578885,622.3818273888146,2856939.285606024,-597550.4342423741,1729694.4256818248,1
1143.0599999992505,phase0-forces,A,nominal,Kerbin,3531599999999.9995,600000.0,2630.0,0.0,0.0,340.0,1337137.3813431063,1266.6716523063412,2.3828373741707765e-05,1735692.3522027195,9521.64811229018,860106.1742128371,1103.2788205795282,12.438003172131255,622.1561017093794,2856939.2856112365,-597550.4342420802,1729694.425684578,1
1143.55999999925,phase0-forces,A,nominal,Kerbin,3531599999999.9995,600000.0,2630.0,0.0,0.0,340.0,1337769.6898171583,1266.2019156946442,2.3796814275556244e-05,1736243.886215795,9527.866535553054,860417.2000324263,1102.8573285569073,12.435690566798803,621.9472306853978,2856939.285624405,-597550.4342420903,1729694.4256911573,1
1144.0999999992496,phase0-forces,A,nominal,Kerbin,3531599999999.9995,600000.0,2630.0,0.0,0.0,340.0,1338452.3195443163,1265.6949443519325,2.376287739025429e-05,1736839.3063224768,9534.581134141921,860752.9906556203,1102.4024300490046,12.433193800064696,621.7217947539084,2856939.2856157585,-597550.4342420523,1729694.4256868532,1
1144.619999999249,phase0-forces,A,nominal,Kerbin,3531599999999.9995,600000.0,2630.0,0.0,0.0,340.0,1339109.4083161922,1265.2070870813434,2.3729811800876632e-05,1737412.4417464403,9541.045769834362,861076.2295701026,1101.9646862905295,12.430790336846039,621.5048501991553,2856939.285602876,-597550.4342421957,1729694.42568034,1
1145.1199999992486,phase0-forces,A,nominal,Kerbin,3531599999999.9995,600000.0,2630.0,0.0,0.0,340.0,1339740.9855450094,1264.7383052551397,2.3697786673437804e-05,1737963.3189094597,9547.26058727153,861386.9298657936,1101.5440621638477,12.428480082522144,621.296380782997,2856939.285591888,-597550.4342421397,1729694.425674874,1
1145.6399999992482,phase0-forces,A,nominal,Kerbin,3531599999999.9995,600000.0,2630.0,0.0,0.0,340.0,1340397.5775741863,1264.2510958847927,2.366365515626967e-05,1738536.0081352168,9553.722772249917,861709.9476356448,1101.1069073384147,12.426078216117565,621.0797087634548,2856939.2856038776,-597550.43424248,1729694.4256806988,1
1146.1599999992477,phase0-forces,A,nominal,Kerbin,3531599999999.9995,600000.0,2630.0,0.0,0.0,340.0,1341053.9166159371,1263.764216124793,2.3631202566321008e-05,1739108.4701190235,9560.183708466813,862032.8527717488,1100.6700521184748,12.4236771628587,620.863175404033,2856939.285597563,-597550.4342425467,1729694.425677508,1
1146.6799999992472,phase0-forces,A,nominal,Kerbin,3531599999999.9995,600000.0,2630.0,0.0,0.0,340.0,1341710.0028405301,1263.277665521761,2.359651080041658e-05,1739680.7050156232,9566.643396349033,862355.6453467691,1100.2334960919163,12.421276922138391,620.6467805145639,2856939.2856039805,-597550.4342427358,1729694.4256806222,1
1147.1999999992468,phase0-forces,A,nominal,Kerbin,3531599999999.9995,600000.0,2630.0,0.0,0.0,340.0,1342365.8364190229,1262.791443615363,2.3563927243230864e-05,1740252.7129807924,9573.101836319824,862678.325433063,1099.7972388340866,12.418877493278082,620.4305239129508,2856939.285622957,-597550.4342425328,1729694.4256902123,1
1147.7199999992463,phase0-forces,A,nominal,Kerbin,3531599999999.9995,600000.0,2630.0,0.0,0.0,340.0,1343021.4175214479,1262.3055499392924,2.353210402361583e-05,1740824.494169945,9579.55902879715,863000.893101407,1099.3612799217894,12.416478875734587,620.2144054023515,2856939.285622307,-597550.4342423226,1729694.4256899923,1
1148.2399999992458,phase0-forces,A,nominal,Kerbin,3531599999999.9995,600000.0,2630.0,0.0,0.0,340.0,1343701.94623646,1261.801314966729,2.349882197449915e-05,1741396.0487387874,9586.014974204176,863323.3484247447,1098.9256189396215,12.414081068805718,619.9984247961052,2856939.285619789,-597550.4342421916,1729694.4256887985,1
1148.8399999992453,phase0-forces,A,nominal,Kerbin,3531599999999.9995,600000.0,2630.0,0.0,0.0,340.0,1344432.5816360444,1261.2601223973747,2.3461248929379508e-05,1742055.2533806902,9593.462592921353,863695.2727507716,1098.4233028615058,12.411315374992695,619.7493875199264,2856939.2856409135,-597550.4342423268,1729694.4256992934,1
1149.3799999992448,phase0-forces,A,nominal,Kerbin,3531599999999.9995,600000.0,2630.0,0.0,0.0,340.0,1345112.5466272654,1260.7566189295158,2.342729567317292e-05,1742648.2799654505,9600.164031224194,864029.8769318322,1097.9715565211077,12.408827171797387,619.5254104985692,2856939.285645229,-597550.4342424497,1729694.4257013896,1
1149.8999999992443,phase0-forces,A,nominal,Kerbin,3531599999999.9995,600000.0,2630.0,0.0,0.0,340.0,1345767.0711209734,1260.2720963425797,2.3394430172629654e-05,1743219.1121235208,9606.615998414176,864351.9740910148,1097.536843834983,12.406431948540547,619.3098688788759,2856939.285658499,-597550.434242243,1729694.4257081281,1
1150.4199999992438,phase0-forces,A,nominal,Kerbin,3531599999999.9995,600000.0,2630.0,0.0,0.0,340.0,1346421.3440198759,1259.787899619322,2.3361797502730042e-05,1743789.7183085047,9613.066720302533,864673.9592042295,1097.1024273313935,12.404037533277736,619.0944643781759,2856939.2856638473,-597550.4342422012,1729694.4257108232,1
1150.9399999992434,phase0-forces,A,nominal,Kerbin,3531599999999.9995,600000.0,2630.0,0.0,0.0,340.0,1347075.3654913458,1259.3040283075409,2.333059092052281e-05,1744360.0986728729,9619.516197298775,864995.8323421874,1096.6683065958061,12.40164392542683,618.8791968129428,2856939.2856614063,-597550.4342421738,1729694.4257096162,1
1151.4599999992429,phase0-forces,A,nominal,Kerbin,3531599999999.9995,600000.0,2630.0,0.0,0.0,340.0,1347729.1357063958,1258.8204819542202,2.3297294319490902e-05,1744930.2533725249,9625.964429827738,865317.5935768757,1096.2344812127033,12.399251124324676,618.6640659997365,2856939.2856563674,-597550.4342419382,1729694.4257072147,1
1151.9799999992424,phase0-forces,A,nominal,Kerbin,3531599999999.9995,600000.0,2630.0,0.0,0.0,340.0,1348382.6548341068,1258.337260110191,2.326475987501908e-05,1745500.182561256,9632.411418317784,865639.2429801761,1095.800950771405,12.396859129405836,618.449071754363,2856939.28566151,-597550.4342415319,1729694.4257099892,1
1152.499999999242,phase0-forces,A,nominal,Kerbin,3531599999999.9995,600000.0,2630.0,0.0,0.0,340.0,1349035.9230398922,1257.854362325805,2.3232722014654428e-05,1746069.8863897966,9638.857163184264,865960.7806218911,1095.367714864807,12.394467940027145,618.2342138853132,2856939.285672655,-597550.4342415594,1729694.4257155478,1
1153.0199999992415,phase0-forces,A,nominal,Kerbin,3531599999999.9995,600000.0,2630.0,0.0,0.0,340.0,1349688.9404915834,1257.3717881437617,2.3201591830002144e-05,1746639.3650113004,9645.301664835082,866282.2065723786,1094.9347730720194,12.3920775555223,618.0194922099334,2856939.285657762,-597550.4342415596,1729694.4257081014,1
1153.539999999241,phase0-forces,A,nominal,Kerbin,3531599999999.9995,600000.0,2630.0,0.0,0.0,340.0,1350341.7073572513,1256.8895371222584,2.316961945325602e-05,1747208.6185789485,9651.744923689386,866603.5209024763,1094.5021249885303,12.389687975344968,617.8049065480704,2856939.285647216,-597550.4342414788,1729694.4257028685,1
1154.0599999992405,phase0-forces,A,nominal,Kerbin,3531599999999.9995,600000.0,2630.0,0.0,0.0,340.0,1350994.2238057803,1256.4076088108727,2.313623008376453e-05,1747777.647246332,9658.186940174955,866924.7236840255,1094.0697702049677,12.387299198798292,617.5904567106454,2856939.2856367724,-597550.4342416705,1729694.4256975509,1
1154.57999999924,phase0-forces,A,nominal,Kerbin,3531599999999.9995,600000.0,2630.0,0.0,0.0,340.0,1351646.4900029923,1255.9260027667306,2.3104610590962693e-05,1748346.4511650507,9664.627714703478,867245.8149859877,1093.637708314206,12.384911225313893,617.3761425199475,2856939.2856385647,-597550.4342417888,1729694.425698388,1
1155.0999999992396,phase0-forces,A,nominal,Kerbin,3531599999999.9995,600000.0,2630.0,0.0,0.0,340.0,1352298.5061168235,1255.444718540605,2.3071932446327992e-05,1748915.0304876002,9671.067247692168,867566.7948802721,1093.20593890579,12.382524054279694,617.1619637912354,2856939.2856442668,-597550.4342419083,1729694.4257011793,1
1155.619999999239,phase0-forces,A,nominal,Kerbin,3531599999999.9995,600000.0,2630.0,0.0,0.0,340.0,1352950.272314699,1254.9637556846162,2.303977817064151e-05,1749483.3853667662,9677.505539568658,867887.6634370533,1092.774461568073,12.380137685022802,616.9479203446144,2856939.2856437024,-597550.4342416684,1729694.425701017,1
1156.1599999992386,phase0-forces,A,nominal,Kerbin,3531599999999.9995,600000.0,2630.0,0.0,0.0,340.0,1353626.842102269,1254.4646339308406,2.3007021809462458e-05,1750073.362653107,9684.190144858903,868220.7553242258,1092.326697654042,12.37766038034599,616.7257874444376,2856939.285642508,-597550.4342415183,1729694.4257004948,1
1156.6599999992382,phase0-forces,A,nominal,Kerbin,3531599999999.9995,600000.0,2630.0,0.0,0.0,340.0,1354253.0556266026,1254.0027923095931,2.297697756148409e-05,1750619.4223994021,9690.37840162096,868529.0668194878,1091.9123814920076,12.375367349475527,616.5202385548057,2856939.2856349424,-597550.434241486,1729694.4256967283,1
1157.1799999992377,phase0-forces,A,nominal,Kerbin,3531599999999.9995,600000.0,2630.0,0.0,0.0,340.0,1354904.073072435,1253.5227909067519,2.294460682605859e-05,1751187.10485547,9696.81297262975,868849.6017846174,1091.481777946034,12.372983381933757,616.3065998483602,2856939.2856362895,-597550.4342415675,1729694.4256973611,1
1157.6999999992372,phase0-forces,A,nominal,Kerbin,3531599999999.9995,600000.0,2630.0,0.0,0.0,340.0,1355554.841265755,1253.0431091033072,2.291289456479717e-05,1751754.5634726088,9703.246304184597,869170.0256923165,1091.0514648546928,12.370600213697367,616.0930956925783,2856939.285636006,-597550.4342417262,1729694.42569714,1
1158.1999999992368,phase0-forces,A,nominal,Kerbin,3531599999999.9995,600000.0,2630.0,0.0,0.0,340.0,1356180.3450120012,1252.5821775863126,2.2882255507283844e-05,1752299.9858096493,9709.431031433567,869478.0209365967,1090.6379758005264,12.368309459022116,615.887929959441,2856939.285636715,-597550.4342414684,1729694.4256976233,1
1158.7199999992363,phase0-forces,A,nominal,Kerbin,3531599999999.9995,600000.0,2630.0,0.0,0.0,340.0,1356830.6247698797,1252.1031214072937,2.2851727408124134e-05,1752867.0057983203,9715.861932955639,869798.2272043382,1090.2082312724037,12.36592785691716,615.6746892085318,2856939.2856302164,-597550.4342413377,1729694.4256944393,1
1159.2399999992358,phase0-forces,A,nominal,Kerbin,3531599999999.9995,600000.0,2630.0,0.0,0.0,340.0,1357480.655765242,1251.6243835263815,2.2819907826487906e-05,1753433.8023944881,9722.291596251947,870118.3226214966,1089.7787760097399,12.363547052312354,615.4615824735063,2856939.2856326946,-597550.4342413499,1729694.4256956724,1
1159.7799999992353,phase0-forces,A,nominal,Kerbin,3531599999999.9995,600000.0,2630.0,0.0,0.0,340.0,1358155.4248322344,1251.1275690729733,2.2787640773458406e-05,1754022.1625757483,9728.967244157746,870450.6121483091,1089.3331089716844,12.361075521700819,615.2404209774247,2856939.285628495,-597550.4342415403,1729694.4256934773,1
1160.2999999992348,phase0-forces,A,nominal,Kerbin,3531599999999.9995,600000.0,2630.0,0.0,0.0,340.0,1358804.9492466245,1250.6494786668297,2.2756446924177e-05,1754588.504261267,9735.39438465908,870770.481816797,1088.904242117103,12.358696340847112,615.0275868721222,2856939.285621663,-597550.4342415548,1729694.4256900542,1
1160.7999999992344,phase0-forces,A,nominal,Kerbin,3531599999999.9995,600000.0,2630.0,0.0,0.0,340.0,1359429.257829325,1250.1900752722695,2.272564779559616e-05,1755132.8533340408,9741.573160928061,871077.944467335,1088.4921417882097,12.356409417314131,614.8230645648478,2856939.285614939,-597550.4342415936,1729694.4256866728,1
1161.339999999234,phase0-forces,A,nominal,Kerbin,3531599999999.9995,600000.0,2630.0,0.0,0.0,340.0,1360103.2534576363,1249.6942483188564,2.2693446226185188e-05,1755720.518975791,9748.244955185071,871409.8893074852,1088.0473721513672,12.353940365460126,614.6023188966849,2856939.2856173394,-597550.4342415296,1729694.425687905,1
1161.8599999992334,phase0-forces,A,nominal,Kerbin,3531599999999.9995,600000.0,2630.0,0.0,0.0,340.0,1360752.0335814985,1249.217107506317,2.2662217816105112e-05,1756286.1923029053,9754.668386028981,871729.4272679014,1087.6193682451524,12.35156356966596,614.3898846675856,2856939.285617762,-597550.4342416361,1729694.4256880628,1
1162.399999999233,phase0-forces,A,nominal,Kerbin,3531599999999.9995,600000.0,2630.0,0.0,0.0,340.0,1361425.5045433212,1248.7219492268898,2.2629126760875806e-05,1756873.3868114536,9761.33756398187,872061.138267058,1087.1752062606267,12.349096198749281,614.1694205968261,2856939.2856311933,-597550.4342414114,1729694.425694891,1
1162.9199999992325,phase0-forces,A,nominal,Kerbin,3531599999999.9995,600000.0,2630.0,0.0,0.0,340.0,1362073.7797715813,1248.2454514179472,2.2598735085921362e-05,1757438.60676342,9767.75847628118,872380.45119027,1086.747786676684,12.346721020367665,613.957257159624,2856939.285621856,-597550.4342417341,1729694.425690061,1
1163.439999999232,phase0-forces,A,nominal,Kerbin,3531599999999.9995,600000.0,2630.0,0.0,0.0,340.0,1362721.8075656376,1247.7692683898645,2.2567717678612098e-05,1758003.6045331284,9774.17815369206,872699.6538235084,1086.3206531407177,12.34434663450782,613.7452262985589,2856939.285624249,-597550.4342418541,1729694.4256911974,1
1163.9599999992315,phase0-forces,A,nominal,Kerbin,3531599999999.9995,600000.0,2630.0,0.0,0.0,340.0,1363369.588086816,1247.2933997144607,2.2535652533406392e-05,1758568.3802676322,9780.596596630134,873018.7462347433,1085.893805260605,12.341973040553196,613.5333278391379,2856939.285645974,-597550.4342416655,1729694.4257021542,1
1164.479999999231,phase0-forces,A,nominal,Kerbin,3531599999999.9995,600000.0,2630.0,0.0,0.0,340.0,1364017.1214976918,1246.8178449493744,2.2505892047774978e-05,1759132.9341148431,9787.013805503506,873337.7284930233,1085.4672426334575,12.339600237900134,613.3215615970873,2856939.2856385564,-597550.4342413866,1729694.4256985849,1
1164.9999999992306,phase0-forces,A,nominal,Kerbin,3531599999999.9995,600000.0,2630.0,0.0,0.0,340.0,1364664.4079617234,1246.3426036726878,2.2475183868664317e-05,1759697.2662235983,9793.42978072846,873656.6006675132,1085.0409648773757,12.337228225925799,613.1099273925433,2856939.285636271,-597550.4342416006,1729694.4256973353,1
1165.51999999923,phase0-forces,A,nominal,Kerbin,3531599999999.9995,600000.0,2630.0,0.0,0.0,340.0,1365311.447641404,1245.8676754479782,2.244466850243043e-05,1760261.3767421904,9799.844522708792,873975.3628263046,1084.6149715880492,12.334857004003226,612.8984250558121,2856939.2856078567,-597550.4342414557,1729694.4256832004,1
1166.0399999992296,phase0-forces,A,nominal,Kerbin,3531599999999.9995,600000.0,2630.0,0.0,0.0,340.0,1365958.2406987532,1245.3930598605418,2.2412876205635257e-05,1760825.265817983,9806.258031864974,874294.0150382926,1084.1892623904846,12.332486571537162,612.687054409462,2856939.285609653,-597550.4342416136,1729694.4256840197,1
1166.5599999992291,phase0-forces,A,nominal,Kerbin,3531599999999.9995,600000.0,2630.0,0.0,0.0,340.0,1366604.7872948633,1244.9187564735796,2.2383983377949335e-05,1761388.9335980944,9812.670308596606,874612.5573707805,1083.7638368785338,12.330116927912972,612.4758152862745,2856939.285597415,-597550.4342410106,1729694.4256782022,1
1167.0799999992287,phase0-forces,A,nominal,Kerbin,3531599999999.9995,600000.0,2630.0,0.0,0.0,340.0,1367251.0875934926,1244.4447648655764,2.235130341432523e-05,1761952.3802311358,9819.081353319643,874930.9898940551,1083.3386946756646,12.32774807253689,612.2647074976858,2856939.2856001146,-597550.4342409901,1729694.4256795624,1
1167.5999999992282,phase0-forces,A,nominal,Kerbin,3531599999999.9995,600000.0,2630.0,0.0,0.0,340.0,1367897.141755653,1243.9710846084267,2.232199040008709e-05,1762515.6058642743,9825.49116644055,875249.3126751357,1082.9138353872181,12.32538000480556,612.0537308738078,2856939.285603594,-597550.4342410039,1729694.425681295,1
1168.1199999992277,phase0-forces,A,nominal,Kerbin,3531599999999.9995,600000.0,2630.0,0.0,0.0,340.0,1368542.9499429483,1243.4977152779215,2.2290869310381822e-05,1763078.6106445214,9831.899748374894,875567.525782682,1082.489258624531,12.323012724077692,611.842885242058,2856939.285612134,-597550.4342409471,1729694.4256855934,1
1168.6399999992273,phase0-forces,A,nominal,Kerbin,3531599999999.9995,600000.0,2630.0,0.0,0.0,340.0,1369188.5123153334,1243.0246564466986,2.226087417511735e-05,1763641.394717623,9838.30709952213,875885.6292841946,1082.0649639967387,12.320646229782287,611.632170427333,2856939.2856074194,-597550.4342407653,1729694.425683327,1
1169.1399999992268,phase0-forces,A,nominal,Kerbin,3531599999999.9995,600000.0,2630.0,0.0,0.0,340.0,1369809.0137009695,1242.5700846124694,2.2230695321923122e-05,1764182.3252490284,9844.466853787904,876191.3947356949,1081.6572541040462,12.318371495537406,611.4296832356376,2856939.2856130386,-597550.434240485,1729694.4256862768,1
1169.6599999992263,phase0-forces,A,nominal,Kerbin,3531599999999.9995,600000.0,2630.0,0.0,0.0,340.0,1370454.0943673651,1242.0976336175097,2.2201205865712836e-05,1764744.6768243504,9850.871791905478,876509.28343867,1081.233511781543,12.316006542037835,611.2192245190149,2856939.285623511,-597550.4342403522,1729694.4256915792,1
1170.1799999992259,phase0-forces,A,nominal,Kerbin,3531599999999.9995,600000.0,2630.0,0.0,0.0,340.0,1371098.9296947536,1241.6254918745208,2.2170288502820767e-05,1765306.8081257176,9857.275500446205,876827.0627372894,1080.810050455168,12.31364237311132,611.0088961048357,2856939.2856350155,-597550.4342403308,1729694.4256973423,1
1170.6999999992254,phase0-forces,A,nominal,Kerbin,3531599999999.9995,600000.0,2630.0,0.0,0.0,340.0,1371743.5198448,1241.1536589564118,2.2141615772852674e-05,1765868.7193009309,9863.677979823307,877144.7326987507,1080.3868697336502,12.311278988154795,610.7986978192484,2856939.28562414,-597550.4342402039,1729694.425691968,1
1171.219999999225,phase0-forces,A,nominal,Kerbin,3531599999999.9995,600000.0,2630.0,0.0,0.0,340.0,1372387.8649768408,1240.6821344545965,2.2110285499366e-05,1766430.4104945685,9870.079230446552,877462.2933915025,1079.9639692426645,12.30891638662315,610.5886294960217,2856939.285637658,-597550.4342399361,1729694.425698861,1
1171.7399999992244,phase0-forces,A,nominal,Kerbin,3531599999999.9995,600000.0,2630.0,0.0,0.0,340.0,1373031.9652501883,1240.2109179405256,2.2080914277466945e-05,1766991.8818519055,9876.479252719937,877779.7448825374,1079.541348593369,12.306554567841347,610.3786909540337,2856939.285633056,-597550.4342399163,1729694.4256965697,1
1172.259999999224,phase0-forces,A,nominal,Kerbin,3531599999999.9995,600000.0,2630.0,0.0,0.0,340.0,1373675.8208258164,1239.740009002282,2.2049969629733823e-05,1767553.1335200015,9882.878047045499,878097.0872389856,1079.1190074077433,12.304193531215672,610.1688820268137,2856939.285640776,-597550.4342398733,1729694.4257004515,1
1172.7799999992235,phase0-forces,A,nominal,Kerbin,3531599999999.9995,600000.0,2630.0,0.0,0.0,340.0,1374319.431862487,1239.2694072183604,2.2021125914761797e-05,1768114.165643035,9889.275613842488,878414.3205288044,1078.6969453015513,12.301833276145063,609.9592025393945,2856939.2856430206,-597550.4342400011,1729694.4257015097,1
1173.299999999223,phase0-forces,A,nominal,Kerbin,3531599999999.9995,600000.0,2630.0,0.0,0.0,340.0,1374962.7985184388,1238.7991121742937,2.1990930690662935e-05,1768674.9783652672,9895.671953505902,878731.4448186059,1078.2751618936052,12.29947380207392,609.7496523257146,2856939.2856449042,-597550.4342399202,1729694.425702492,1
1173.8199999992225,phase0-forces,A,nominal,Kerbin,3531599999999.9995,600000.0,2630.0,0.0,0.0,340.0,1375605.920953985,1238.329123453691,2.196145214838907e-05,1769235.5718332452,9902.067066446683,879048.4601750607,1077.8536568055601,12.297115108317856,609.540231210772,2856939.2856479147,-597550.4342399223,1729694.4257039963,1
1174.359999999222,phase0-forces,A,nominal,Kerbin,3531599999999.9995,600000.0,2630.0,0.0,0.0,340.0,1376273.520547732,1237.8413820188046,2.193083128076978e-05,1769817.494677806,9908.706847299947,879377.5532040352,1077.4162341558904,12.294666520866157,609.322891897805,2856939.2856427906,-597550.434239866,1729694.4257014622,1
1174.8799999992216,phase0-forces,A,nominal,Kerbin,3531599999999.9995,600000.0,2630.0,0.0,0.0,340.0,1376940.8571218478,1237.3539700141555,2.1899906641920097e-05,1770377.6416510316,9915.099460868125,879694.3467137979,1076.99529523556,12.292309415925917,609.1137334190748,2856939.2856443096,-597550.4342399435,1729694.425702183,1
1175.419999999221,phase0-forces,A,nominal,Kerbin,3531599999999.9995,600000.0,2630.0,0.0,0.0,340.0,1377583.2291048109,1236.8849212253765,2.1870644559385255e-05,1770959.1011386286,9921.736647094045,880023.2095080093,1076.558459714781,12.289862477079215,608.8966664808884,2856939.28564165,-597550.4342397894,1729694.4257009304,1
1175.9399999992206,phase0-forces,A,nominal,Kerbin,3531599999999.9995,600000.0,2630.0,0.0,0.0,340.0,1378225.3575124862,1236.4161770721505,2.184033473895397e-05,1771518.802215611,9928.126762974283,880339.7814485887,1076.1380853916944,12.287506958509569,608.6877699345978,2856939.285634689,-597550.4342398084,1729694.4256974403,1
1176.4599999992201,phase0-forces,A,nominal,Kerbin,3531599999999.9995,600000.0,2630.0,0.0,0.0,340.0,1378867.2425035909,1235.9477371445223,2.1811152691952884e-05,1772078.2847697774,9934.515654184026,880656.2447969618,1075.717987469599,12.285152217165972,608.4790016278477,2856939.285631796,-597550.4342397436,1729694.425696026,1
1176.9799999992197,phase0-forces,A,nominal,Kerbin,3531599999999.9995,600000.0,2630.0,0.0,0.0,340.0,1379508.8842363858,1235.479601026774,2.1782252588309348e-05,1772637.548946205,9940.903321134028,880972.5996181327,1075.298165569347,12.282798252487959,608.2703613883899,2856939.285616179,-597550.4342395839,1729694.4256882975,1
1177.4999999992192,phase0-forces,A,nominal,Kerbin,3531599999999.9995,600000.0,2630.0,0.0,0.0,340.0,1380150.2828659215,1235.0117683159485,2.1752324755652808e-05,1773196.594884905,9947.289764218953,881288.8459800874,1074.8786193238475,12.280445063871078,608.0618490485804,2856939.2856103447,-597550.4342396532,1729694.4256853457,1
1178.0199999992187,phase0-forces,A,nominal,Kerbin,3531599999999.9995,600000.0,2630.0,0.0,0.0,340.0,1380791.43855224,1234.5442386024831,2.1721953089581802e-05,1773755.4227320892,9953.674983850502,881604.9839495438,1074.4593483572762,12.27809265074308,607.8534644427898,2856939.28562166,-597550.4342396834,1729694.4256909883,1
1178.5399999992183,phase0-forces,A,nominal,Kerbin,3531599999999.9995,600000.0,2630.0,0.0,0.0,340.0,1381432.3514499692,1234.0770114743905,2.169313120248262e-05,1774314.0326288245,9960.058980422087,881921.0135914097,1074.040352291894,12.275741012444618,607.6452074038455,2856939.2856282643,-597550.4342394595,1729694.4256944023,1
1179.0599999992178,phase0-forces,A,nominal,Kerbin,3531599999999.9995,600000.0,2630.0,0.0,0.0,340.0,1382073.0217171938,1233.610086523359,2.166323065466713e-05,1774872.424719411,9966.441754339121,882236.9349718496,1073.6216307586942,12.273390148450481,607.4370777565985,2856939.285632033,-597550.4342395642,1729694.4256962345,1
1179.5799999992173,phase0-forces,A,nominal,Kerbin,3531599999999.9995,600000.0,2630.0,0.0,0.0,340.0,1382713.4495119026,1233.1434633406193,2.1634790755342692e-05,1775430.599147155,9972.823306014552,882552.7481588115,1073.2031833812184,12.271040058080525,607.2290753381372,2856939.285630628,-597550.434239595,1729694.4256955164,1
1180.0999999992168,phase0-forces,A,nominal,Kerbin,3531599999999.9995,600000.0,2630.0,0.0,0.0,340.0,1383353.634989061,1232.6771415244702,2.160495932912454e-05,1775988.556053476,9979.203635846838,882868.4532172419,1072.7850097922358,12.268690740809573,607.0211999835901,2856939.285637225,-597550.4342395454,1729694.4256988398,1
1180.6199999992164,phase0-forces,A,nominal,Kerbin,3531599999999.9995,600000.0,2630.0,0.0,0.0,340.0,1383993.5783046526,1232.2111206669954,2.1576079234364443e-05,1776546.2955799717,9985.582744238252,883184.0502140182,1072.3671096206797,12.266342195943418,606.81345152224,2856939.285641619,-597550.4342396966,1729694.4257009611,1
1181.139999999216,phase0-forces,A,nominal,Kerbin,3531599999999.9995,600000.0,2630.0,0.0,0.0,340.0,1384633.2796151454,1231.7454003657956,2.154718094971031e-05,1777103.8178693522,9991.960631583654,883499.5392148637,1071.949482496981,12.263994422934807,606.6058297919191,2856939.2856539907,-597550.4342397487,1729694.425707121,1
1181.6799999992154,phase0-forces,A,nominal,Kerbin,3531599999999.9995,600000.0,2630.0,0.0,0.0,340.0,1385297.3288440974,1231.2620854314976,2.1516010747291148e-05,1777682.5535462634,9998.582530330446,883827.048171829,1071.5160813986413,12.261557167287538,606.3903565699688,2856939.285682117,-597550.4342395792,1729694.4257212689,1
1182.199999999215,phase0-forces,A,nominal,Kerbin,3531599999999.9995,600000.0,2630.0,0.0,0.0,340.0,1385936.5373189398,1230.7969765452417,2.148836210835725e-05,1778239.6334455404,10004.957929869828,884142.3172310176,1071.0990097259087,12.259210965811738,606.1829926545136,2856939.2856812654,-597550.4342397916,1729694.4257207369,1
1182.7199999992145,phase0-forces,A,nominal,Kerbin,3531599999999.9995,600000.0,2630.0,0.0,0.0,340.0,1386575.5042611724,1230.3321669885404,2.1460182324517518e-05,1778796.4965384572,10011.33210958539,884457.4784931347,1070.6822099782996,12.256865534384074,605.9757549687727,2856939.285679971,-597550.4342396097,1729694.4257201806,1
1183.239999999214,phase0-forces,A,nominal,Kerbin,3531599999999.9995,600000.0,2630.0,0.0,0.0,340.0,1387214.2298252087,1229.8676563610802,2.14314459299203e-05,1779353.1429660502,10017.705069872283,884772.5320226485,1070.2656817943832,12.254520872393611,605.7686433404159,2856939.285681367,-597550.4342396504,1729694.4257208584,1
1183.7599999992135,phase0-forces,A,nominal,Kerbin,3531599999999.9995,600000.0,2630.0,0.0,0.0,340.0,1387852.7141671306,1229.4034442602679,2.1402320271590725e-05,1779909.572869372,10024.076811139023,885087.4778877405,1069.8494248031222,12.252176979208217,605.561657609453,2856939.285681573,-597550.4342395322,1729694.4257210204,1
1184.259999999213,phase0-forces,A,nominal,Kerbin,3531599999999.9995,600000.0,2630.0,0.0,0.0,340.0,1388466.4140795919,1228.9573676223083,2.137503724952694e-05,1780444.397561653,10030.202336208531,885390.2089784862,1069.4494331027618,12.24992396024818,605.3627514410703,2856939.2856766493,-597550.4342393145,1729694.4257186675,1
1184.7799999992126,phase0-forces,A,nominal,Kerbin,3531599999999.9995,600000.0,2630.0,0.0,0.0,340.0,1389104.4257041034,1228.4937399342637,2.1345880668377504e-05,1781000.403153718,10036.571687470841,885704.9438445676,1069.0337070090563,12.24758157344593,605.1560121834298,2856939.2856824663,-597550.434239084,1729694.4257216912,1
1185.299999999212,phase0-forces,A,nominal,Kerbin,3531599999999.9995,600000.0,2630.0,0.0,0.0,340.0,1389742.1965646166,1228.0304095911895,2.131701330654323e-05,1781556.1926390468,10042.939820893624,886019.5712392599,1068.6182510315125,12.245239953693643,604.9493983314077,2856939.285690673,-597550.4342391589,1729694.4257257571,1
1185.8199999992116,phase0-forces,A,nominal,Kerbin,3531599999999.9995,600000.0,2630.0,0.0,0.0,340.0,1390379.7268127303,1227.5673761949868,2.1288878997438587e-05,1782111.7661555845,10049.306736868932,886334.0912269203,1068.203064804859,12.242899100419763,604.7429097239317,2856939.2856938005,-597550.434239333,1729694.4257272338,1
1186.3599999992111,phase0-forces,A,nominal,Kerbin,3531599999999.9995,600000.0,2630.0,0.0,0.0,340.0,1391041.5229510257,1227.0868476947733,2.1258461856632493e-05,1782688.4794492505,10055.917246083292,886660.5945244206,1067.7721950003875,12.240469024930052,604.5286116368688,2856939.285698903,-597550.4342393987,1729694.425729752,1
1186.8599999992107,phase0-forces,A,nominal,Kerbin,3531599999999.9995,600000.0,2630.0,0.0,0.0,340.0,1391654.066095741,1226.6421986544399,2.123222111549694e-05,1783222.2658517477,10062.036918101936,886962.8092424828,1067.3735001493683,12.238219690836154,604.3303075946826,2856939.2856982946,-597550.4342393326,1729694.425729481,1
1187.3999999992102,phase0-forces,A,nominal,Kerbin,3531599999999.9995,600000.0,2630.0,0.0,0.0,340.0,1392315.363309177,1226.1622848145541,2.1204066797508858e-05,1783798.5313316723,10068.644900855546,887289.0898047871,1066.9431886997313,12.23579120413403,604.1162687782096,2856939.2856962085,-597550.4342394448,1729694.4257283818,1
1187.9199999992097,phase0-forces,A,nominal,Kerbin,3531599999999.9995,600000.0,2630.0,0.0,0.0,340.0,1392951.9234251943,1225.70044659732,2.1173649656702764e-05,1784353.2340993565,10075.00690428714,887603.1766950975,1066.5290881666986,12.23345344010899,603.9102843139112,2856939.2857022155,-597550.4342393882,1729694.4257314135,1
1188.4199999992093,phase0-forces,A,nominal,Kerbin,3531599999999.9995,600000.0,2630.0,0.0,0.0,340.0,1393563.7742813267,1225.2566495436492,2.114738163072616e-05,1784886.3991414218,10081.123069060557,887905.082339573,1066.1311672462866,12.231206310085417,603.7123396694815,2856939.2856883407,-597550.4342392292,1729694.4257245557,1
1188.9399999992088,phase0-forces,A,nominal,Kerbin,3531599999999.9995,600000.0,2630.0,0.0,0.0,340.0,1394199.8640939924,1224.7953895206147,2.1119187294971198e-05,1785440.6797962906,10087.48268873824,888218.9592516379,1065.71759193065,12.228870043083,603.5065991171593,2856939.285701565,-597550.4342393335,1729694.4257311157,1
1189.4599999992083,phase0-forces,A,nominal,Kerbin,3531599999999.9995,600000.0,2630.0,0.0,0.0,340.0,1394835.714367474,1224.3344236795342,2.1091300368425436e-05,1785994.7454598485,10093.84109375002,888532.7292102275,1065.304283837757,12.226534538375034,603.3009826751509,2856939.2857008167,-597550.4342392457,1729694.4257307856,1
1189.9799999992078,phase0-forces,A,nominal,Kerbin,3531599999999.9995,600000.0,2630.0,0.0,0.0,340.0,1395471.325256394,1223.8737516294962,2.1062491214252077e-05,1786548.596272802,10100.198284503082,888846.3922809182,1064.8912426122936,12.224199795363795,603.0954901793464,2856939.2856958346,-597550.4342392422,1729694.4257282962,1
1190.4999999992074,phase0-forces,A,nominal,Kerbin,3531599999999.9995,600000.0,2630.0,0.0,0.0,340.0,1396106.6969137795,1223.4133729789557,2.1036103134974837e-05,1787102.2323747552,10106.554261388701,889159.9485279168,1064.4784678952124,12.221865813504767,602.8901214709389,2856939.2856856836,-597550.4342391046,1729694.4257232896,1
1191.019999999207,phase0-forces,A,nominal,Kerbin,3531599999999.9995,600000.0,2630.0,0.0,0.0,340.0,1396741.8294896493,1222.9532873413937,2.1007001123507507e-05,1787655.6539020236,10112.909024798455,889473.3980152844,1064.0659593343112,12.219532592135339,602.6848763892316,2856939.285679929,-597550.4342390205,1729694.4257204542,1
1191.5399999992064,phase0-forces,A,nominal,Kerbin,3531599999999.9995,600000.0,2630.0,0.0,0.0,340.0,1397376.723136078,1222.4934943297792,2.09780137083726e-05,1788208.8609935215,10119.262575127812,889786.7408064725,1063.6537165772197,12.217200130721537,602.4797547727787,2856939.2856895477,-597550.4342391245,1729694.4257252116,1
1192.059999999206,phase0-forces,A,nominal,Kerbin,3531599999999.9995,600000.0,2630.0,0.0,0.0,340.0,1398011.3780056648,1222.0339935477753,2.0950417820131406e-05,1788761.8537878464,10125.614912780013,890099.9769667457,1063.2417392596944,12.214868428635883,602.2747564622106,2856939.285685341,-597550.4342391308,1729694.425723105,1
1192.5399999992055,phase0-forces,A,nominal,Kerbin,3531599999999.9995,600000.0,2630.0,0.0,0.0,340.0,1398597.001468347,1221.6100980257006,2.0924895579810254e-05,1789272.1185895852,10131.477533066822,890389.0234494142,1062.8616878027522,12.21271676170457,602.085636557413,2856939.285693563,-597550.4342392385,1729694.4257271623,1
1193.079999999205,phase0-forces,A,nominal,Kerbin,3531599999999.9995,600000.0,2630.0,0.0,0.0,340.0,1399255.584974942,1221.1335124210777,2.0897452486678958e-05,1789845.948507601,10138.071746576983,890714.0922684928,1062.4343995501622,12.210296908574568,601.8730019362301,2856939.285685493,-597550.4342388464,1729694.4257233234,1
1193.5999999992046,phase0-forces,A,nominal,Kerbin,3531599999999.9995,600000.0,2630.0,0.0,0.0,340.0,1399889.533586382,1220.6748748236141,2.086932181555312e-05,1790398.3074621614,10144.420495137196,891027.0130124015,1062.023206276231,12.207967451834355,601.6683678631407,2856939.285678558,-597550.4342389976,1729694.4257197801,1
1194.119999999204,phase0-forces,A,nominal,Kerbin,3531599999999.9995,600000.0,2630.0,0.0,0.0,340.0,1400523.2440187174,1220.2165279294634,2.0841374862357043e-05,1790950.4526640417,10150.768032573944,891339.827377856,1061.6122770455652,12.205638752040784,601.4638564710431,2856939.2856811523,-597550.4342387681,1729694.425721192,1
1194.6199999992036,phase0-forces,A,nominal,Kerbin,3531599999999.9995,600000.0,2630.0,0.0,0.0,340.0,1401132.3565016994,1219.7760835498416,2.0813909941352904e-05,1791481.160062709,10156.870292183694,891640.5101633072,1061.2174014672996,12.203400331000314,601.2673264393666,2856939.285697835,-597550.4342389426,1729694.425729446,1
1195.1399999992032,phase0-forces,A,nominal,Kerbin,3531599999999.9995,600000.0,2630.0,0.0,0.0,340.0,1401765.600175432,1219.318305755345,2.0787461835425347e-05,1792032.8863797572,10163.215455103877,891953.116049693,1060.80698914888,12.201073114366574,601.0630552095433,2856939.285690214,-597550.4342394694,1729694.4257253723,1
1195.6799999992027,phase0-forces,A,nominal,Kerbin,3531599999999.9995,600000.0,2630.0,0.0,0.0,340.0,1402422.9477543721,1218.843227600396,2.0758030586875975e-05,1792605.6071301815,10169.80338209974,892277.6328463648,1060.3810701059008,12.19865718881116,600.8510567446856,2856939.2856895677,-597550.4342395997,1729694.425724984,1
1196.2199999992022,phase0-forces,A,nominal,Kerbin,3531599999999.9995,600000.0,2630.0,0.0,0.0,340.0,1403080.03913045,1218.3684612786326,2.073016730719246e-05,1793178.0979608675,10176.390004714034,892602.0351997656,1059.9554342925398,12.19624207706702,600.6391898897152,2856939.285680232,-597550.4342397709,1729694.4257202307,1
1196.7399999992017,phase0-forces,A,nominal,Kerbin,3531599999999.9995,600000.0,2630.0,0.0,0.0,340.0,1403712.551799749,1217.9115732252428,2.0701767425634898e-05,1793729.168265402,10182.73144594287,892914.3145532337,1059.545830096678,12.193917182470436,600.4352941862049,2856939.285690125,-597550.4342396689,1729694.4257252282,1
1197.2599999992012,phase0-forces,A,nominal,Kerbin,3531599999999.9995,600000.0,2630.0,0.0,0.0,340.0,1404344.8271992547,1217.4549735566325,2.067460627586115e-05,1794280.025644788,10189.071678428158,893226.4879138325,1059.1364878301408,12.191593041265582,600.2315202017725,2856939.2856991882,-597550.4342398518,1729694.4257296682,1
1197.7799999992008,phase0-forces,A,nominal,Kerbin,3531599999999.9995,600000.0,2630.0,0.0,0.0,340.0,1404976.8654754902,1216.9986618912362,2.064840191451367e-05,1794830.6702332813,10195.41070255486,893538.555341894,1058.7274071404318,12.18926965294419,600.0278677862268,2856939.285695873,-597550.434239637,1729694.425728118,1
1198.2999999992003,phase0-forces,A,nominal,Kerbin,3531599999999.9995,600000.0,2630.0,0.0,0.0,340.0,1405608.6667800846,1216.5426378535747,2.0620502255042084e-05,1795381.1021684597,10201.74851871317,893850.5169025282,1058.3185876883342,12.18694701688184,599.8243367782864,2856939.2857043073,-597550.4342396654,1729694.4257323209,1
1198.8199999991998,phase0-forces,A,nominal,Kerbin,3531599999999.9995,600000.0,2630.0,0.0,0.0,340.0,1406240.231260938,1216.0869010591566,2.059362486761529e-05,1795931.3215846568,10208.085127295466,894162.3726589957,1057.9100291201921,12.184625132527083,599.620927023863,2856939.2857008353,-597550.4342395774,1729694.425730629,1
1199.3399999991993,phase0-forces,A,nominal,Kerbin,3531599999999.9995,600000.0,2630.0,0.0,0.0,340.0,1406871.559068075,1215.6314511280123,2.056750417978037e-05,1796481.3286188794,10214.420528698498,894474.1226739511,1057.5017310904655,12.182303999263535,599.4176383637165,2856939.2856819695,-597550.4342395758,1729694.425721197,1
1199.8599999991989,phase0-forces,A,nominal,Kerbin,3531599999999.9995,600000.0,2630.0,0.0,0.0,340.0,1407502.650349024,1215.176287690496,2.0539471734082326e-05,1797031.1234055227,10220.754723303926,894785.7670096944,1057.0936932595491,12.179983616499573,599.2144706490686,2856939.2856787085,-597550.4342393872,1729694.4257196607,1
1200.3599999991984,phase0-forces,A,nominal,Kerbin,3531599999999.9995,600000.0,2630.0,0.0,0.0,340.0,1408109.2459711947,1214.7389003626072,2.051344381470699e-05,1797559.5722046443,10226.844157336487,895085.3254238046,1056.701594251347,12.177753186429188,599.0192309835702,2856939.285680968,-597550.434239537,1729694.4257207154,1
1200.879999999198,phase0-forces,A,nominal,Kerbin,3531599999999.9995,600000.0,2630.0,0.0,0.0,340.0,1408739.8737299312,1214.2842977893204,2.048621536232531e-05,1798108.9510534566,10233.175985903266,895396.7626495077,1056.2940658065575,12.17543427410313,598.8163000451739,2856939.285676069,-597550.4342396916,1729694.4257181888,1
1201.3999999991975,phase0-forces,A,nominal,Kerbin,3531599999999.9995,600000.0,2630.0,0.0,0.0,340.0,1409370.2654018584,1213.829980589701,2.0460256564547308e-05,1798658.118054348,10239.506608832151,895708.0943827261,1055.8867965361196,12.173116110594034,598.6134895934467,2856939.285664816,-597550.4342394689,1729694.4257126735,1
1201.919999999197,phase0-forces,A,nominal,Kerbin,3531599999999.9995,600000.0,2630.0,0.0,0.0,340.0,1410000.42113508,1213.3759483902302,2.043298263743054e-05,1799207.073342461,10245.836026507784,896019.3206855387,1055.4797861045809,12.17079869526821,598.4107994644131,2856939.285657377,-597550.4342397179,1729694.4257088297,1
1202.4399999991965,phase0-forces,A,nominal,Kerbin,3531599999999.9995,600000.0,2630.0,0.0,0.0,340.0,1410630.3410769696,1212.9222008186023,2.0405052055139095e-05,1799755.8170515597,10252.164239318126,896330.4416211549,1055.0730341667347,12.168482027563254,598.2082295137595,2856939.2856575237,-597550.4342397137,1729694.4257089049,1
1202.959999999196,phase0-forces,A,nominal,Kerbin,3531599999999.9995,600000.0,2630.0,0.0,0.0,340.0,1411260.0253763327,1212.4687374970142,2.0379286070237868e-05,1800304.349317613,10258.491247659833,896641.4572515672,1054.66654038231,12.166166106860993,598.005779577316,2856939.285654486,-597550.4342401183,1729694.425707184,1
1203.4799999991956,phase0-forces,A,nominal,Kerbin,3531599999999.9995,600000.0,2630.0,0.0,0.0,340.0,1411889.474180006,1212.0155580575984,2.0352208593976684e-05,1800852.6702743554,10264.81705191514,896952.3676388366,1054.2603044101663,12.163850932649764,597.803449512583,2856939.2856658455,-597550.4342401881,1729694.4257128288,1
1203.999999999195,phase0-forces,A,nominal,Kerbin,3531599999999.9995,600000.0,2630.0,0.0,0.0,340.0,1412518.6876342408,1211.562662125269,2.03248746402096e-05,1801400.78005443,10271.141652476064,897263.1728459015,1053.8543259093485,12.16153650426029,597.6012391620997,2856939.285678208,-597550.434240191,1729694.4257190083,1
1204.4799999991947,phase0-forces,A,nominal,Kerbin,3531599999999.9995,600000.0,2630.0,0.0,0.0,340.0,1413099.2912907726,1211.144855651761,2.0301058611948974e-05,1801906.5402254378,10276.978677268366,897549.9766572728,1053.4798047522509,12.15940077034272,597.4146895781776,2856939.2856822163,-597550.4342398932,1729694.4257211615,1
1204.9999999991942,phase0-forces,A,nominal,Kerbin,3531599999999.9995,600000.0,2630.0,0.0,0.0,340.0,1413728.0525638398,1210.6925038771687,2.0274428607081063e-05,1802454.2442739527,10283.300964119879,897860.5797687359,1053.0743204328217,12.157087774698896,597.2127090125908,2856939.2856801907,-597550.4342399902,1729694.4257201003,1
1205.5199999991937,phase0-forces,A,nominal,Kerbin,3531599999999.9995,600000.0,2630.0,0.0,0.0,340.0,1414356.5789191793,1210.2404345239077,2.024783861998003e-05,1803001.737539244,10289.622048405881,898171.077881908,1052.669092591857,12.154775523222488,597.0108477158799,2856939.285679806,-597550.4342398248,1729694.4257199906,1
1206.0399999991932,phase0-forces,A,nominal,Kerbin,3531599999999.9995,600000.0,2630.0,0.0,0.0,340.0,1414984.8705001182,1209.7886472276293,2.0220524675096385e-05,1803549.020151515,10295.941930509296,898481.4710580579,1052.264120901722,12.152464015329429,596.8091055288448,2856939.2856939742,-597550.4342402173,1729694.4257268785,1
1206.5599999991928,phase0-forces,A,nominal,Kerbin,3531599999999.9995,600000.0,2630.0,0.0,0.0,340.0,1415612.9274535882,1209.3371416121727,2.0195151591906324e-05,1804096.092244884,10302.260610825013,898791.7593586792,1051.8594050140296,12.150153250452922,596.607482304926,2856939.2856946774,-597550.4342403992,1729694.425727139,1
1207.0799999991923,phase0-forces,A,nominal,Kerbin,3531599999999.9995,600000.0,2630.0,0.0,0.0,340.0,1416240.749926281,1208.8859173102196,2.0169061826891266e-05,1804642.95395257,10308.578089736251,899101.9428465281,1051.454944593856,12.147843227989892,596.4059778917465,2856939.2856856994,-597550.4342404807,1729694.4257226093,1
1207.5999999991918,phase0-forces,A,nominal,Kerbin,3531599999999.9995,600000.0,2630.0,0.0,0.0,340.0,1416868.3380625006,1208.4349739552597,2.0142928406130522e-05,1805189.6054062129,10314.894367623365,899412.0215821778,1051.0507393066296,12.145533947360576,596.204592137942,2856939.2856681347,-597550.4342404783,1729694.425713828,1
1208.1199999991914,phase0-forces,A,nominal,Kerbin,3531599999999.9995,600000.0,2630.0,0.0,0.0,340.0,1417495.6920101405,1207.9843111869063,2.0114854123676196e-05,1805736.0467404518,10321.209444883994,899721.9956282245,1050.646788823783,12.143225408046533,596.0033248939701,2856939.2856741073,-597550.4342404946,1729694.4257168062,1
1208.6399999991909,phase0-forces,A,nominal,Kerbin,3531599999999.9995,600000.0,2630.0,0.0,0.0,340.0,1418122.8119131303,1207.5339286349497,2.0088968085474335e-05,1806282.2780860262,10327.523321893883,900031.8650462056,1050.2430928053477,12.140917609417592,595.8021760104732,2856939.285682414,-597550.4342402653,1729694.4257210745,1
1209.1599999991904,phase0-forces,A,nominal,Kerbin,3531599999999.9995,600000.0,2630.0,0.0,0.0,340.0,1418749.6979184244,1207.083825931271,2.0063493138877675e-05,1806828.2995769628,10333.835999047395,900341.6298978378,1049.8396509187987,12.138610550867172,595.6011453292076,2856939.2856864203,-597550.434240327,1729694.4257230465,1
1209.67999999919,phase0-forces,A,nominal,Kerbin,3531599999999.9995,600000.0,2630.0,0.0,0.0,340.0,1419376.3501689204,1206.6340027142603,2.0036459318362176e-05,1807374.11134342,10340.147476716034,900651.2902435064,1049.4364628308495,12.136304231841617,595.4002327064586,2856939.2856932213,-597550.434240228,1729694.4257264966,1
1210.1999999991895,phase0-forces,A,nominal,Kerbin,3531599999999.9995,600000.0,2630.0,0.0,0.0,340.0,1420002.7688102177,1206.1844586131165,2.0011841115774587e-05,1807919.7135180435,10346.457755287975,900960.8461446587,1049.0335282064873,12.133998651791034,595.1994379829202,2856939.285677251,-597550.4342404992,1729694.425718376,1
1210.719999999189,phase0-forces,A,nominal,Kerbin,3531599999999.9995,600000.0,2630.0,0.0,0.0,340.0,1420628.9539877502,1205.735193276262,1.998415609705262e-05,1808465.1062322834,10352.76683515687,901270.2976647697,1048.6308467194817,12.131693810122892,594.9987610227647,2856939.2856879407,-597550.4342404695,1729694.4257237355,1
1211.2799999991885,phase0-forces,A,nominal,Kerbin,3531599999999.9995,600000.0,2630.0,0.0,0.0,340.0,1421303.0463290436,1205.2516803947844,1.9957607946707867e-05,1809052.2181356503,10359.559888734359,901603.4364821748,1048.1974724397044,12.129212498029709,594.782778894652,2856939.285686207,-597550.4342402234,1729694.4257229918,1
1211.799999999188,phase0-forces,A,nominal,Kerbin,3531599999999.9995,600000.0,2630.0,0.0,0.0,340.0,1421928.7470800518,1204.8029928564424,1.9931612769141793e-05,1809597.17623656,10365.866480196288,901912.6714031084,1047.795315631856,12.126909188077788,594.5823460289787,2856939.285685756,-597550.4342400531,1729694.4257228514,1
1212.2999999991875,phase0-forces,A,nominal,Kerbin,3531599999999.9995,600000.0,2630.0,0.0,0.0,340.0,1422530.1626678754,1204.3718243685023,1.990660348383244e-05,1810120.97726068,10371.929381121103,902209.9144118826,1047.408864158388,12.124695161652236,594.3897327363477,2856939.2856947877,-597550.4342401037,1729694.425727342,1
1212.819999999187,phase0-forces,A,nominal,Kerbin,3531599999999.9995,600000.0,2630.0,0.0,0.0,340.0,1423155.4064763193,1203.9236810963832,1.9880882973666303e-05,1810665.5254140361,10378.233623944756,902518.945007982,1047.0072015747132,12.122393296090692,594.1895298102522,2856939.2856802307,-597550.4342400843,1729694.4257200733,1
1213.3399999991866,phase0-forces,A,nominal,Kerbin,3531599999999.9995,600000.0,2630.0,0.0,0.0,340.0,1423780.4175467722,1203.4758147610476,1.9855058781104162e-05,1811209.8647686825,10384.536669995736,902827.8715284263,1046.6057904613644,12.120092165994208,593.9894438905438,2856939.285663278,-597550.4342399631,1729694.4257116574,1
1213.8599999991861,phase0-forces,A,nominal,Kerbin,3531599999999.9995,600000.0,2630.0,0.0,0.0,340.0,1424405.1960231962,1203.02822500456,1.982874164241366e-05,1811753.9954551752,10390.838519648361,903136.6940351743,1046.2046304929584,12.117791770783997,593.7894748269919,2856939.285651762,-597550.4342400453,1729694.4257058583,1
1214.3799999991857,phase0-forces,A,nominal,Kerbin,3531599999999.9995,600000.0,2630.0,0.0,0.0,340.0,1425029.7420478566,1202.5809114693395,1.980335764528718e-05,1812297.9176029619,10397.139173282567,903445.4125886012,1045.8037213423836,12.11549210995411,593.5896224731216,2856939.2856451864,-597550.4342402457,1729694.4257024704,1
1214.8999999991852,phase0-forces,A,nominal,Kerbin,3531599999999.9995,600000.0,2630.0,0.0,0.0,340.0,1425654.0557646756,1202.1338737983472,1.977747342607472e-05,1812841.6313434534,10403.438631284302,903754.0272488592,1045.403062678884,12.113193182876586,593.389886689977,2856939.285649402,-597550.4342398185,1729694.425704792,1
1215.4199999991847,phase0-forces,A,nominal,Kerbin,3531599999999.9995,600000.0,2630.0,0.0,0.0,340.0,1426278.1373164826,1201.6871116329462,1.9750666979234666e-05,1813385.1368065022,10409.736894037533,904062.538076772,1045.0026541809734,12.110894988982478,593.1902673190277,2856939.2856604867,-597550.4342396933,1729694.4257103966,1
1215.9399999991842,phase0-forces,A,nominal,Kerbin,3531599999999.9995,600000.0,2630.0,0.0,0.0,340.0,1426901.9868457504,1201.240624610414,1.9726354366866872e-05,1813928.4341218993,10416.033961914187,904370.9451324871,1044.6024955153007,12.108597527750128,592.9907642143634,2856939.2856510296,-597550.4342395298,1729694.4257057498,1
1216.4599999991838,phase0-forces,A,nominal,Kerbin,3531599999999.9995,600000.0,2630.0,0.0,0.0,340.0,1427525.604495887,1200.7944123814252,1.970018092833925e-05,1814471.5234199543,10422.329835306764,904679.2484772084,1044.2025863621197,12.106300798527272,592.7913772332454,2856939.2856515166,-597550.4342392527,1729694.4257061318,1
1216.9599999991833,phase0-forces,A,nominal,Kerbin,3531599999999.9995,600000.0,2630.0,0.0,0.0,340.0,1428125.0183108812,1200.3656209741587,1.967536263691727e-05,1814993.5286181895,10428.382433616633,904975.5962524206,1043.818293335067,12.104093094844245,592.599768347995,2856939.285661474,-597550.4342395659,1729694.425710954,1
1217.4799999991828,phase0-forces,A,nominal,Kerbin,3531599999999.9995,600000.0,2630.0,0.0,0.0,340.0,1428748.1815337702,1199.9199467288065,1.9650824469863437e-05,1815536.2102584508,10434.67596507726,905283.696337488,1043.4188726682128,12.101797799953872,592.4006087163204,2856939.285665369,-597550.4342394236,1729694.4257129729,1
1217.9999999991824,phase0-forces,A,nominal,Kerbin,3531599999999.9995,600000.0,2630.0,0.0,0.0,340.0,1429371.1132979912,1199.474546222893,1.962542773981113e-05,1816078.6842635772,10440.968303169195,905591.6928907281,1043.0197005541286,12.099503235387914,592.2015647683208,2856939.2856617896,-597550.4342396483,1729694.4257110707,1
1218.5399999991819,phase0-forces,A,nominal,Kerbin,3531599999999.9995,600000.0,2630.0,0.0,0.0,340.0,1430017.7591480429,1199.012304286091,1.9599176084739156e-05,1816641.8030279058,10447.50139158921,905911.4259477215,1042.6054383948995,12.097121190783001,591.9949875782027,2856939.28566647,-597550.4342396413,1729694.4257134143,1
1219.0399999991814,phase0-forces,A,nominal,Kerbin,3531599999999.9995,600000.0,2630.0,0.0,0.0,340.0,1430616.2830222498,1198.5845650220783,1.95747288671555e-05,1817163.009891132,10453.549400796706,906207.3756394978,1042.222100690113,12.094916295051293,591.8038233587783,2856939.285666419,-597550.434239653,1729694.4257133831,1
1219.559999999181,phase0-forces,A,nominal,Kerbin,3531599999999.9995,600000.0,2630.0,0.0,0.0,340.0,1431238.5212624096,1198.1399836280943,1.9547742340364493e-05,1817704.8617685174,10459.838161077725,906515.0619537662,1041.823672302547,12.092623918120417,591.6051256075627,2856939.2856890066,-597550.4342395781,1729694.4257247143,1
1220.0799999991805,phase0-forces,A,nominal,Kerbin,3531599999999.9995,600000.0,2630.0,0.0,0.0,340.0,1431860.5286111631,1197.6956745629284,1.9523569790180773e-05,1818246.5065273426,10466.125729518535,906822.6449760523,1041.42549117751,12.09033226930388,591.4065429618179,2856939.285702116,-597550.4342395496,1729694.4257312831,1
1220.59999999918,phase0-forces,A,nominal,Kerbin,3531599999999.9995,600000.0,2630.0,0.0,0.0,340.0,1432482.3052096167,1197.2516374743682,1.94992680917494e-05,1818787.9442966443,10472.412106481106,907130.1247649404,1041.0275569932317,12.088041348010067,591.208075276487,2856939.2856997605,-597550.4342394801,1729694.4257301402,1
1221.1199999991795,phase0-forces,A,nominal,Kerbin,3531599999999.9995,600000.0,2630.0,0.0,0.0,340.0,1433103.8511987652,1196.8078720174717,1.9474133296171203e-05,1819329.1752047297,10478.697292358378,907437.5013802242,1040.6298694356137,12.085751153614495,591.0097224077276,2856939.2857037354,-597550.4342395111,1729694.4257321123,1
1221.639999999179,phase0-forces,A,nominal,Kerbin,3531599999999.9995,600000.0,2630.0,0.0,0.0,340.0,1433725.1667203896,1196.3643778377227,1.94490985450102e-05,1819870.1993805442,10484.981287527256,907744.7748821777,1040.2324281780627,12.08346168558581,590.8114842143013,2856939.2856953656,-597550.4342392172,1729694.4257280743,1
1222.1599999991786,phase0-forces,A,nominal,Kerbin,3531599999999.9995,600000.0,2630.0,0.0,0.0,340.0,1434346.2519128022,1195.9211545960034,1.9423219782765955e-05,1820411.0169494487,10491.26409235691,908051.945330489,1039.835232914911,12.081172943396943,590.6133605493039,2856939.2857089564,-597550.434239278,1729694.4257348392,1
1222.679999999178,phase0-forces,A,nominal,Kerbin,3531599999999.9995,600000.0,2630.0,0.0,0.0,340.0,1434967.106916598,1195.4782019332126,1.9399078155402094e-05,1820951.6280401112,10497.54570722807,908359.0127833276,1039.4382833130292,12.078884926473402,590.415351273714,2856939.2856993005,-597550.4342388194,1729694.4257302405,1
1223.1999999991776,phase0-forces,A,nominal,Kerbin,3531599999999.9995,600000.0,2630.0,0.0,0.0,340.0,1435587.731872637,1195.0355195086756,1.9372930182726122e-05,1821492.0327801602,10503.826132522057,908665.9773015403,1039.041579067293,12.076597634223159,590.2174562365108,2856939.2856979487,-597550.4342388122,1729694.425729568,1
1223.7199999991772,phase0-forces,A,nominal,Kerbin,3531599999999.9995,600000.0,2630.0,0.0,0.0,340.0,1436208.1269218687,1194.593106971698,1.934969077410642e-05,1822032.2312983377,10510.105368609464,908972.8389439409,1038.6451198546251,12.074311066066521,590.0196752979905,2856939.2856914545,-597550.4342387734,1729694.4257263406,1
1224.2399999991767,phase0-forces,A,nominal,Kerbin,3531599999999.9995,600000.0,2630.0,0.0,0.0,340.0,1436828.2922039279,1194.1509639773176,1.932387203851249e-05,1822572.2237218425,10516.38341587014,909279.5977694857,1038.2489053606143,12.072025221476036,589.8220083147925,2856939.2856839914,-597550.4342387797,1729694.4257226058,1
1224.7599999991762,phase0-forces,A,nominal,Kerbin,3531599999999.9995,600000.0,2630.0,0.0,0.0,340.0,1437448.2278587823,1193.709090179604,1.9300328858662397e-05,1823112.0101780477,10522.660274680462,909586.2538375314,1037.852935268584,12.069740099865212,589.6244551455818,2856939.2856759913,-597550.4342387082,1729694.4257186416,1
1225.2799999991757,phase0-forces,A,nominal,Kerbin,3531599999999.9995,600000.0,2630.0,0.0,0.0,340.0,1438067.93402588,1193.2674852318316,1.9275581507827155e-05,1823651.590793557,10528.935945421474,909892.8072078084,1037.4572092616213,12.067455700662183,589.4270156478244,2856939.2856603656,-597550.4342385421,1729694.4257109116,1
1225.7999999991753,phase0-forces,A,nominal,Kerbin,3531599999999.9995,600000.0,2630.0,0.0,0.0,340.0,1438687.4108441323,1192.8261487967725,1.925052492879331e-05,1824190.9656943628,10535.21042845991,910199.2579400664,1037.061727033627,12.065172023361916,589.229689679176,2856939.2856647153,-597550.4342386223,1729694.4257130465,1
1226.3199999991748,phase0-forces,A,nominal,Kerbin,3531599999999.9995,600000.0,2630.0,0.0,0.0,340.0,1439306.6584519593,1192.385080521825,1.9225975847803056e-05,1824730.135007257,10541.483724170203,910505.6060913553,1036.666488260551,12.062889067331668,589.0324770977619,2856939.2856506445,-597550.4342385315,1729694.4257060564,1
1226.8399999991743,phase0-forces,A,nominal,Kerbin,3531599999999.9995,600000.0,2630.0,0.0,0.0,340.0,1439925.6769903814,1191.94428007386,1.920000067912042e-05,1825269.098860011,10547.755832937659,910811.8517225821,1036.2714926391384,12.060606832038566,588.8353777645223,2856939.285665653,-597550.4342384888,1729694.4257135822,1
1227.3599999991739,phase0-forces,A,nominal,Kerbin,3531599999999.9995,600000.0,2630.0,0.0,0.0,340.0,1440544.4665980951,1191.5037471004764,1.917642293847166e-05,1825807.857378969,10554.026755128692,911117.9948923058,1035.8767398486332,12.058325316896838,588.6383915321827,2856939.2856684285,-597550.4342386129,1729694.4257149077,1
1227.8799999991734,phase0-forces,A,nominal,Kerbin,3531599999999.9995,600000.0,2630.0,0.0,0.0,340.0,1441163.0274101025,1191.0634812654912,1.9152130334987305e-05,1826346.4106876187,10560.296491113017,911424.0356565358,1035.4822295822573,12.056044521345424,588.441518261694,2856939.2856726395,-597550.4342388934,1729694.425716873,1
1228.399999999173,phase0-forces,A,nominal,Kerbin,3531599999999.9995,600000.0,2630.0,0.0,0.0,340.0,1441781.359567708,1190.6234822241186,1.9127202904201113e-05,1826884.758914218,10566.565041269627,911729.9740758373,1035.0879615222134,12.05376444487644,588.2447578159807,2856939.285671644,-597550.4342388974,1729694.4257163734,1
1228.9199999991724,phase0-forces,A,nominal,Kerbin,3531599999999.9995,600000.0,2630.0,0.0,0.0,340.0,1442399.4632096926,1190.1837496367446,1.9102673832094297e-05,1827422.9021845807,10572.832405976173,912035.8102100161,1034.693935359629,12.051485086904263,588.0481100527279,2856939.285671295,-597550.4342388475,1729694.425716224,1
1229.439999999172,phase0-forces,A,nominal,Kerbin,3531599999999.9995,600000.0,2630.0,0.0,0.0,340.0,1443017.338472464,1189.7442831653989,1.9078433979302645e-05,1827960.8406229916,10579.098585596399,912341.5441166281,1034.3001507878462,12.049206446765261,587.8515748290472,2856939.285674654,-597550.4342390436,1729694.4257178053,1
1229.9599999991715,phase0-forces,A,nominal,Kerbin,3531599999999.9995,600000.0,2630.0,0.0,0.0,340.0,1443634.9854957769,1189.3050824661234,1.9054807125939988e-05,1828498.574357221,10585.363580513314,912647.1758537382,1033.9066074924622,12.046928524046725,587.6551520035512,2856939.28566869,-597550.4342393655,1729694.4257146623,1
1230.479999999171,phase0-forces,A,nominal,Kerbin,3531599999999.9995,600000.0,2630.0,0.0,0.0,340.0,1444252.4044170517,1188.866147204824,1.9029603208764456e-05,1829036.1035116264,10591.627391106449,912952.705481019,1033.5133051652833,12.044651318102,587.4588414438917,2856939.2856726106,-597550.4342393987,1729694.425716606,1
1230.9999999991705,phase0-forces,A,nominal,Kerbin,3531599999999.9995,600000.0,2630.0,0.0,0.0,340.0,1444869.5953747164,1188.4274770361103,1.9006902221008204e-05,1829573.4282128236,10597.890017737798,913258.1330558767,1033.1202434929091,12.042374828386816,587.2626430040134,2856939.2856571493,-597550.434239366,1729694.4257088916,1
1231.51999999917,phase0-forces,A,nominal,Kerbin,3531599999999.9995,600000.0,2630.0,0.0,0.0,340.0,1445486.5585027987,1187.9890716309626,1.8981523680849932e-05,1830110.54858247,10604.151460774327,913563.4586357921,1032.7274221764378,12.040099054383928,587.0665565454793,2856939.2856503967,-597550.434239561,1729694.4257054178,1
1232.0399999991696,phase0-forces,A,nominal,Kerbin,3531599999999.9995,600000.0,2630.0,0.0,0.0,340.0,1446103.2939419833,1187.550930655081,1.8955879568238743e-05,1830647.464748676,10610.41172059701,913868.6822802273,1032.334840907405,12.03782399548774,586.8705819359881,2856939.2856700514,-597550.4342394767,1729694.4257152872,1
1232.5599999991691,phase0-forces,A,nominal,Kerbin,3531599999999.9995,600000.0,2630.0,0.0,0.0,340.0,1446719.8018279113,1187.1130537621207,1.8933094906969927e-05,1831184.1768350431,10616.670797573039,914173.8040463782,1031.942499372973,12.035549651169086,586.6747190265515,2856939.2856732914,-597550.434239587,1729694.425716852,1
1233.0799999991686,phase0-forces,A,nominal,Kerbin,3531599999999.9995,600000.0,2630.0,0.0,0.0,340.0,1447336.082297248,1186.6754406192856,1.8909133359557018e-05,1831720.6849655686,10622.928692074063,914478.8239929428,1031.5503972670977,12.033276020868268,586.4789676836451,2856939.285670311,-597550.4342396084,1729694.4257153515,1
1233.5999999991682,phase0-forces,A,nominal,Kerbin,3531599999999.9995,600000.0,2630.0,0.0,0.0,340.0,1447952.1354873248,1186.238090893196,1.8885013560066e-05,1832256.9892648915,10629.185404475606,914783.7421788203,1031.1585342859532,12.031003103993891,586.2833277686567,2856939.2856712146,-597550.4342396518,1729694.4257157815,1
1234.1199999991677,phase0-forces,A,nominal,Kerbin,3531599999999.9995,600000.0,2630.0,0.0,0.0,340.0,1448567.9615354256,1185.8010042495366,1.8859973351936787e-05,1832793.0898586127,10635.440935149925,915088.5586608781,1030.7669101240876,12.028730900019696,586.0877991439384,2856939.2856782395,-597550.4342396255,1729694.425719307,1
1234.6399999991672,phase0-forces,A,nominal,Kerbin,3531599999999.9995,600000.0,2630.0,0.0,0.0,340.0,1449183.560576765,1185.3641803474015,1.8837503375834785e-05,1833328.9868698425,10641.695284462097,915393.2734963356,1030.3755244720655,12.026459408410178,585.8923816655076,2856939.2856603884,-597550.4342397751,1729694.4257103067,1
1235.1599999991668,phase0-forces,A,nominal,Kerbin,3531599999999.9995,600000.0,2630.0,0.0,0.0,340.0,1449798.932747769,1184.9276188651913,1.8812705093296245e-05,1833864.680422334,10647.948452784258,915697.8867438379,1029.9843770328193,12.024188628567885,585.6970752066902,2856939.285663962,-597550.4342396418,1729694.42571216,1
1235.6799999991663,phase0-forces,A,nominal,Kerbin,3531599999999.9995,600000.0,2630.0,0.0,0.0,340.0,1450414.0781846903,1184.4913194644998,1.878867988125421e-05,1834400.1706403098,10654.200440488159,916002.3984606971,1029.5934675006633,12.021918559937006,585.5018796219617,2856939.2856684253,-597550.4342397037,1729694.4257143608,1
1236.2199999991658,phase0-forces,A,nominal,Kerbin,3531599999999.9995,600000.0,2630.0,0.0,0.0,340.0,1451052.6432252217,1184.038516357849,1.8764900232781656e-05,1834956.041553189,10660.691640046613,916318.5147656762,1029.1877744679268,12.019561933184885,585.2992937255146,2856939.28567833,-597550.4342395362,1729694.425719397,1
1236.7399999991653,phase0-forces,A,nominal,Kerbin,3531599999999.9995,600000.0,2630.0,0.0,0.0,340.0,1451667.3268930984,1183.6027501697715,1.8740778614301234e-05,1835491.1176629704,10666.941222238169,916622.8196951974,1028.7973489552646,12.017293312664572,585.1043237350957,2856939.285670015,-597550.4342393638,1729694.4257153256,1
1237.2599999991648,phase0-forces,A,nominal,Kerbin,3531599999999.9995,600000.0,2630.0,0.0,0.0,340.0,1452281.7842387448,1183.1672450582957,1.871682434284594e-05,1836025.9908133284,10673.189624932173,916927.0232681178,1028.4071604322648,12.015025401673713,584.9094642037178,2856939.2856694614,-597550.4342393532,1729694.4257150542,1
1237.7799999991644,phase0-forces,A,nominal,Kerbin,3531599999999.9995,600000.0,2630.0,0.0,0.0,340.0,1452896.015397838,1182.7320006899424,1.8693559468374588e-05,1836560.6611272073,10679.436848495368,917231.1255430199,1028.0172085937716,12.01275819967607,584.7147149948767,2856939.2856664597,-597550.4342394373,1729694.4257135112,1
1238.299999999164,phase0-forces,A,nominal,Kerbin,3531599999999.9995,600000.0,2630.0,0.0,0.0,340.0,1453510.0205050774,1182.2970167356857,1.86694560397882e-05,1837095.128726997,10685.68289330115,917535.1265774006,1027.627493137776,12.01049170610022,584.5200759755396,2856939.285661141,-597550.434239381,1729694.42571088,1
1238.8199999991634,phase0-forces,A,nominal,Kerbin,3531599999999.9995,600000.0,2630.0,0.0,0.0,340.0,1454123.7996959367,1181.8622928651248,1.8647029719431885e-05,1837629.3937365254,10691.927759711014,917839.0264276102,1027.2380137633124,12.008225920427291,584.3255470080516,2856939.2856494416,-597550.4342392274,1729694.4257051072,1
1239.339999999163,phase0-forces,A,nominal,Kerbin,3531599999999.9995,600000.0,2630.0,0.0,0.0,340.0,1454737.3531057374,1181.427828752348,1.8622775314725004e-05,1838163.4562788014,10698.171448100511,918142.8251512992,1026.8487701728432,12.005960842045173,584.1311279578119,2856939.2856437867,-597550.4342390023,1729694.4257023921,1
1239.8599999991625,phase0-forces,A,nominal,Kerbin,3531599999999.9995,600000.0,2630.0,0.0,0.0,340.0,1455350.680866988,1180.9936240684135,1.8599059330881573e-05,1838697.3164740857,10704.413958830404,918446.522805321,1026.459762069736,12.003696470475921,583.9368186824933,2856939.285633508,-597550.4342393016,1729694.4256971031,1
1240.379999999162,phase0-forces,A,nominal,Kerbin,3531599999999.9995,600000.0,2630.0,0.0,0.0,340.0,1455963.783117006,1180.5596784869672,1.857568531704601e-05,1839230.97444765,10710.655292273306,918750.1194472582,1026.0709891522276,12.001432805106619,583.7426190540184,2856939.2856315323,-597550.4342394889,1729694.4256960216,1
1240.8999999991615,phase0-forces,A,nominal,Kerbin,3531599999999.9995,600000.0,2630.0,0.0,0.0,340.0,1456576.6599888948,1180.1259916831445,1.855122172855772e-05,1839764.4303199314,10716.895448795027,919053.6151349371,1025.6824511231978,11.999169845435798,583.5485289391573,2856939.2856410225,-597550.4342395507,1729694.4257007358,1
1241.419999999161,phase0-forces,A,nominal,Kerbin,3531599999999.9995,600000.0,2630.0,0.0,0.0,340.0,1457189.311617542,1179.6925633266665,1.8528335203882307e-05,1840297.6842143117,10723.13442876303,919357.0099242846,1025.2941476815156,11.996907590872588,583.3545482007764,2856939.285646627,-597550.434239486,1729694.4257035705,1
1241.9399999991606,phase0-forces,A,nominal,Kerbin,3531599999999.9995,600000.0,2630.0,0.0,0.0,340.0,1457801.738134972,1179.2593930935511,1.850527769420296e-05,1840830.7362508974,10729.37223254096,919660.3038713732,1024.9060785325537,11.994646040909672,583.1606767030394,2856939.2856508517,-597550.4342394642,1729694.4257056937,1
1242.4399999991601,phase0-forces,A,nominal,Kerbin,3531599999999.9995,600000.0,2630.0,0.0,0.0,340.0,1458390.397621218,1178.8431263707955,1.8483930034562945e-05,1841343.0960386586,10735.36901192533,919951.8376209601,1024.5331557908257,11.992472137584073,582.9743646928157,2856939.2856429713,-597550.4342396025,1729694.4257016843,1
1242.9599999991597,phase0-forces,A,nominal,Kerbin,3531599999999.9995,600000.0,2630.0,0.0,0.0,340.0,1459002.3829661114,1178.4104615117249,1.8460148567100987e-05,1841875.7524795537,10741.604509622573,920254.9339289428,1024.1455453513934,11.990211968055336,582.7807070881247,2856939.285645634,-597550.4342393697,1729694.425703132,1
1243.4799999991592,phase0-forces,A,nominal,Kerbin,3531599999999.9995,600000.0,2630.0,0.0,0.0,340.0,1459614.1435951798,1177.9780538175057,1.8436092432239093e-05,1842408.207422481,10747.838832210406,920557.9295622973,1023.7581683302028,11.987952501483049,582.5871583271371,2856939.2856548284,-597550.4342392645,1729694.425707782,1
1243.9999999991587,phase0-forces,A,nominal,Kerbin,3531599999999.9995,600000.0,2630.0,0.0,0.0,340.0,1460225.6796451046,1177.545902956485,1.841473022068385e-05,1842940.4609918138,10754.071980068346,920860.8245789701,1023.3710244246911,11.98569373732074,582.393718272439,2856939.2856458444,-597550.4342392823,1729694.425703281,1
1244.5199999991582,phase0-forces,A,nominal,Kerbin,3531599999999.9995,600000.0,2630.0,0.0,0.0,340.0,1460836.9912454768,1177.1140086154649,1.8390097466181032e-05,1843472.5133050624,10760.303953546723,921163.6190347797,1022.9841133481987,11.983435674996874,582.2003867959827,2856939.285646261,-597550.4342393875,1729694.4257034368,1
1245.0399999991578,phase0-forces,A,nominal,Kerbin,3531599999999.9995,600000.0,2630.0,0.0,0.0,340.0,1461448.078531407,1176.6823704672083,1.8367823940934613e-05,1844004.3644851376,10766.53475301371,921466.3129870809,1022.5974347992696,11.981178314003083,582.0071637673284,2856939.285640512,-597550.4342391308,1729694.4257006906,1
1245.5599999991573,phase0-forces,A,nominal,Kerbin,3531599999999.9995,600000.0,2630.0,0.0,0.0,340.0,1462058.941634885,1176.250988196125,1.8342965631745756e-05,1844536.0146527304,10772.764378838068,921768.9064906902,1022.2109884924141,11.978921653749206,581.8140490515295,2856939.2856518934,-597550.4342388703,1729694.4257065116,1
1246.0999999991568,phase0-forces,A,nominal,Kerbin,3531599999999.9995,600000.0,2630.0,0.0,0.0,340.0,1462693.062333778,1175.8032847756567,1.832045745686628e-05,1845087.9002745822,10779.232363818091,922083.031949878,1021.8099243566826,11.976578939998243,581.6136213435076,2856939.2856496717,-597550.434238593,1729694.4257055393,1
1246.6199999991563,phase0-forces,A,nominal,Kerbin,3531599999999.9995,600000.0,2630.0,0.0,0.0,340.0,1463303.4688621562,1175.3724230931357,1.8297294445801526e-05,1845619.1410601507,10785.459598337684,922385.4208693078,1021.4239505490775,11.97432370652556,581.4207269992326,2856939.2856430234,-597550.4342386997,1729694.4257021619,1
1247.1399999991559,phase0-forces,A,nominal,Kerbin,3531599999999.9995,600000.0,2630.0,0.0,0.0,340.0,1463913.6516105824,1174.9418163138312,1.8274255126016214e-05,1846150.1811990696,10791.68566031536,922687.709511609,1021.0382080938796,11.97206917212609,581.2279405663686,2856939.285650321,-597550.4342387369,1729694.425705792,1
1247.6599999991554,phase0-forces,A,nominal,Kerbin,3531599999999.9995,600000.0,2630.0,0.0,0.0,340.0,1464523.6107126412,1174.5114641129069,1.825108120101504e-05,1846681.0208130986,10797.91055011673,922989.8979330186,1020.6526966958388,11.969815336323611,581.0352619084064,2856939.285654232,-597550.4342388702,1729694.4257076809,1
1248.179999999155,phase0-forces,A,nominal,Kerbin,3531599999999.9995,600000.0,2630.0,0.0,0.0,340.0,1465133.3462974185,1174.0813661751806,1.8228662156616338e-05,1847211.660019387,10804.134268104068,923291.9861889362,1020.2674160641202,11.967562198515383,580.8426909005971,2856939.2856582073,-597550.434238654,1729694.4257097766,1
1248.6999999991544,phase0-forces,A,nominal,Kerbin,3531599999999.9995,600000.0,2630.0,0.0,0.0,340.0,1465742.8584988813,1173.6515221763884,1.8206677850685082e-05,1847742.098939725,10810.356814638768,923593.9743363904,1019.8823659062937,11.965309758156492,580.6502274026302,2856939.2856450086,-597550.4342386221,1729694.4257031933,1
1249.239999999154,phase0-forces,A,nominal,Kerbin,3531599999999.9995,600000.0,2630.0,0.0,0.0,340.0,1466375.5771824883,1173.205414160238,1.818177588575054e-05,1848292.7274969341,10816.817450378381,923907.47151349,1019.4827497633386,11.962971423098628,580.45047511791,2856939.2856421173,-597550.4342386447,1729694.4257017362,1
1249.7399999991535,phase0-forces,A,nominal,Kerbin,3531599999999.9995,600000.0,2630.0,0.0,0.0,340.0,1466961.2132786342,1172.792594745824,1.8159997125621885e-05,1848802.3764029518,10822.798394817952,924197.6505271954,1019.1129558673222,11.960806967628393,580.2656224270877,2856939.2856450425,-597550.434238401,1729694.4257033207,1
1250.259999999153,phase0-forces,A,nominal,Kerbin,3531599999999.9995,600000.0,2630.0,0.0,0.0,340.0,1467570.0561184646,1172.363510676573,1.8137860024580732e-05,1849332.2151831258,10829.017429178639,924499.3386828909,1018.728595405244,11.958556616372057,580.0734806843099,2856939.285639116,-597550.4342384087,1729694.4257003537,1
1250.7799999991526,phase0-forces,A,nominal,Kerbin,3531599999999.9995,600000.0,2630.0,0.0,0.0,340.0,1468178.6761027183,1171.9346792850222,1.811491893022321e-05,1849861.8541579777,10835.235293542904,924800.9269531125,1018.3444642631384,11.956306960415121,579.8814459347512,2856939.285642091,-597550.4342381486,1729694.4257019712,1
1251.299999999152,phase0-forces,A,nominal,Kerbin,3531599999999.9995,600000.0,2630.0,0.0,0.0,340.0,1468787.0733596915,1171.5061002553325,1.8091877791448496e-05,1850391.2934442037,10841.451988262701,925102.4153923886,1017.960562155379,11.954057999234223,579.6895180431615,2856939.285645568,-597550.4342380306,1729694.4257037686,1
1251.7999999991516,phase0-forces,A,nominal,Kerbin,3531599999999.9995,600000.0,2630.0,0.0,0.0,340.0,1469371.860800745,1171.0942427325203,1.8070562873617746e-05,1850900.1814746705,10847.428476651205,925392.2140294965,1017.5916412374088,11.951896191231423,579.5050726460005,2856939.285654024,-597550.4342380424,1729694.425707991,1
1252.3399999991511,phase0-forces,A,nominal,Kerbin,3531599999999.9995,600000.0,2630.0,0.0,0.0,340.0,1470003.200213656,1170.6496980239242,1.8047294361167587e-05,1851449.5734240348,10853.881870229141,925705.0930026713,1017.1934438915065,11.949562158958857,579.3059823200954,2856939.2856512684,-597550.4342378207,1729694.425706724,1
1252.8599999991507,phase0-forces,A,nominal,Kerbin,3531599999999.9995,600000.0,2630.0,0.0,0.0,340.0,1470610.930072092,1170.2218741943009,1.80248316610232e-05,1851978.4143561148,10860.09505819095,926006.2822834154,1016.8102271638974,11.947315278752907,579.114374226159,2856939.285652554,-597550.4342379278,1729694.4257073132,1
1253.3999999991502,phase0-forces,A,nominal,Kerbin,3531599999999.9995,600000.0,2630.0,0.0,0.0,340.0,1471241.7989694243,1169.7778613770674,1.8001272110268474e-05,1852527.3844720414,10866.545978472297,926318.950339338,1016.4125125301694,11.94498271312215,578.915509144467,2856939.2856573733,-597550.4342379059,1729694.4257097337,1
1253.9199999991497,phase0-forces,A,nominal,Kerbin,3531599999999.9995,600000.0,2630.0,0.0,0.0,340.0,1471849.0760100812,1169.3505490859604,1.797905315470416e-05,1853055.819440141,10872.756785487625,926619.936631378,1016.0297600394535,11.942737244147045,578.7241176838277,2856939.2856543837,-597550.434238125,1729694.4257081293,1
1254.4399999991492,phase0-forces,A,nominal,Kerbin,3531599999999.9995,600000.0,2630.0,0.0,0.0,340.0,1472456.1311116081,1168.9234872655147,1.7956175724975765e-05,1853584.055436748,10878.966425043629,926920.8234268315,1015.6472348572875,11.94049246664932,578.532832298541,2856939.28565573,-597550.4342385341,1729694.425708598,1
1254.9399999991488,phase0-forces,A,nominal,Kerbin,3531599999999.9995,600000.0,2630.0,0.0,0.0,340.0,1473039.6287617178,1168.5130868152798,1.7935568394022994e-05,1854091.7871340867,10884.93613167257,927210.0438756353,1015.27963627599,11.93833467830305,578.3490039647136,2856939.2856591865,-597550.4342385113,1729694.4257103377,1
1255.4799999991483,phase0-forces,A,nominal,Kerbin,3531599999999.9995,600000.0,2630.0,0.0,0.0,340.0,1473669.5760164682,1168.0701137903661,1.7911215763888322e-05,1854639.9309866317,10891.382203204194,927522.2987507776,1014.8828652725513,11.936004983892548,578.1505792537444,2856939.285663082,-597550.4342386584,1729694.4257122118,1
1255.9999999991478,phase0-forces,A,nominal,Kerbin,3531599999999.9995,600000.0,2630.0,0.0,0.0,340.0,1474275.966079298,1167.643801515192,1.788963891158346e-05,1855167.5707759666,10897.588342525156,927822.8873894634,1014.5010203047291,11.933762277631269,577.959611335787,2856939.2856714264,-597550.4342385472,1729694.4257164397,1
1256.5199999991473,phase0-forces,A,nominal,Kerbin,3531599999999.9995,600000.0,2630.0,0.0,0.0,340.0,1474882.1347212046,1167.2177384647644,1.7867452697828412e-05,1855695.0120648232,10903.793315820572,928123.3767524044,1014.1194015092169,11.931520260669139,577.7687489763148,2856939.285668088,-597550.4342387771,1729694.4257146555,1
1257.0399999991469,phase0-forces,A,nominal,Kerbin,3531599999999.9995,600000.0,2630.0,0.0,0.0,340.0,1475488.082069613,1166.7919243366098,1.7845206457423046e-05,1856222.2549693692,10909.997123438185,928423.766893221,1013.7380086045971,11.929278932502838,577.5779920596569,2856939.285673364,-597550.4342385323,1729694.4257174158,1
1257.5599999991464,phase0-forces,A,nominal,Kerbin,3531599999999.9995,600000.0,2630.0,0.0,0.0,340.0,1476093.8082556087,1166.3663588147606,1.7824171663960442e-05,1856749.2996084583,10916.199765745545,928724.0578683477,1013.3568413059181,11.927038292570707,577.387340449081,2856939.2856641025,-597550.4342383435,1729694.4257128795,1
1258.079999999146,phase0-forces,A,nominal,Kerbin,3531599999999.9995,600000.0,2630.0,0.0,0.0,340.0,1476699.3134078812,1165.9410415980715,1.780141974450089e-05,1857276.1460990873,10922.401243101647,929024.2497325736,1012.9758993393282,11.92479834039763,577.1967940183104,2856939.285666824,-597550.43423838,1729694.425714222,1
1258.6199999991454,phase0-forces,A,nominal,Kerbin,3531599999999.9995,600000.0,2630.0,0.0,0.0,340.0,1477327.8734075616,1165.4996285089323,1.7778393157641403e-05,1857802.7945580997,10928.601555859073,929324.3425389004,1012.5805439525224,11.922472963517379,576.9990300699883,2856939.2856701366,-597550.4342383302,1729694.4257159033,1
1259.139999999145,phase0-forces,A,nominal,Kerbin,3531599999999.9995,600000.0,2630.0,0.0,0.0,340.0,1477932.928389306,1165.0748164947463,1.7757021851139143e-05,1858349.4892504872,10935.039109924252,929635.8725902708,1012.2000604381712,11.920234411556065,576.8086976552995,2856939.2856716835,-597550.4342381031,1729694.4257167901,1
1259.6599999991445,phase0-forces,A,nominal,Kerbin,3531599999999.9995,600000.0,2630.0,0.0,0.0,340.0,1478537.7627290469,1164.6502518493498,1.7734821085468866e-05,1858875.7343939496,10941.237049804799,929935.763643837,1011.8198014017645,11.917996545654864,576.618470032296,2856939.285673678,-597550.4342381712,1729694.4257177534,1
1260.179999999144,phase0-forces,A,nominal,Kerbin,3531599999999.9995,600000.0,2630.0,0.0,0.0,340.0,1479142.3765518419,1164.225934271575,1.7712258340907283e-05,1859401.7818597695,10947.433826172872,930235.5558045382,1011.439766567216,11.915759365326426,576.4283470785633,2856939.285685892,-597550.434238275,1729694.4257238086,1
1260.6799999991435,phase0-forces,A,nominal,Kerbin,3531599999999.9995,600000.0,2630.0,0.0,0.0,340.0,1479723.5281599427,1163.8181693036188,1.7692149413051084e-05,1859907.410421134,10953.391168072178,930523.7242889139,1011.0745596200334,11.91360887638477,576.2456351365472,2856939.2856750432,-597550.4342380988,1729694.425718472,1
1261.199999999143,phase0-forces,A,nominal,Kerbin,3531599999999.9995,600000.0,2630.0,0.0,0.0,340.0,1480327.7098054283,1163.3943354622734,1.7669422959443182e-05,1860433.070474613,10959.585663202297,930823.3226293761,1010.6949637475168,11.911373039233442,576.0557171258961,2856939.285676505,-597550.4342382911,1729694.425719107,1
1261.7199999991426,phase0-forces,A,nominal,Kerbin,3531599999999.9995,600000.0,2630.0,0.0,0.0,340.0,1480931.6713160814,1162.9707477784227,1.7648299035499804e-05,1860958.5331977932,10965.778995877663,931122.8222397255,1010.3155912444693,11.909137886043025,575.8659034110749,2856939.285666723,-597550.4342382308,1729694.425714246,1
1262.2399999991421,phase0-forces,A,nominal,Kerbin,3531599999999.9995,600000.0,2630.0,0.0,0.0,340.0,1481535.4128176607,1162.547405953761,1.762652573233936e-05,1861483.7987049655,10971.971166451169,931422.2231735955,1009.936441838597,11.906903416347415,575.6761938687812,2856939.2856626934,-597550.4342379633,1729694.4257123652,1
1262.7399999991417,phase0-forces,A,nominal,Kerbin,3531599999999.9995,600000.0,2630.0,0.0,0.0,340.0,1482115.7261326797,1162.1405780829334,1.7604977983864956e-05,1861988.6758170575,10977.924081031144,931710.0156813427,1009.5720852388652,11.904755531785277,575.4938789675465,2856939.2856706996,-597550.4342377854,1729694.4257164572,1
1263.2599999991412,phase0-forces,A,nominal,Kerbin,3531599999999.9995,600000.0,2630.0,0.0,0.0,340.0,1482719.0364490373,1161.7177176400774,1.7583184671821073e-05,1862513.5548148288,10984.11397312715,932009.2232153402,1009.1933726488608,11.902522401085468,575.3043733894083,2856939.285679441,-597550.4342379635,1729694.4257207387,1
1263.7799999991407,phase0-forces,A,nominal,Kerbin,3531599999999.9995,600000.0,2630.0,0.0,0.0,340.0,1483322.1271337157,1161.2951021550878,1.7562271750648506e-05,1863038.2369396482,10990.302704167607,932308.3322336168,1008.8148823322832,11.900289952266425,575.1149716129369,2856939.2856736807,-597550.4342377299,1729694.4257179755,1
1264.2999999991403,phase0-forces,A,nominal,Kerbin,3531599999999.9995,600000.0,2630.0,0.0,0.0,340.0,1483924.9983135439,1160.872731331275,1.7540618500788696e-05,1863562.72230674,10996.490274515541,932607.3427903294,1008.4366140208667,11.898058184790422,574.9256735110159,2856939.285674137,-597550.4342375045,1729694.4257183163,1
1264.8199999991398,phase0-forces,A,nominal,Kerbin,3531599999999.9995,600000.0,2630.0,0.0,0.0,340.0,1484527.650116043,1160.4506048626224,1.7518917957204394e-05,1864087.011032539,11002.676684520306,932906.2549387605,1008.0585674378101,11.895827098104323,574.7364789526662,2856939.2856630795,-597550.4342376109,1729694.4257127342,1
1265.3399999991393,phase0-forces,A,nominal,Kerbin,3531599999999.9995,600000.0,2630.0,0.0,0.0,340.0,1485130.082667736,1160.028722452259,1.7497441149316728e-05,1864611.1032318766,11008.86193453657,933205.0687331648,1007.6807423073324,11.89359669166188,574.5473878235806,2856939.2856540037,-597550.434237327,1729694.4257083384,1
1265.8399999991389,phase0-forces,A,nominal,Kerbin,3531599999999.9995,600000.0,2630.0,0.0,0.0,340.0,1485709.1380887867,1159.6232961702347,1.7476246284786612e-05,1865114.8528106366,11014.808196726468,933492.2969862237,1007.3176575053578,11.891452711149208,574.3656668456575,2856939.285652882,-597550.4342374692,1729694.4257077065,1
1266.3599999991384,phase0-forces,A,nominal,Kerbin,3531599999999.9995,600000.0,2630.0,0.0,0.0,340.0,1486311.1409378718,1159.2018916218535,1.745432564348448e-05,1865638.5598490927,11020.991172414777,933790.9180107001,1006.9402659788989,11.889223637563749,574.176778223679,2856939.2856583646,-597550.4342376622,1729694.4257103512,1
1266.879999999138,phase0-forces,A,nominal,Kerbin,3531599999999.9995,600000.0,2630.0,0.0,0.0,340.0,1486912.924909864,1158.7807302475317,1.7432355889468454e-05,1866162.070701255,11027.172989153487,934089.4408394279,1006.5630950975885,11.886995242682271,573.9879926659321,2856939.285674905,-597550.434237358,1729694.4257187734,1
1267.3999999991374,phase0-forces,A,nominal,Kerbin,3531599999999.9995,600000.0,2630.0,0.0,0.0,340.0,1487514.4901314462,1158.359811742052,1.741218329698313e-05,1866685.3854820714,11033.353647306174,934387.8655267821,1006.1861445893479,11.884767525983769,573.7993100347537,2856939.2856786516,-597550.4342375691,1729694.4257205413,1
1267.899999999137,phase0-forces,A,nominal,Kerbin,3531599999999.9995,600000.0,2630.0,0.0,0.0,340.0,1488092.7120541525,1157.9553111725381,1.7390932043781504e-05,1867188.3879731656,11039.295495563681,934674.7198393674,1005.823899744243,11.882626129753598,573.6179813885135,2856939.2856821665,-597550.4342374275,1729694.4257223695,1
1268.4199999991365,phase0-forces,A,nominal,Kerbin,3531599999999.9995,600000.0,2630.0,0.0,0.0,340.0,1488693.848554071,1157.5348682033955,1.737051752570551e-05,1867711.318484969,11045.473882124023,934972.9521742726,1005.447380713248,11.880399741765826,573.4295003097566,2856939.2856785962,-597550.4342374139,1729694.425720591,1
1268.939999999136,phase0-forces,A,nominal,Kerbin,3531599999999.9995,600000.0,2630.0,0.0,0.0,340.0,1489294.7666740029,1157.1146672272714,1.7348724213661626e-05,1868234.0532626018,11051.651111130717,935271.0865246952,1005.0710812527545,11.878174030390829,573.2411218009413,2856939.2856764887,-597550.4342373802,1729694.4257195543,1
1269.4599999991356,phase0-forces,A,nominal,Kerbin,3531599999999.9995,600000.0,2630.0,0.0,0.0,340.0,1489895.4665418575,1156.6947079478796,1.7326879969914444e-05,1868756.5924224136,11057.827182946221,935569.1229449424,1004.695001093246,11.875948995105109,573.0528457379289,2856939.2856827276,-597550.4342374534,1729694.425722637,1
1269.979999999135,phase0-forces,A,nominal,Kerbin,3531599999999.9995,600000.0,2630.0,0.0,0.0,340.0,1490495.9482824556,1156.2749900650113,1.7306547306361608e-05,1869278.936077885,11064.002097924124,935867.0614881531,1004.3191399597312,11.873724635393945,572.8646719982569,2856939.285679268,-597550.4342374584,1729694.425720905,1
1270.5199999991346,phase0-forces,A,nominal,Kerbin,3531599999999.9995,600000.0,2630.0,0.0,0.0,340.0,1491119.2947358873,1155.839384373715,1.7284350178670138e-05,1869821.1630674102,11070.41328556895,936176.355667905,1003.9290541662506,11.871415437851974,572.6693689780938,2856939.2856720462,-597550.4342375259,1729694.4257172602,1
1271.0199999991341,phase0-forces,A,nominal,Kerbin,3531599999999.9995,600000.0,2630.0,0.0,0.0,340.0,1491696.257882619,1155.4362773146383,1.7265141650568694e-05,1870323.0373302656,11076.34845875863,936462.6451581842,1003.568073701807,11.869277940524595,572.4886309983151,2856939.2856698385,-597550.434237766,1729694.4257160362,1
1271.5599999991337,phase0-forces,A,nominal,Kerbin,3531599999999.9995,600000.0,2630.0,0.0,0.0,340.0,1492319.1519560548,1155.0011714499246,1.724193680274766e-05,1870864.858866856,11082.757245561115,936771.736332304,1003.1784414091198,11.866970143302192,572.2935398572006,2856939.285671798,-597550.4342379645,1729694.4257169168,1
1272.0599999991332,phase0-forces,A,nominal,Kerbin,3531599999999.9995,600000.0,2630.0,0.0,0.0,340.0,1492895.696471504,1154.5985266233995,1.722256092762109e-05,1871366.3579276493,11088.690196423646,937057.8379562674,1002.8178803306016,11.864833941570552,572.1129978297147,2856939.2856580284,-597550.4342379736,1729694.4257100273,1
1272.5599999991327,phase0-forces,A,nominal,Kerbin,3531599999999.9995,600000.0,2630.0,0.0,0.0,340.0,1493472.039893262,1154.1961036226173,1.720268301141914e-05,1871867.6767583871,11094.622079341134,937343.8493332802,1002.4575205151743,11.862698362011473,571.932549841126,2856939.2856422653,-597550.4342381391,1729694.4257020631,1
1273.0799999991323,phase0-forces,A,nominal,Kerbin,3531599999999.9995,600000.0,2630.0,0.0,0.0,340.0,1494071.2238494048,1153.777818743037,1.7179956557811238e-05,1872388.8572616146,11100.790105032833,937641.205480931,1002.0829595555584,11.860478018757272,571.744983583573,2856939.2856531073,-597550.434237888,1729694.4257076096,1
1273.5999999991318,phase0-forces,A,nominal,Kerbin,3531599999999.9995,600000.0,2630.0,0.0,0.0,340.0,1494670.1905473713,1153.3597732136964,1.716053520794958e-05,1872909.8430507919,11106.95697632164,937938.464121152,1001.7086157549004,11.858258347411946,571.5575188018408,2856939.285654434,-597550.434237587,1729694.4257084234,1
1274.1199999991313,phase0-forces,A,nominal,Kerbin,3531599999999.9995,600000.0,2630.0,0.0,0.0,340.0,1495268.9401094855,1152.941966742252,1.7139675037469715e-05,1873430.6342370752,11113.122693559211,938235.6253061347,1001.3344888478418,11.856039347441191,571.3701553724303,2856939.285639241,-597550.4342374686,1729694.4257008862,1
1274.6399999991309,phase0-forces,A,nominal,Kerbin,3531599999999.9995,600000.0,2630.0,0.0,0.0,340.0,1495867.472659963,1152.524399043467,1.7117874449468218e-05,1873951.2309336485,11119.287257085509,938532.689088248,1000.9605785742178,11.853821018322341,571.1828931770781,2856939.285632654,-597550.4342375435,1729694.4256975553,1
1275.1599999991304,phase0-forces,A,nominal,Kerbin,3531599999999.9995,600000.0,2630.0,0.0,0.0,340.0,1496465.7883226715,1152.1070698294022,1.7096424926421605e-05,1874471.6332533588,11125.450667256706,938829.6555197526,1000.5868846699387,11.851603359545486,570.9957320989412,2856939.2856454886,-597550.4342375805,1729694.4257039542,1
1275.65999999913,phase0-forces,A,nominal,Kerbin,3531599999999.9995,600000.0,2630.0,0.0,0.0,340.0,1497040.8874252283,1151.706016361509,1.7077043594326824e-05,1874971.8368978729,11131.375935850161,939115.1084093896,1000.2277674001173,11.849471626977572,570.8158647648422,2856939.285641669,-597550.4342377041,1729694.4257019823,1
1276.1799999991294,phase0-forces,A,nominal,Kerbin,3531599999999.9995,600000.0,2630.0,0.0,0.0,340.0,1497638.7780139,1151.2891540918106,1.705617250991054e-05,1875491.8582665208,11137.53708468152,939411.8840377345,999.8544971344356,11.847255281601933,570.6289016793437,2856939.285655596,-597550.4342376264,1729694.4257089847,1
1276.699999999129,phase0-forces,A,nominal,Kerbin,3531599999999.9995,600000.0,2630.0,0.0,0.0,340.0,1498236.452079304,1150.8725294429123,1.703561247268226e-05,1876011.685589215,11143.697081186663,939708.5624715887,999.4814424501203,11.84503960499451,570.4420393527373,2856939.285663969,-597550.4342376051,1729694.425713182,1
1277.2199999991285,phase0-forces,A,nominal,Kerbin,3531599999999.9995,600000.0,2630.0,0.0,0.0,340.0,1498833.909747323,1150.4561421250282,1.701467226666864e-05,1876531.3189810198,11149.855925715214,940005.1437632792,999.108603083759,11.842824596625984,570.2552776632551,2856939.2856698963,-597550.4342377043,1729694.425716096,1
1277.739999999128,phase0-forces,A,nominal,Kerbin,3531599999999.9995,600000.0,2630.0,0.0,0.0,340.0,1499431.1511382456,1150.039991849756,1.6994556062854826e-05,1877050.7585510528,11156.013618608386,940301.6279645154,998.7359787691767,11.840610256011466,570.0686164967573,2856939.285665436,-597550.4342375001,1729694.425713968,1
1278.2599999991276,phase0-forces,A,nominal,Kerbin,3531599999999.9995,600000.0,2630.0,0.0,0.0,340.0,1500028.1763769658,1149.624078336499,1.6972497178358026e-05,1877570.00441299,11162.170160222884,940598.0151281863,998.3635692545354,11.838396582659486,569.8820557297283,2856939.2856846037,-597550.4342376426,1729694.4257234805,1
1278.779999999127,phase0-forces,A,nominal,Kerbin,3531599999999.9995,600000.0,2630.0,0.0,0.0,340.0,1500624.9855845817,1149.2084012859364,1.695349783403799e-05,1878089.0566768567,11168.325550895632,940894.3053059941,997.9913742643646,11.836183576062162,569.6955952422805,2856939.285676078,-597550.434237732,1729694.425719173,1
1279.2999999991266,phase0-forces,A,nominal,Kerbin,3531599999999.9995,600000.0,2630.0,0.0,0.0,340.0,1501221.5788856037,1148.792960422759,1.6931417121668346e-05,1878607.9154558135,11174.47979097892,941190.498550997,997.6193935473514,11.833971235583046,569.509234920644,2856939.2856894103,-597550.4342377917,1729694.4257258093,1
1279.8199999991261,phase0-forces,A,nominal,Kerbin,3531599999999.9995,600000.0,2630.0,0.0,0.0,340.0,1501817.9564006147,1148.3777554529706,1.691207944531925e-05,1879126.5808594774,11180.632880816793,941486.5949145596,997.2476268356118,11.831759560819615,569.3229746423715,2856939.285690203,-597550.4342378565,1729694.4257261732,1
1280.3199999991257,phase0-forces,A,nominal,Kerbin,3531599999999.9995,600000.0,2630.0,0.0,0.0,340.0,1502391.1929379152,1147.978742099088,1.6892148778424598e-05,1879625.115337245,11186.548228944244,941771.211640641,996.890360419913,11.829633577751768,569.1439724557192,2856939.2856887598,-597550.4342379773,1729694.4257253914,1
1280.8599999991252,phase0-forces,A,nominal,Kerbin,3531599999999.9995,600000.0,2630.0,0.0,0.0,340.0,1503010.064564222,1147.548052057214,1.6871272237040102e-05,1880163.3319890962,11192.935611147213,942078.4972041764,996.5047343919027,11.82733820624638,568.9507537439287,2856939.2856858154,-597550.4342380151,1729694.4257239,1
1281.3799999991247,phase0-forces,A,nominal,Kerbin,3531599999999.9995,600000.0,2630.0,0.0,0.0,340.0,1503605.7954584216,1147.1335530645254,1.6849764506332576e-05,1880681.417937677,11199.085252334527,942374.3032360863,996.1336081424806,11.82512852537709,568.7647928896822,2856939.285697876,-597550.4342381099,1729694.4257298831,1
1281.8999999991242,phase0-forces,A,nominal,Kerbin,3531599999999.9995,600000.0,2630.0,0.0,0.0,340.0,1504201.3110546651,1146.719288822656,1.6830012100399472e-05,1881199.3109550162,11205.233744651705,942670.0125936285,995.7626948571367,11.822919508155227,568.5789316032508,2856939.285688578,-597550.4342383782,1729694.4257250999,1
1282.4199999991238,phase0-forces,A,nominal,Kerbin,3531599999999.9995,600000.0,2630.0,0.0,0.0,340.0,1504796.611476508,1146.305259051449,1.6809970475151204e-05,1881717.0111535545,11211.381088456943,942965.6253291593,995.3919942787343,11.82071115401616,568.3931697712658,2856939.285676293,-597550.4342385638,1729694.4257188647,1
1282.9399999991233,phase0-forces,A,nominal,Kerbin,3531599999999.9995,600000.0,2630.0,0.0,0.0,340.0,1505391.696843483,1145.891463476128,1.6788993889349513e-05,1882234.5186417955,11217.52728408795,943261.141493913,995.0215061553863,11.818503462468815,568.2075072820105,2856939.2856891267,-597550.4342385208,1729694.425725303,1
1283.259999999123,phase0-forces,A,nominal,Kerbin,3531599999999.9995,600000.0,2630.0,0.0,0.0,340.0,1505757.7963854843,1145.6369363234808,1.6776259144535288e-05,1882552.8890523552,11221.308987784532,943442.9496177717,994.7936189477041,11.817145212145897,568.0933027669101,2856939.2856961587,-597550.4342383881,1729694.4257288852,1
1283.4799999991228,phase0-forces,A,nominal,Kerbin,3531599999999.9995,600000.0,2630.0,0.0,0.0,340.0,1506009.4426208562,1145.462000254546,1.6768131899880245e-05,1882771.7264143797,11223.908656968888,943567.9215071299,994.6369930742279,11.816211560413208,568.0148089440656,2856939.285701195,-597550.434238336,1729694.4257314294,1
1283.4999999991228,phase0-forces,A,nominal,Kerbin,3531599999999.9995,600000.0,2630.0,0.0,0.0,340.0,1506032.3176445132,1145.446099050168,1.6767016859375872e-05,1882791.6190113737,11224.144980345538,943579.2817315933,994.622756240394,11.816126688852464,568.0076740221753,2856939.2857048223,-597550.4342383238,1729694.4257332492,1
1283.6199999991227,phase0-forces,A,nominal,Kerbin,3531599999999.9995,600000.0,2630.0,0.0,0.0,340.0,1506169.5611142009,1145.3506990739775,1.6762780433055013e-05,1882910.9686143482,11225.56288496455,943647.4400821946,994.5373418148909,11.815617480073112,567.9648675654016,2856939.285701234,-597550.434238292,1729694.425731471,1
1284.1599999991222,phase0-forces,A,nominal,Kerbin,3531599999999.9995,600000.0,2630.0,0.0,0.0,340.0,1506787.0152096888,1144.9215530397478,1.67418438650202e-05,1883447.9150158672,11231.942699654655,943954.0891069463,994.1531164759843,11.81332647626974,567.7723037746744,2856939.2856991533,-597550.4342384574,1729694.4257303479,1
1284.6799999991217,phase0-forces,A,nominal,Kerbin,3531599999999.9995,600000.0,2630.0,0.0,0.0,340.0,1507381.3818582497,1144.5085390361214,1.672160578891635e-05,1883964.778473542,11238.085055833193,944249.2825087031,993.7833373645981,11.811120998006778,567.5869728278203,2856939.2857000073,-597550.4342384516,1729694.425730778,1
1285.1799999991213,phase0-forces,A,nominal,Kerbin,3531599999999.9995,600000.0,2630.0,0.0,0.0,340.0,1507952.6859395383,1144.1116298868728,1.670160418143496e-05,1884461.5812832522,11243.990086166215,944533.0314573863,993.4279798290156,11.809000968611848,567.4088631942236,2856939.2857065317,-597550.4342386603,1729694.4257339358,1
1285.6999999991208,phase0-forces,A,nominal,Kerbin,3531599999999.9995,600000.0,2630.0,0.0,0.0,340.0,1508546.6318976716,1143.6990725800533,1.6682863133610226e-05,1884978.0677762618,11250.130193413714,944828.0359198267,993.0586150065553,11.806796785166313,567.2237259947877,2856939.2856900813,-597550.43423844,1729694.4257258207,1
1286.2199999991203,phase0-forces,A,nominal,Kerbin,3531599999999.9995,600000.0,2630.0,0.0,0.0,340.0,1509140.3635662664,1143.2867476899526,1.6661757399560884e-05,1885494.3622551719,11256.269154663536,945122.9441364341,992.6894610186016,11.804593261079024,567.038687396202,2856939.2856930317,-597550.4342383549,1729694.4257273385,1
1286.7399999991198,phase0-forces,A,nominal,Kerbin,3531599999999.9995,600000.0,2630.0,0.0,0.0,340.0,1509733.8810651093,1142.8746549274563,1.6642747141304426e-05,1886010.4648285843,11262.406970255046,945417.7561588059,992.3205176024796,11.802390395784725,566.853747276707,2856939.2856780076,-597550.4342385677,1729694.42571972,1
1287.2199999991194,phase0-forces,A,nominal,Kerbin,3531599999999.9995,600000.0,2630.0,0.0,0.0,340.0,1510281.5533841932,1142.494467405073,1.6623987903585657e-05,1886466.8572243778,11267.83562162498,945678.4712643471,991.9801411313609,11.800357565976421,566.6831206357941,2856939.2856779336,-597550.4342386083,1729694.4257196626,1
1287.7999999991189,phase0-forces,A,nominal,Kerbin,3531599999999.9995,600000.0,2630.0,0.0,0.0,340.0,1510943.0809001015,1142.0353374160802,1.660036650719121e-05,1887061.926220803,11274.915124695239,946018.4214362719,991.5690917076909,11.797901977780542,566.4770584816017,2856939.2856866117,-597550.4342383199,1729694.425724146,1
1288.3199999991184,phase0-forces,A,nominal,Kerbin,3531599999999.9995,600000.0,2630.0,0.0,0.0,340.0,1511535.9483902748,1141.6239482706103,1.6580788724240847e-05,1887577.4463684764,11281.049461332796,946312.9414884544,991.2007865546259,11.795701111133761,566.2924168958691,2856939.2856860994,-597550.4342384675,1729694.425723816,1
1288.839999999118,phase0-forces,A,nominal,Kerbin,3531599999999.9995,600000.0,2630.0,0.0,0.0,340.0,1512128.6021965411,1141.212790129303,1.656227141211275e-05,1888092.7750522704,11287.182653694364,946607.3655533604,990.8326909462453,11.793500901238772,566.107873327534,2856939.2856754856,-597550.4342385712,1729694.4257184572,1
1289.2599999991176,phase0-forces,A,nominal,Kerbin,3531599999999.9995,600000.0,2630.0,0.0,0.0,340.0,1512607.1282022465,1140.8808693188241,1.654481457080692e-05,1888508.8623654656,11292.135550854966,946845.0995663123,990.5355357616751,11.791724287723037,565.9588903881003,2856939.2856850396,-597550.4342385287,1729694.4257232554,1
1289.759999999117,phase0-forces,A,nominal,Kerbin,3531599999999.9995,600000.0,2630.0,0.0,0.0,340.0,1513176.620450486,1140.4859215488916,1.6525975297554396e-05,1889004.0417203319,11298.030884230047,947128.0346821792,990.181957426835,11.789609829477662,565.7816129370541,2856939.285690357,-597550.4342384008,1729694.425725978,1
1290.0199999991169,phase0-forces,A,nominal,Kerbin,3531599999999.9995,600000.0,2630.0,0.0,0.0,340.0,1513472.6784556704,1140.2806328507113,1.6515041352249682e-05,1889241.6650257478,11300.86026875454,947263.8120580742,990.0123084264503,11.788595104735446,565.6965518511353,2856939.2856911854,-597550.4342383874,1729694.425726399,1
1290.5399999991164,phase0-forces,A,nominal,Kerbin,3531599999999.9995,600000.0,2630.0,0.0,0.0,340.0,1514064.6345127397,1139.8702279972233,1.649618207011372e-05,1889776.1686317748,11307.22549363082,947569.2365313104,989.6307607090964,11.786312484271852,565.5052404450378,2856939.285704052,-597550.4342382966,1729694.4257328778,1
1290.8399999991161,phase0-forces,A,nominal,Kerbin,3531599999999.9995,600000.0,2630.0,0.0,0.0,340.0,1514406.0506452466,1139.6335605262957,1.648480429139454e-05,1890073.0260700444,11310.761197118029,947738.8721630007,989.4188869140728,11.785044666857072,565.3990017834835,2856939.285704079,-597550.4342382756,1729694.4257323279,1
1291.3399999991157,phase0-forces,A,nominal,Kerbin,3531599999999.9995,600000.0,2630.0,0.0,0.0,340.0,1514974.9199232138,1139.2392845899324,1.6465412045363337e-05,1890567.6472527562,11316.6531911626,948021.527406385,989.0659179875879,11.782932121707459,565.2220094254702,2856939.285718466,-597550.4342382145,1729694.4257401258,1
1291.8599999991152,phase0-forces,A,nominal,Kerbin,3531599999999.9995,600000.0,2630.0,0.0,0.0,340.0,1515566.3350786893,1138.829462599685,1.6446512745460495e-05,1891081.8661203212,11322.779744640426,948315.3950073862,988.6990343812176,11.780735715977665,565.0380328479894,2856939.285718386,-597550.4342383675,1729694.4257400092,1
1292.3799999991147,phase0-forces,A,nominal,Kerbin,3531599999999.9995,600000.0,2630.0,0.0,0.0,340.0,1516157.537361422,1138.4198697350296,1.6426767615485005e-05,1891595.8942624554,11328.905156150011,948609.1669644266,988.3323586060959,11.778539963555684,564.8541535086379,2856939.2857083417,-597550.4342384372,1729694.4257349523,1
1292.8999999991142,phase0-forces,A,nominal,Kerbin,3531599999999.9995,600000.0,2630.0,0.0,0.0,340.0,1516748.5268914192,1138.0105057248438,1.64068096637493e-05,1892109.7317870115,11335.02942604152,948902.8433310691,987.9658904143732,11.77634486391836,564.6703712959409,2856939.285702867,-597550.4342384438,1729694.4257322117,1
1293.4199999991138,phase0-forces,A,nominal,Kerbin,3531599999999.9995,600000.0,2630.0,0.0,0.0,340.0,1517339.303786466,1137.6013702927648,1.638806497794576e-05,1892623.3788019074,11341.152554653303,949196.4241557915,987.5996295553321,11.774150416541175,564.4866860928746,2856939.285690774,-597550.4342385267,1729694.4257261236,1
1293.9399999991133,phase0-forces,A,nominal,Kerbin,3531599999999.9995,600000.0,2630.0,0.0,0.0,340.0,1517929.8681658362,1137.1924631700842,1.6367568605346605e-05,1893136.8354154984,11347.274542324172,949489.909489516,987.2335757835505,11.771956620947481,564.3030977885758,2856939.2856909004,-597550.4342386527,1729694.4257261239,1
1294.4599999991128,phase0-forces,A,nominal,Kerbin,3531599999999.9995,600000.0,2630.0,0.0,0.0,340.0,1518520.2201469159,1136.7837840794632,1.6348612916772254e-05,1893650.1017347123,11353.395389384345,949783.2993818035,986.8677288450461,11.769763476579989,564.1196062697604,2856939.2856836785,-597550.4342386386,1729694.4257225199,1
1294.9799999991124,phase0-forces,A,nominal,Kerbin,3531599999999.9995,600000.0,2630.0,0.0,0.0,340.0,1519110.359847987,1136.3753327522975,1.6328709534718655e-05,1894163.1778664812,11359.515096181174,950076.5938841968,986.5020884959342,11.767570983015638,563.9362114230778,2856939.285683324,-597550.4342387114,1729694.4257223064,1
1295.4999999991119,phase0-forces,A,nominal,Kerbin,3531599999999.9995,600000.0,2630.0,0.0,0.0,340.0,1519700.287388049,1135.9671089144967,1.6309462807839736e-05,1894676.063919649,11365.633663047593,950369.7930460346,986.1366544865068,11.765379139652559,563.7529131343097,2856939.2856843947,-597550.4342388656,1729694.4257227646,1
1296.0199999991114,phase0-forces,A,nominal,Kerbin,3531599999999.9995,600000.0,2630.0,0.0,0.0,340.0,1520290.0028829393,1135.5591122959265,1.6289281120407395e-05,1895188.7599992063,11371.751090324504,950662.8969172755,985.7714265700424,11.763187946044841,563.5697112919768,2856939.2856860776,-597550.434239083,1729694.4257234973,1
1296.539999999111,phase0-forces,A,nominal,Kerbin,3531599999999.9995,600000.0,2630.0,0.0,0.0,340.0,1520879.5064537358,1135.151342625204,1.6269787010969594e-05,1895701.2662155922,11377.867378348119,950955.9055487082,985.406404497016,11.760997401700525,563.3866057869886,2856939.285695192,-597550.4342390044,1729694.4257280938,1
1297.0599999991105,phase0-forces,A,nominal,Kerbin,3531599999999.9995,600000.0,2630.0,0.0,0.0,340.0,1521468.7982154768,1134.7437996285582,1.6251295164693147e-05,1896213.5826728628,11383.982527459015,951248.8189903741,985.0415880203345,11.758807506087987,563.2035965011855,2856939.2856931295,-597550.4342390959,1729694.4257270168,1
1297.59999999911,phase0-forces,A,nominal,Kerbin,3531599999999.9995,600000.0,2630.0,0.0,0.0,340.0,1522080.5309869288,1134.3208215336558,1.6231400877586566e-05,1896745.4028782547,11390.331669508994,951552.8976354558,984.6629574885891,11.75653406982545,563.0136501198508,2856939.285692604,-597550.4342392818,1729694.425726661,1
1298.1199999991095,phase0-forces,A,nominal,Kerbin,3531599999999.9995,600000.0,2630.0,0.0,0.0,340.0,1522669.391351665,1133.9137397707625,1.6211773981922306e-05,1897257.3328533652,11396.444498034214,951845.6171922978,984.2985593506405,11.75434549508576,562.8308366313559,2856939.285688425,-597550.4342393407,1729694.425724542,1
1298.639999999109,phase0-forces,A,nominal,Kerbin,3531599999999.9995,600000.0,2630.0,0.0,0.0,340.0,1523258.0402637832,1133.5068838671796,1.619199429114815e-05,1897769.07339369,11402.556188667644,952138.2417105301,983.934366064319,11.752157567541014,562.648119026802,2856939.285688882,-597550.4342393081,1729694.425724787,1
1299.1799999991085,phase0-forces,A,nominal,Kerbin,3531599999999.9995,600000.0,2630.0,0.0,0.0,340.0,1523869.105836676,1133.0846184285285,1.617162888578605e-05,1898300.295873485,11408.901740306801,952442.020479568,983.5563819039132,11.749886173424912,562.4584751875639,2856939.2856968236,-597550.4342393129,1729694.4257287553,1
1299.699999999108,phase0-forces,A,nominal,Kerbin,3531599999999.9995,600000.0,2630.0,0.0,0.0,340.0,1524457.3240751224,1132.6782220948319,1.6152953321579844e-05,1898811.6505894563,11415.011112433474,952734.4514204772,983.1926054394904,11.747699563616328,562.2759526886944,2856939.2856960255,-597550.4342393713,1729694.4257283271,1
1300.2199999991076,phase0-forces,A,nominal,Kerbin,3531599999999.9995,600000.0,2630.0,0.0,0.0,340.0,1525045.3312182426,1132.2720508077355,1.613304266356863e-05,1899322.816195563,11421.119347685868,953026.7874746514,982.8290330865652,11.745513599494629,562.0935257346114,2856939.2857135027,-597550.4342394909,1729694.425737006,1
1300.739999999107,phase0-forces,A,nominal,Kerbin,3531599999999.9995,600000.0,2630.0,0.0,0.0,340.0,1525633.127381899,1131.8661042885076,1.6114596292027272e-05,1899833.7927972295,11427.226446408624,953319.0286912298,982.4656645902849,11.743328280554152,561.9111942107115,2856939.285703267,-597550.4342395418,1729694.4257318627,1
1301.2599999991066,phase0-forces,A,nominal,Kerbin,3531599999999.9995,600000.0,2630.0,0.0,0.0,340.0,1526220.7126833182,1131.4603822834597,1.6095038517960347e-05,1900344.5805007573,11433.332408940669,953611.1751206489,982.1024997201779,11.741143606332258,561.7289580102013,2856939.2857168466,-597550.4342397276,1729694.4257385596,1
1301.7599999991062,phase0-forces,A,nominal,Kerbin,3531599999999.9995,600000.0,2630.0,0.0,0.0,340.0,1526785.4998038253,1131.070476438943,1.6077150576165877e-05,1900835.544480554,11439.202455577568,953891.9958057642,981.7534945212788,11.73904356555324,561.5538206826134,2856939.2857054085,-597550.4342398674,1729694.4257327707,1
1302.2799999991057,phase0-forces,A,nominal,Kerbin,3531599999999.9995,600000.0,2630.0,0.0,0.0,340.0,1527372.6718260725,1130.6651940383151,1.605832585482858e-05,1901345.9619580335,11445.306190384466,954183.9564489069,981.390728347742,11.736860154405795,561.3717711432461,2856939.2857011775,-597550.4342395271,1729694.4257308252,1
1302.7799999991053,phase0-forces,A,nominal,Kerbin,3531599999999.9995,600000.0,2630.0,0.0,0.0,340.0,1527937.061779575,1130.2757104016678,1.6040536138461903e-05,1901836.5701484827,11451.174095601953,954464.5985853948,981.0421060690805,11.734761327194045,561.1968130880034,2856939.28568763,-597550.434239765,1729694.4257239325,1
1303.2999999991048,phase0-forces,A,nominal,Kerbin,3531599999999.9995,600000.0,2630.0,0.0,0.0,340.0,1528523.8209722033,1129.8708665886747,1.602044176252093e-05,1902346.6178084542,11457.275603972454,954756.3736339117,980.6797376695415,11.732579177270711,561.0149497794966,2856939.2856902317,-597550.4342396782,1729694.4257252768,1
1303.8199999991043,phase0-forces,A,nominal,Kerbin,3531599999999.9995,600000.0,2630.0,0.0,0.0,340.0,1529110.3698712327,1129.466245975779,1.60018553287955e-05,1902856.4770874346,11463.375977787557,955048.0541369667,980.3175716977529,11.73039766956752,560.833181248893,2856939.285683024,-597550.4342396953,1729694.4257216644,1
1304.079999999104,phase0-forces,A,nominal,Kerbin,3531599999999.9995,600000.0,2630.0,0.0,0.0,340.0,1529403.5654993574,1129.2640192885942,1.599141614860855e-05,1903111.3361191142,11466.425739346108,955193.8589506638,980.136564549276,11.729307156405135,560.7423324906051,2856939.2856890727,-597550.4342398639,1729694.4257246044,1
1304.4799999991037,phase0-forces,A,nominal,Kerbin,3531599999999.9995,600000.0,2630.0,0.0,0.0,340.0,1529854.5331272362,1128.9530100592997,1.5978506780811585e-05,1903503.335056875,11471.117126607618,955418.1279324043,979.8581906399196,11.727629756944552,560.6026113550492,2856939.2856805576,-597550.4342398176,1729694.4257203701,1
1304.6399999991036,phase0-forces,A,nominal,Kerbin,3531599999999.9995,600000.0,2630.0,0.0,0.0,340.0,1530034.8853786332,1128.828643255849,1.5972036635503173e-05,1903660.1034589168,11472.993493662638,955507.8198785433,979.7468745316215,11.726958903385379,560.546738564447,2856939.285682295,-597550.4342399247,1729694.425721185,1
1305.199999999103,phase0-forces,A,nominal,Kerbin,3531599999999.9995,600000.0,2630.0,0.0,0.0,340.0,1530665.9617159278,1128.3935252969857,1.5951560271787457e-05,1904208.652638378,11479.55993316109,955821.6713047122,979.3574185636609,11.724611393688418,560.3512542362588,2856939.285683223,-597550.4342397508,1729694.4257217362,1
1305.7199999991026,phase0-forces,A,nominal,Kerbin,3531599999999.9995,600000.0,2630.0,0.0,0.0,340.0,1531251.7432267154,1127.9897179847553,1.5933055692585185e-05,1904717.824504324,11485.656164337166,956113.0067752984,978.9959901883914,11.722432228346197,560.1698310843157,2856939.2856809455,-597550.4342398074,1729694.425720569,1
1306.0799999991023,phase0-forces,A,nominal,Kerbin,3531599999999.9995,600000.0,2630.0,0.0,0.0,340.0,1531657.1613931665,1127.7102891264108,1.5918698409222998e-05,1905070.218032056,11489.875968345388,956314.6453109973,978.7458884871128,11.72092395028566,560.0442856711396,2856939.285687452,-597550.4342399101,1729694.425723771,1
1306.6599999991017,phase0-forces,A,nominal,Kerbin,3531599999999.9995,600000.0,2630.0,0.0,0.0,340.0,1532310.1237420752,1127.2603217454662,1.5898447600193322e-05,1905637.773829414,11496.673399537107,956639.4123535594,978.3431496002626,11.718494591469476,559.8421130072655,2856939.2856835923,-597550.4342398982,1729694.425721847,1
1307.1799999991013,phase0-forces,A,nominal,Kerbin,3531599999999.9995,600000.0,2630.0,0.0,0.0,340.0,1532895.3166215452,1126.8571370024233,1.5880510545684956e-05,1906146.4184228214,11502.7664504459,956930.4831407343,977.982285831453,11.716317221548985,559.6609542606561,2856939.2856666143,-597550.4342399699,1729694.4257133221,1
1307.6999999991008,phase0-forces,A,nominal,Kerbin,3531599999999.9995,600000.0,2630.0,0.0,0.0,340.0,1533480.3000696525,1126.4541735068576,1.5860903658904135e-05,1906654.8754189676,11508.858369288839,957221.459749734,977.6216227050207,11.714140490117515,559.4798894895129,2856939.2856739704,-597550.4342394486,1729694.425717261,1
1308.2199999991003,phase0-forces,A,nominal,Kerbin,3531599999999.9995,600000.0,2630.0,0.0,0.0,340.0,1534065.074200591,1126.0514309879266,1.5842626453377306e-05,1907163.1449213377,11514.949156391756,957512.3422298288,977.2611599794252,11.711964396736741,559.298918571809,2856939.2856680434,-597550.4342391905,1729694.4257144264,1
1308.7399999990998,phase0-forces,A,nominal,Kerbin,3531599999999.9995,600000.0,2630.0,0.0,0.0,340.0,1534649.6391295902,1125.6489091899477,1.582390905241482e-05,1907671.2270355725,11521.038812092038,957803.1306283002,976.9008974217173,11.709788940887945,559.1180414010287,2856939.2856690967,-597550.4342391626,1729694.425714967,1
1309.2599999990994,phase0-forces,A,nominal,Kerbin,3531599999999.9995,600000.0,2630.0,0.0,0.0,340.0,1535233.994972236,1125.246607854666,1.5803936548763886e-05,1908179.1218660735,11527.127336727362,958093.8249956928,976.54083479524,11.707614122029792,558.9372578719533,2856939.285685855,-597550.4342392448,1729694.4257233052,1
1309.7999999990989,phase0-forces,A,nominal,Kerbin,3531599999999.9995,600000.0,2630.0,0.0,0.0,340.0,1535840.6048570555,1124.82906644846,1.578591763973236e-05,1908706.3529964634,11533.448838574686,958395.6004411643,976.167134956271,11.705356330034228,558.7496201267313,2856939.2856814656,-597550.434239171,1729694.4257211473,1
1310.2999999990984,phase0-forces,A,nominal,Kerbin,3531599999999.9995,600000.0,2630.0,0.0,0.0,340.0,1536402.0798513414,1124.442665514054,1.5767209333716892e-05,1909194.3500882257,11539.300994098443,958674.9318287731,975.8213083678394,11.703266393464594,558.575971305025,2856939.2856784803,-597550.4342391333,1729694.4257196735,1
1310.819999999098,phase0-forces,A,nominal,Kerbin,3531599999999.9995,600000.0,2630.0,0.0,0.0,340.0,1536985.809116684,1124.0410239965468,1.574841189722065e-05,1909701.6836878853,11545.386127502614,958965.3443920237,975.4618441014525,11.701093482791231,558.3954680517257,2856939.2856782125,-597550.4342392037,1729694.4257195045,1
1311.3399999990975,phase0-forces,A,nominal,Kerbin,3531599999999.9995,600000.0,2630.0,0.0,0.0,340.0,1537569.329750151,1123.639601901861,1.5731122402939945e-05,1910208.8304167716,11551.470131155005,959255.6631180808,975.1025788156828,11.698921207169464,558.215058012381,2856939.28567344,-597550.4342390212,1729694.4257172095,1
1311.859999999097,phase0-forces,A,nominal,Kerbin,3531599999999.9995,600000.0,2630.0,0.0,0.0,340.0,1538152.6418680907,1123.2383989717994,1.57123231474543e-05,1910715.790380489,11557.553005392994,959545.8880567865,974.7435122788305,11.696749566094253,558.0347410732138,2856939.2856692807,-597550.4342391954,1729694.4257150427,1
1312.3799999990965,phase0-forces,A,nominal,Kerbin,3531599999999.9995,600000.0,2630.0,0.0,0.0,340.0,1538735.7455814644,1122.8374149481303,1.5694800822529942e-05,1911222.5636806684,11563.634750547566,959836.0192538887,974.3846442539763,11.694578559124304,557.8545171294898,2856939.285655674,-597550.4342394223,1729694.4257081258,1
1312.919999999096,phase0-forces,A,nominal,Kerbin,3531599999999.9995,600000.0,2630.0,0.0,0.0,340.0,1539341.0559013085,1122.4212398897175,1.5674128007958643e-05,1911748.6308020642,11569.949214263494,960137.2101770337,974.0121834767026,11.692324722480082,557.6674598155257,2856939.285655379,-597550.4342395227,1729694.4257079281,1
1313.4399999990956,phase0-forces,A,nominal,Kerbin,3531599999999.9995,600000.0,2630.0,0.0,0.0,340.0,1539923.7351429546,1122.0207013109316,1.5656723917345516e-05,1912255.0239159735,11576.02865882562,960427.1504371295,973.6537193911148,11.690155006558268,557.4874251156218,2856939.2856566496,-597550.4342396492,1729694.4257085002,1
1313.959999999095,phase0-forces,A,nominal,Kerbin,3531599999999.9995,600000.0,2630.0,0.0,0.0,340.0,1540506.2063264125,1121.6203808620862,1.5638563127140515e-05,1912761.23068158,11582.10697530712,960716.9971023677,973.2954531085402,11.687985923210377,557.3074830903597,2856939.2856654897,-597550.4342396476,1729694.4257129212,1
1314.4799999990946,phase0-forces,A,nominal,Kerbin,3531599999999.9995,600000.0,2630.0,0.0,0.0,340.0,1541088.4695635499,1121.2202782818165,1.5620371414115652e-05,1913267.2511996774,11588.18416402391,961006.7502221799,972.9373843900664,11.685817471959654,557.1276336321707,2856939.2856569355,-597550.4342394866,1729694.4257087244,1
1314.9999999990941,phase0-forces,A,nominal,Kerbin,3531599999999.9995,600000.0,2630.0,0.0,0.0,340.0,1541670.5249664737,1120.8203933207253,1.560166128911078e-05,1913773.0855720844,11594.26022530973,961296.4098444886,972.5795130111305,11.683649652302789,556.9478766325085,2856939.285651446,-597550.4342396546,1729694.4257058955,1
1315.5199999990937,phase0-forces,A,nominal,Kerbin,3531599999999.9995,600000.0,2630.0,0.0,0.0,340.0,1542252.372650226,1120.4207257229227,1.558293297421187e-05,1914278.7339036264,11600.335159498876,961585.9760177664,972.2218387343946,11.681482463773158,556.7682119920659,2856939.2856494803,-597550.4342394704,1729694.425705005,1
1316.0199999990932,phase0-forces,A,nominal,Kerbin,3531599999999.9995,600000.0,2630.0,0.0,0.0,340.0,1542811.6457903334,1120.0366347031832,1.5565738067380153e-05,1914764.758870647,11606.175379765862,961864.3169464002,971.8781068257567,11.679399223391876,556.5955445238448,2856939.2856461867,-597550.434239608,1729694.4257032895,1
1316.5599999990927,phase0-forces,A,nominal,Kerbin,3531599999999.9995,600000.0,2630.0,0.0,0.0,340.0,1543415.4453046718,1119.6220415981504,1.5546615031780675e-05,1915289.4728488936,11612.481647876662,962164.8282050266,971.5070805684692,11.677149978149169,556.4091593478023,2856939.2856367924,-597550.4342396337,1729694.4256985793,1
1317.0799999990923,phase0-forces,A,nominal,Kerbin,3531599999999.9995,600000.0,2630.0,0.0,0.0,340.0,1543996.6705018892,1119.223024564732,1.552909452584572e-05,1915794.5636679619,11618.553202725025,962454.1143165963,971.1499962148001,11.674984680048645,556.2297711382778,2856939.285633816,-597550.4342395922,1729694.425697112,1
1317.5999999990918,phase0-forces,A,nominal,Kerbin,3531599999999.9995,600000.0,2630.0,0.0,0.0,340.0,1544577.6884292513,1118.8242238816824,1.5509991499129683e-05,1916299.4688550208,11624.623631782892,962743.3071696397,970.7931080410794,11.672820011174416,556.0504748648065,2856939.28564157,-597550.4342393895,1729694.4257010904,1
1318.1199999990913,phase0-forces,A,nominal,Kerbin,3531599999999.9995,600000.0,2630.0,0.0,0.0,340.0,1545158.4991987497,1118.425639291062,1.5491657904931344e-05,1916804.188511433,11630.692935373821,963032.4068127214,970.4364158131027,11.670655970956322,555.8712704184732,2856939.285639684,-597550.4342391994,1729694.4257002424,1
1318.459999999091,phase0-forces,A,nominal,Kerbin,3531599999999.9995,600000.0,2630.0,0.0,0.0,340.0,1545538.1481330143,1118.165143010475,1.5479879948543385e-05,1917134.0972526185,11634.660717821518,963221.3831282051,970.2032998105219,11.669241361287996,555.7541478805739,2856939.285649445,-597550.4342391896,1729694.4257051277,1
1318.7199999990908,phase0-forces,A,nominal,Kerbin,3531599999999.9995,600000.0,2630.0,0.0,0.0,340.0,1545828.4082009876,1117.9660021891334,1.54708595800912e-05,1917386.3269364026,11637.694579897414,963365.8675625683,970.0250910476411,11.66815978203783,555.6646100266505,2856939.2856502295,-597550.434239173,1729694.4257055284,1
1319.0199999990905,phase0-forces,A,nominal,Kerbin,3531599999999.9995,600000.0,2630.0,0.0,0.0,340.0,1546163.259386642,1117.7362912779997,1.5461037037312053e-05,1917677.3036208556,11641.194840581767,963532.5514486908,969.8195262681843,11.666912000973992,555.5613255737062,2856939.2856538068,-597550.4342391948,1729694.425707306,1
1319.55999999909,phase0-forces,A,nominal,Kerbin,3531599999999.9995,600000.0,2630.0,0.0,0.0,340.0,1546765.8180358661,1117.3229922761345,1.5442637959495187e-05,1918200.906283806,11647.494366610606,963832.5043772738,969.4496734597377,11.664666521216644,555.3754903240255,2856939.285645562,-597550.4342393208,1729694.4257031207,1
1320.0599999990895,phase0-forces,A,nominal,Kerbin,3531599999999.9995,600000.0,2630.0,0.0,0.0,340.0,1547323.543923203,1116.9405148941516,1.5424406228703447e-05,1918685.5455349889,11653.326180085953,964110.1491172814,969.1074047429393,11.662587976040676,555.2035085679111,2856939.285643741,-597550.4342395702,1729694.4257020855,1
1320.4199999990892,phase0-forces,A,nominal,Kerbin,3531599999999.9995,600000.0,2630.0,0.0,0.0,340.0,1547724.9882636508,1116.6652542237448,1.54123790707672e-05,1919034.3798517757,11657.524442337619,964310.0000948276,968.8610828356339,11.661091782145455,555.0797339982716,2856939.285647596,-597550.4342396343,1729694.425703981,1
1320.7999999990889,phase0-forces,A,nominal,Kerbin,3531599999999.9995,600000.0,2630.0,0.0,0.0,340.0,1548148.627667786,1116.374812944009,1.5399775293190032e-05,1919402.497669768,11661.955357095067,964520.9055729675,968.6011776153296,11.659512791893631,554.949130515062,2856939.285643904,-597550.4342397399,1729694.425702082,1
1321.3199999990884,phase0-forces,A,nominal,Kerbin,3531599999999.9995,600000.0,2630.0,0.0,0.0,340.0,1548728.1660786397,1115.9775526300707,1.5381412595161237e-05,1919906.0778339223,11668.017741940943,964809.4326643018,968.2456861721938,11.657352609805233,554.7704888629808,2856939.285637497,-597550.43423982,1729694.4256988384,1
1321.839999999088,phase0-forces,A,nominal,Kerbin,3531599999999.9995,600000.0,2630.0,0.0,0.0,340.0,1549307.4981290526,1115.5805066179103,1.536298259452451e-05,1920409.473192525,11674.079003646302,965097.8668848008,967.8903890407771,11.65519305293661,554.5919382963164,2856939.285637278,-597550.4342396972,1729694.4256987905,1
1322.3599999990874,phase0-forces,A,nominal,Kerbin,3531599999999.9995,600000.0,2630.0,0.0,0.0,340.0,1549886.6239328873,1115.183674659891,1.534428338345606e-05,1920912.6838487717,11680.139142548518,965386.2082835385,967.5352859990016,11.653034120804763,554.4134787056921,2856939.285658485,-597550.4342399699,1729694.4257092574,1
1322.879999999087,phase0-forces,A,nominal,Kerbin,3531599999999.9995,600000.0,2630.0,0.0,0.0,340.0,1550465.5435989448,1114.7870564966938,1.532719034003094e-05,1921415.7099020001,11686.198158964728,965674.4569059943,967.1803768073758,11.650875812886495,554.2351099886206,2856939.2856548093,-597550.4342401038,1729694.4257073528,1
1323.3999999990865,phase0-forces,A,nominal,Kerbin,3531599999999.9995,600000.0,2630.0,0.0,0.0,340.0,1551044.2572382805,1114.3906518912738,1.530886220280081e-05,1921918.55145277,11692.256053231735,965962.6128002363,966.8256612478922,11.648718128718173,554.0568320499186,2856939.2856700066,-597550.4342398555,1729694.4257150756,1
1323.919999999086,phase0-forces,A,nominal,Kerbin,3531599999999.9995,600000.0,2630.0,0.0,0.0,340.0,1551622.7649613353,1113.9944605898431,1.529158907942474e-05,1922421.2086011707,11698.312825658679,966250.6760138948,966.471139092057,11.646561067850998,553.878644779026,2856939.2856834084,-597550.434239694,1729694.4257218572,1
1324.4399999990856,phase0-forces,A,nominal,Kerbin,3531599999999.9995,600000.0,2630.0,0.0,0.0,340.0,1552201.066879103,1113.5984823435094,1.527345557406079e-05,1922923.6814483753,11704.368476577733,966538.6465936787,966.116810114102,11.644404629785502,553.7005480704685,2856939.285690131,-597550.4342397805,1729694.4257251753,1
1324.939999999085,phase0-forces,A,nominal,Kerbin,3531599999999.9995,600000.0,2630.0,0.0,0.0,340.0,1552756.932434041,1113.2179347219976,1.5256340702762827e-05,1923406.6547055033,11710.190160511589,966815.4540675342,965.7762911393049,11.64233171853196,553.5293865478812,2856939.285696676,-597550.4342398159,1729694.42572843,1
1325.4799999990846,phase0-forces,A,nominal,Kerbin,3531599999999.9995,600000.0,2630.0,0.0,0.0,340.0,1553357.0537397773,1112.8071640331596,1.52386801346438e-05,1923928.0746397935,11716.476415182444,967114.3100399675,965.4087307901996,11.640093620144873,553.3446259412785,2856939.285705633,-597550.4342398413,1729694.425732896,1
1325.9999999990841,phase0-forces,A,nominal,Kerbin,3531599999999.9995,600000.0,2630.0,0.0,0.0,340.0,1553934.7389029283,1112.4118234736593,1.5222026377159636e-05,1924429.9951842548,11722.528703507856,967402.0030001746,965.0549799912671,11.637939047630663,553.1668003168394,2856939.285704971,-597550.4342396201,1729694.4257326752,1
1326.5799999990836,phase0-forces,A,nominal,Kerbin,3531599999999.9995,600000.0,2630.0,0.0,0.0,340.0,1554578.8377770581,1111.9711168700242,1.5201613678073045e-05,1924989.6126892571,11729.278011260198,967722.7822432094,964.66063861972,11.635536603001094,552.968562703996,2856939.285702816,-597550.4342395342,1729694.425731641,1
1327.0999999990831,phase0-forces,A,nominal,Kerbin,3531599999999.9995,600000.0,2630.0,0.0,0.0,340.0,1555156.0886473483,1111.5762246284614,1.5183966752374545e-05,1925491.1443331437,11735.327930285976,968010.2797009674,964.3072942986655,11.63338334331064,552.7909276694386,2856939.2856989433,-597550.4342395164,1729694.4257297134,1
1327.6199999990827,phase0-forces,A,nominal,Kerbin,3531599999999.9995,600000.0,2630.0,0.0,0.0,340.0,1555733.1343839592,1111.181543940105,1.5165979675657582e-05,1925992.492286412,11741.376729774334,968297.684810696,963.9541417842727,11.63123070344907,552.6133825762686,2856939.285698947,-597550.4342394467,1729694.4257297502,1
1328.1199999990822,phase0-forces,A,nominal,Kerbin,3531599999999.9995,600000.0,2630.0,0.0,0.0,340.0,1556287.792707074,1110.802242553252,1.5149389582802542e-05,1926474.3844910723,11747.19182765763,968573.9488348083,963.614752732469,11.629161441558034,552.442750863691,2856939.285701003,-597550.4342393869,1729694.425730808,1
1328.6399999990817,phase0-forces,A,nominal,Kerbin,3531599999999.9995,600000.0,2630.0,0.0,0.0,340.0,1556864.4363895184,1110.4079761194816,1.5131231521081645e-05,1926975.3724217599,11753.238432074651,968861.1729387519,963.2619758028615,11.627010016205835,552.2653818955282,2856939.2857041657,-597550.4342392742,1729694.4257324457,1
1329.1599999990813,phase0-forces,A,nominal,Kerbin,3531599999999.9995,600000.0,2630.0,0.0,0.0,340.0,1557440.8752643117,1110.0139205115302,1.5114374946278986e-05,1927476.1769572648,11759.283917911469,969148.3048353259,962.9093900186917,11.624859209297115,552.0881025629628,2856939.2857013894,-597550.4342394652,1729694.425730962,1
1329.6599999990808,phase0-forces,A,nominal,Kerbin,3531599999999.9995,600000.0,2630.0,0.0,0.0,340.0,1557994.9503708342,1109.6352194844314,1.5097534742380958e-05,1927957.5469223773,11765.095830483264,969424.3062824281,962.5705452796118,11.622791708510643,551.9177261089501,2856939.2857073057,-597550.4342394164,1729694.4257339446,1
1330.1999999990803,phase0-forces,A,nominal,Kerbin,3531599999999.9995,600000.0,2630.0,0.0,0.0,340.0,1558593.1390262307,1109.2264408075846,1.5079306649568025e-05,1928477.2362410454,11771.371535126666,969722.2921864783,962.204791000959,11.620559448926398,551.7338124127948,2856939.2857076437,-597550.4342396434,1729694.425734,1
1330.7199999990798,phase0-forces,A,nominal,Kerbin,3531599999999.9995,600000.0,2630.0,0.0,0.0,340.0,1559168.964133576,1108.8330162211498,1.50619034684496e-05,1928977.4911888768,11777.41366715111,970009.1477360616,961.8527773194812,11.618410494501319,551.556801392635,2856939.2857046044,-597550.4342395242,1729694.4257325402,1
1331.2399999990794,phase0-forces,A,nominal,Kerbin,3531599999999.9995,600000.0,2630.0,0.0,0.0,340.0,1559744.5848706365,1108.4398014895194,1.5044623978610616e-05,1929477.56313974,11783.454681879455,970295.9112632239,961.5009538980687,11.616262156587421,551.3798796045595,2856939.2857018984,-597550.4342396233,1729694.4257311376,1
1331.599999999079,phase0-forces,A,nominal,Kerbin,3531599999999.9995,600000.0,2630.0,0.0,0.0,340.0,1560142.9718711372,1108.1676987169776,1.5031873772386461e-05,1929823.6596498024,11787.636268497157,970494.3859761957,961.2574951791094,11.614775206670984,551.2574475130157,2856939.285718613,-597550.4342396529,1729694.42573948,1
1332.1199999990786,phase0-forces,A,nominal,Kerbin,3531599999999.9995,600000.0,2630.0,0.0,0.0,340.0,1560718.2469983352,1107.7748385756734,1.5014789823908359e-05,1930323.4221384851,11793.6753931484,970780.9938785611,960.9059932319333,11.612627911068179,551.0806765123504,2856939.285725705,-597550.434239422,1729694.4257431414,1
1332.639999999078,phase0-forces,A,nominal,Kerbin,3531599999999.9995,600000.0,2630.0,0.0,0.0,340.0,1561293.31804694,1107.3821876401971,1.4996987374615856e-05,1930823.001895432,11799.7134013659,971067.5098825571,960.5546809528068,11.610481230721236,550.9039944745646,2856939.285737388,-597550.4342393335,1729694.4257490272,1
1333.1399999990776,phase0-forces,A,nominal,Kerbin,3531599999999.9995,600000.0,2630.0,0.0,0.0,340.0,1561846.0786233088,1107.0048357300004,1.4980878404458053e-05,1931303.1948128548,11805.518125944769,971342.91941951,960.2170593433855,11.608417694839494,550.7341917060974,2856939.2857508073,-597550.4342390775,1729694.425755865,1
1333.6999999990771,phase0-forces,A,nominal,Kerbin,3531599999999.9995,600000.0,2630.0,0.0,0.0,340.0,1562509.1425214834,1106.5371873534266,1.4960925000195857e-05,1931821.613605843,11811.786069771006,971640.2663827084,959.8391308412496,11.606107208919305,550.5441100342471,2856939.285758744,-597550.4342388222,1729694.425759961,1
1334.3199999990766,phase0-forces,A,nominal,Kerbin,3531599999999.9995,600000.0,2630.0,0.0,0.0,340.0,1563194.02358599,1106.0849065448813,1.4941696463210974e-05,1932416.5925709843,11818.98111444451,971981.5427215731,959.434450671672,11.603632478208782,550.3405651953555,2856939.285732016,-597550.4342387215,1729694.4257475594,1
1334.919999999076,phase0-forces,A,nominal,Kerbin,3531599999999.9995,600000.0,2630.0,0.0,0.0,340.0,1563856.5361133441,1105.6329028896089,1.4921486581442878e-05,1933011.3123524645,11826.17457390956,972322.6886949375,959.0165451575012,11.601076114217188,550.1303593738636,2856939.2857242106,-597550.4342386582,1729694.4257427761,1
1335.4999999990755,phase0-forces,A,nominal,Kerbin,3531599999999.9995,600000.0,2630.0,0.0,0.0,340.0,1564452.5657499228,1105.2263362583724,1.4903262126608752e-05,1933567.4286209699,11832.902504580536,972641.7072981352,958.6258438775419,11.598685465482292,549.9338290236817,2856939.2857202943,-597550.4342386171,1729694.4257408385,1
1335.999999999075,phase0-forces,A,nominal,Kerbin,3531599999999.9995,600000.0,2630.0,0.0,0.0,340.0,1565004.2494882825,1104.8500853410176,1.4886864846630488e-05,1934046.657369879,11838.701332089518,972916.6318701153,958.2892204075874,11.596625172745382,549.7644945003954,2856939.285726714,-597550.4342384386,1729694.4257441377,1
1336.5199999990746,phase0-forces,A,nominal,Kerbin,3531599999999.9995,600000.0,2630.0,0.0,0.0,340.0,1565577.8012134433,1104.458987808141,1.4870517588860821e-05,1934544.8767701178,11844.73102007163,973202.463631286,957.9393164139651,11.59448306824532,549.5884731150287,2856939.285718627,-597550.434238413,1729694.425740107,1
1337.039999999074,phase0-forces,A,nominal,Kerbin,3531599999999.9995,600000.0,2630.0,0.0,0.0,340.0,1566151.1497733989,1104.068097453297,1.4852950698696077e-05,1935042.9142686063,11850.759594313597,973488.2038835983,957.5896002378303,11.592341574997509,549.4125398526176,2856939.285708986,-597550.434238206,1729694.42573539,1
1337.5599999990736,phase0-forces,A,nominal,Kerbin,3531599999999.9995,600000.0,2630.0,0.0,0.0,340.0,1566724.2952766619,1103.67741403731,1.4836248737992719e-05,1935540.7699636335,11856.787055138955,973773.8526739468,957.240071662911,11.590200692534715,549.2366946105984,2856939.2856944427,-597550.4342380998,1729694.4257281714,1
1338.0799999990732,phase0-forces,A,nominal,Kerbin,3531599999999.9995,600000.0,2630.0,0.0,0.0,340.0,1567297.237830488,1103.2869373265423,1.4819023817835841e-05,1936038.4439530447,11862.8134028699,974059.4100473056,956.890730476734,11.588060420363114,549.0609372909148,2856939.285688856,-597550.434238159,1729694.4257253485,1
1338.5999999990727,phase0-forces,A,nominal,Kerbin,3531599999999.9995,600000.0,2630.0,0.0,0.0,340.0,1567869.9775412017,1102.8966670813645,1.4801963516219985e-05,1936535.9363328912,11868.838637813054,974344.8760501456,956.5415764599346,11.585920758048212,548.8852677954777,2856939.2856796323,-597550.43423828,1729694.425720676,1
1339.1199999990722,phase0-forces,A,nominal,Kerbin,3531599999999.9995,600000.0,2630.0,0.0,0.0,340.0,1568442.514516876,1102.5066030650157,1.478562717238674e-05,1937033.2472020707,11874.862760292955,974630.250727166,956.1926093963198,11.583781705121016,548.7096860264319,2856939.285668126,-597550.4342383246,1729694.4257149005,1
1339.6399999990717,phase0-forces,A,nominal,Kerbin,3531599999999.9995,600000.0,2630.0,0.0,0.0,340.0,1569014.8488635276,1102.1167450440673,1.4768253095098771e-05,1937530.3766562776,11880.88577062022,974915.5341248602,955.8438290729047,11.581643261058696,548.5341918870245,2856939.2856622,-597550.4342383462,1729694.4257119268,1
1340.1599999990713,phase0-forces,A,nominal,Kerbin,3531599999999.9995,600000.0,2630.0,0.0,0.0,340.0,1569586.9806897352,1101.7270927774337,1.4752184142707847e-05,1938027.3247944613,11886.907669119946,975200.7262889473,955.4952352701383,11.579505425437459,548.3587852765572,2856939.285645918,-597550.4342383142,1729694.425703802,1
1340.6799999990708,phase0-forces,A,nominal,Kerbin,3531599999999.9995,600000.0,2630.0,0.0,0.0,340.0,1570158.9101003339,1101.3376460403736,1.4732951058249455e-05,1938524.0917116622,11892.92845610281,975485.82726459,955.1468277831044,11.577368197790312,548.1834661016662,2856939.285654703,-597550.4342382768,1729694.4257082131,1
1341.1999999990703,phase0-forces,A,nominal,Kerbin,3531599999999.9995,600000.0,2630.0,0.0,0.0,340.0,1570730.637202113,1100.9484045880033,1.4716959412908182e-05,1939020.6775053819,11898.94813188177,975770.8370964032,954.7986063903872,11.575231577643173,548.0082342572675,2856939.2856520396,-597550.4342384591,1729694.4257067903,1
1341.7199999990698,phase0-forces,A,nominal,Kerbin,3531599999999.9995,600000.0,2630.0,0.0,0.0,340.0,1571302.1621014802,1100.5593681880546,1.4699380699312314e-05,1939517.082272273,11904.966696776553,976055.7558298403,954.450570879652,11.573095564512307,547.8330896477971,2856939.2856459185,-597550.4342387728,1729694.4257035728,1
1342.2399999990694,phase0-forces,A,nominal,Kerbin,3531599999999.9995,600000.0,2630.0,0.0,0.0,340.0,1571873.4849053794,1100.1705366113686,1.4682812434330117e-05,1940013.3061090016,11910.984151106613,976340.5835115181,954.1027210384248,11.570960157954365,547.6580321841756,2856939.285656901,-597550.4342386845,1729694.4257091084,1
1342.759999999069,phase0-forces,A,nominal,Kerbin,3531599999999.9995,600000.0,2630.0,0.0,0.0,340.0,1572444.6057202313,1099.7819096172802,1.4666676179331262e-05,1940509.3491129787,11917.000495184862,976625.3201854095,953.7550566494886,11.568825357505279,547.4830617624715,2856939.285659894,-597550.4342384579,1729694.425710718,1
1343.2799999990684,phase0-forces,A,nominal,Kerbin,3531599999999.9995,600000.0,2630.0,0.0,0.0,340.0,1573015.5246506785,1099.393486973958,1.4650006960437167e-05,1941005.2113783965,11923.015729316563,976909.965897927,953.4075775032352,11.566691162653287,547.30817828324,2856939.285657209,-597550.4342384544,1729694.4257093773,1
1343.799999999068,phase0-forces,A,nominal,Kerbin,3531599999999.9995,600000.0,2630.0,0.0,0.0,340.0,1573586.2418038975,1099.0052684475272,1.4633051250712015e-05,1941500.8930031364,11929.029853829352,977194.5206937878,953.0602833845553,11.564557572994644,547.1333816525122,2856939.285649944,-597550.4342383209,1729694.4257058117,1
1344.3199999990675,phase0-forces,A,nominal,Kerbin,3531599999999.9995,600000.0,2630.0,0.0,0.0,340.0,1574156.7572849798,1098.6172538107332,1.4616437510994729e-05,1941996.3940826175,11935.042869029377,977478.9846179631,952.7131740906948,11.562424588036587,546.958671768093,2856939.285655727,-597550.4342387789,1729694.4257084741,1
1344.839999999067,phase0-forces,A,nominal,Kerbin,3531599999999.9995,600000.0,2630.0,0.0,0.0,340.0,1574727.0712008271,1098.2294428287419,1.4600045687984675e-05,1942491.7147144424,11941.05477523648,977763.3577151098,952.3662493996366,11.560292207268926,546.7840485461154,2856939.2856669715,-597550.4342384858,1729694.4257142427,1
1345.3599999990665,phase0-forces,A,nominal,Kerbin,3531599999999.9995,600000.0,2630.0,0.0,0.0,340.0,1575297.1836559842,1097.8418352660071,1.4583834854420274e-05,1942986.8549927347,11947.065572763224,978047.6400315566,952.0195091021069,11.5581604302699,546.6095118790802,2856939.2856687224,-597550.4342383955,1729694.4257151634,1
1345.879999999066,phase0-forces,A,nominal,Kerbin,3531599999999.9995,600000.0,2630.0,0.0,0.0,340.0,1575867.0947551825,1097.454430895993,1.4566335266863462e-05,1943481.8150138403,11953.075261923736,978331.8316096279,951.672952993213,11.556029256568156,546.4350616699545,2856939.285678258,-597550.4342386764,1729694.4257197909,1
1346.3999999990656,phase0-forces,A,nominal,Kerbin,3531599999999.9995,600000.0,2630.0,0.0,0.0,340.0,1576436.8046056866,1097.0672294799417,1.4549875231750775e-05,1943976.594874279,11959.083843032884,978615.9324969369,951.3265808515297,11.553898685715698,546.2606978259494,2856939.285671429,-597550.4342387522,1729694.4257163382,1
1346.919999999065,phase0-forces,A,nominal,Kerbin,3531599999999.9995,600000.0,2630.0,0.0,0.0,340.0,1577006.313312051,1096.6802307951302,1.4533293324348051e-05,1944471.194668992,11965.091316404647,978899.9427382052,950.9803924738748,11.551768717229072,546.0864202547057,2856939.2856760267,-597550.4342386308,1729694.425718698,1
1347.4399999990646,phase0-forces,A,nominal,Kerbin,3531599999999.9995,600000.0,2630.0,0.0,0.0,340.0,1577575.620977933,1096.2934346067466,1.4517145245918073e-05,1944965.614492766,11971.097682341293,979183.862376463,950.6343876472324,11.549639350636497,545.9122288567078,2856939.2856731107,-597550.4342384195,1729694.4257173457,1
1347.9399999990642,phase0-forces,A,nominal,Kerbin,3531599999999.9995,600000.0,2630.0,0.0,0.0,340.0,1578122.8427044656,1095.9217059455407,1.450124636903638e-05,1945440.8485383764,11976.871990142381,979456.7766300854,950.3018636035059,11.547592449986581,545.7448183014632,2856939.285672683,-597550.4342384954,1729694.4257170937,1
1348.4599999990637,phase0-forces,A,nominal,Kerbin,3531599999999.9995,600000.0,2630.0,0.0,0.0,340.0,1578691.7563286326,1095.5353063010195,1.4483976883639116e-05,1945934.9156205219,11982.876184722285,979740.518679123,949.9562182182779,11.545464262740945,545.5707956585051,2856939.285686435,-597550.4342383438,1729694.4257240456,1
1348.9799999990632,phase0-forces,A,nominal,Kerbin,3531599999999.9995,600000.0,2630.0,0.0,0.0,340.0,1579260.4692255259,1095.1491084692318,1.4468638255493715e-05,1946428.8030158528,11988.879272806787,980024.1702596506,949.6107557607446,11.543336676013974,545.3968589044539,2856939.2856857385,-597550.4342380931,1729694.4257238228,1
1349.4999999990628,phase0-forces,A,nominal,Kerbin,3531599999999.9995,600000.0,2630.0,0.0,0.0,340.0,1579828.9814970256,1094.7631122243447,1.4452544746745843e-05,1946922.5108168228,11994.881254702263,980307.7314153772,949.2654760276084,11.541209689387838,545.2230079408941,2856939.285676507,-597550.4342381718,1729694.4257191676,1
1350.0199999990623,phase0-forces,A,nominal,Kerbin,3531599999999.9995,600000.0,2630.0,0.0,0.0,340.0,1580397.293248897,1094.3773173427276,1.4435289813263807e-05,1947416.0391200879,12000.882130719476,980591.2021903062,948.9203788135535,11.5390833023802,545.0492426773457,2856939.2856784477,-597550.4342382976,1729694.4257200751,1
1350.5399999990618,phase0-forces,A,nominal,Kerbin,3531599999999.9995,600000.0,2630.0,0.0,0.0,340.0,1580965.4045851026,1093.9917235909031,1.441973199689528e-05,1947909.3880197057,12006.881901170624,980874.5826295882,948.5754639049076,11.536957514478404,544.8755630181017,2856939.285672574,-597550.4342383468,1729694.4257171135,1
1351.0599999990613,phase0-forces,A,nominal,Kerbin,3531599999999.9995,600000.0,2630.0,0.0,0.0,340.0,1581533.3156116474,1093.606330744707,1.4402361557586119e-05,1948402.5576123302,12012.880566371641,981157.8727777582,948.2307310979797,11.534832325297387,544.7019688687748,2856939.2856764616,-597550.4342383909,1729694.4257190353,1
1351.5799999990609,phase0-forces,A,nominal,Kerbin,3531599999999.9995,600000.0,2630.0,0.0,0.0,340.0,1582101.0264304583,1093.2211385759817,1.4385964277607854e-05,1948895.547990174,12018.878126625197,981441.0726791074,947.8861801847193,11.532707734345445,544.5284601345479,2856939.285681681,-597550.4342384619,1729694.4257216095,1
1352.0999999990604,phase0-forces,A,nominal,Kerbin,3531599999999.9995,600000.0,2630.0,0.0,0.0,340.0,1582668.537147143,1092.8361468529042,1.4370446479006205e-05,1949388.3592493697,12024.874582249871,981724.1823783199,947.5418109560162,11.5305837411598,544.3550367150872,2856939.285675461,-597550.434238867,1729694.425718297,1
1352.61999999906,phase0-forces,A,nominal,Kerbin,3531599999999.9995,600000.0,2630.0,0.0,0.0,340.0,1583235.8478658912,1092.4513553561621,1.4353661754284985e-05,1949880.991484369,12030.869933552262,982007.2019202674,947.1976232071443,11.528460345275095,544.1816985275409,2856939.2856844403,-597550.434238862,1729694.4257227893,1
1353.1399999990595,phase0-forces,A,nominal,Kerbin,3531599999999.9995,600000.0,2630.0,0.0,0.0,340.0,1583802.958688119,1092.0667638543387,1.4338129403768107e-05,1950373.4447879505,12036.864180845238,982290.1313469749,946.8536167300299,11.526337546256997,544.008445470582,2856939.285685427,-597550.4342388307,1729694.4257232982,1
1353.639999999059,phase0-forces,A,nominal,Kerbin,3531599999999.9995,600000.0,2630.0,0.0,0.0,340.0,1584348.0691408697,1091.6971527272472,1.4322622519102879e-05,1950846.7889266147,12042.626839319202,982562.0939324754,946.5230120270876,11.52429695576558,543.8419361869985,2856939.2856789716,-597550.4342388579,1729694.4257200568,1
1354.1599999990585,phase0-forces,A,nominal,Kerbin,3531599999999.9995,600000.0,2630.0,0.0,0.0,340.0,1584914.788161798,1091.3129528710522,1.4305877812148537e-05,1951338.89152379,12048.618921949079,982844.8467265294,946.1793605266134,11.522175326164653,543.6688498464276,2856939.2856845474,-597550.4342388029,1729694.4257228721,1
1354.679999999058,phase0-forces,A,nominal,Kerbin,3531599999999.9995,600000.0,2630.0,0.0,0.0,340.0,1585481.3075944963,1090.928952338401,1.4290447325038258e-05,1951830.8154696957,12054.609901489224,983127.5095367718,945.8358896871523,11.520054292048842,543.4958483548725,2856939.2856748705,-597550.434238901,1729694.4257179848,1
1355.1799999990576,phase0-forces,A,nominal,Kerbin,3531599999999.9995,600000.0,2630.0,0.0,0.0,340.0,1586025.8496948774,1090.5599088240444,1.4274541172198951e-05,1952303.650875466,12060.369418764169,983399.2158843835,945.5057994494465,11.518015397359031,543.3295806994845,2856939.285673039,-597550.4342390761,1729694.4257169815,1
1355.6999999990571,phase0-forces,A,nominal,Kerbin,3531599999999.9995,600000.0,2630.0,0.0,0.0,340.0,1586591.9779281728,1090.1762986302924,1.425860682502389e-05,1952795.2246620294,12066.358235444191,983681.7023183604,945.1626823958445,11.51589553001964,543.1567453798933,2856939.2856751173,-597550.4342391387,1729694.4257179892,1
1356.2199999990567,phase0-forces,A,nominal,Kerbin,3531599999999.9995,600000.0,2630.0,0.0,0.0,340.0,1587157.9068798316,1089.792887096405,1.4242286852095276e-05,1953286.6200752421,12072.345949951477,983964.0989005987,944.8197453963326,11.513776256809631,542.9839946365223,2856939.285668755,-597550.4342390534,1729694.425714851,1
1356.7399999990562,phase0-forces,A,nominal,Kerbin,3531599999999.9995,600000.0,2630.0,0.0,0.0,340.0,1587723.6366506987,1089.4096740061095,1.422535478923237e-05,1953777.8372068095,12078.332562588288,984246.4056739797,944.4769882554838,11.511657577277886,542.8113283764184,2856939.285678248,-597550.4342391221,1729694.425719563,1
1357.2599999990557,phase0-forces,A,nominal,Kerbin,3531599999999.9995,600000.0,2630.0,0.0,0.0,340.0,1588289.1673466093,1089.0266591285729,1.4209515939000994e-05,1954268.8761526633,12084.31807367057,984528.6226840831,944.134410760988,11.509539490981592,542.6387465067791,2856939.285682381,-597550.4342389986,1729694.4257216912,1
1357.8199999990552,phase0-forces,A,nominal,Kerbin,3531599999999.9995,600000.0,2630.0,0.0,0.0,340.0,1588897.977884374,1088.6144029857326,1.4192421986081172e-05,1954778.6127124778,12090.532631120946,984821.599230785,943.7656818288253,11.507259137871156,542.4529833794718,2856939.2856876687,-597550.434238787,1729694.4257244407,1
1357.959999999055,phase0-forces,A,nominal,Kerbin,3531599999999.9995,600000.0,2630.0,0.0,0.0,340.0,1589050.1444771877,1088.5113747947785,1.4187975466484204e-05,1954929.6088991459,12092.373753456644,984908.388522524,943.6735320832305,11.506689156939519,542.4065578584248,2856939.285683926,-597550.4342387953,1729694.4257225655,1
1358.2599999990548,phase0-forces,A,nominal,Kerbin,3531599999999.9995,600000.0,2630.0,0.0,0.0,340.0,1589376.1672174106,1088.290648350868,1.4179126083035953e-05,1955212.6813376374,12095.82557693437,985071.09556605,943.476112073768,11.505467913756245,542.3070951427843,2856939.2856879104,-597550.4342388478,1729694.4257245313,1
1358.7999999990543,phase0-forces,A,nominal,Kerbin,3531599999999.9995,600000.0,2630.0,0.0,0.0,340.0,1589962.8414377808,1087.893506426663,1.4163105333864223e-05,1955722.062511871,12102.03793605546,985363.8930670978,943.1209062098015,11.503270172472766,542.1281327976269,2856939.28567817,-597550.4342387312,1729694.4257197196,1
1359.3199999990538,phase0-forces,A,nominal,Kerbin,3531599999999.9995,600000.0,2630.0,0.0,0.0,340.0,1590527.584491877,1087.5112745903134,1.4147917681839317e-05,1956212.3964787328,12108.019086289043,985645.7549021124,942.7790384041011,11.501154431798486,541.955884324197,2856939.2856581504,-597550.4342386873,1729694.4257097316,1
1359.8199999990534,phase0-forces,A,nominal,Kerbin,3531599999999.9995,600000.0,2630.0,0.0,0.0,340.0,1591070.419398738,1087.143929871246,1.4131930583971553e-05,1956683.7038429012,12113.769154899966,985916.6914484455,942.4504878362718,11.499120623107462,541.7903399452277,2856939.2856562375,-597550.4342385875,1729694.425708825,1
1360.339999999053,phase0-forces,A,nominal,Kerbin,3531599999999.9995,600000.0,2630.0,0.0,0.0,340.0,1591634.7730503906,1086.762084479409,1.411476478097029e-05,1957173.6892831721,12119.74814767054,986198.3776736663,942.1089702681547,11.497006041255561,541.6182560202294,2856939.2856796226,-597550.4342386138,1729694.4257205043,1
1360.8599999990524,phase0-forces,A,nominal,Kerbin,3531599999999.9995,600000.0,2630.0,0.0,0.0,340.0,1592198.9283340345,1086.3804357590843,1.4099314284976572e-05,1957663.4971802386,12125.726041014988,986479.9744368381,941.7676309435547,11.494892049463921,541.4462558406269,2856939.2856807294,-597550.4342387033,1729694.425721013,1
1361.399999999052,phase0-forces,A,nominal,Kerbin,3531599999999.9995,600000.0,2630.0,0.0,0.0,340.0,1592784.5720490464,1085.9843161761635,1.4083240785112139e-05,1958171.9560254645,12131.932689989599,986772.3072020875,941.4133516308391,11.492697374358116,541.2677288171362,2856939.2856873823,-597550.4342384713,1729694.4257244556,1
1361.9199999990515,phase0-forces,A,nominal,Kerbin,3531599999999.9995,600000.0,2630.0,0.0,0.0,340.0,1593348.3232843555,1085.6030676935266,1.4067494703340344e-05,1958661.40229592,12137.908343137315,987053.7217353106,941.0723750375066,11.49058458402712,541.0958990722249,2856939.2856960353,-597550.434238525,1729694.425728755,1
1362.419999999051,phase0-forces,A,nominal,Kerbin,3531599999999.9995,600000.0,2630.0,0.0,0.0,340.0,1593890.2050004867,1085.2366674611844,1.4051895050215535e-05,1959131.8565424872,12143.65312753109,987324.2283901393,940.7446804493466,11.48855361001448,540.9307568852637,2856939.285703288,-597550.4342381324,1729694.4257325777,1
1362.8399999990506,phase0-forces,A,nominal,Kerbin,3531599999999.9995,600000.0,2630.0,0.0,0.0,340.0,1594345.2441963698,1084.9290311661728,1.4040577298146673e-05,1959526.9115169323,12148.477961751069,987551.3901824809,940.4695437865821,11.486848012217367,540.792097020447,2856939.285696011,-597550.4342382986,1729694.4257288561,1
1363.3999999990501,phase0-forces,A,nominal,Kerbin,3531599999999.9995,600000.0,2630.0,0.0,0.0,340.0,1594951.762327569,1084.519047941038,1.402246198267676e-05,1960053.4717726894,12154.909959872706,987854.1820028886,940.102874797695,11.484574478379795,540.607301738605,2856939.2857155404,-597550.4342382994,1729694.4257386206,1
1363.9199999990497,phase0-forces,A,nominal,Kerbin,3531599999999.9995,600000.0,2630.0,0.0,0.0,340.0,1595514.7523568375,1084.1385521326204,1.400656947225798e-05,1960542.236772032,12160.881389705597,988135.2531982901,939.7625803319503,11.48246394985196,540.4357925319985,2856939.285721182,-597550.4342381724,1729694.4257415046,1
1364.4399999990492,phase0-forces,A,nominal,Kerbin,3531599999999.9995,600000.0,2630.0,0.0,0.0,340.0,1596077.5447175773,1083.7582514893254,1.3990300431032665e-05,1961030.8248639158,12166.851722214655,988416.2352296242,939.4224627384064,11.480354008306032,540.264366440682,2856939.285727001,-597550.434238326,1729694.4257443375,1
1364.9599999990487,phase0-forces,A,nominal,Kerbin,3531599999999.9995,600000.0,2630.0,0.0,0.0,340.0,1596640.1395120444,1083.3781457912653,1.3975144611322321e-05,1961519.2361408218,12172.820957704704,988697.1281413499,939.0825218120079,11.478244653284143,540.0930233811573,2856939.2857280257,-597550.4342380071,1729694.4257450092,1
1365.4799999990482,phase0-forces,A,nominal,Kerbin,3531599999999.9995,600000.0,2630.0,0.0,0.0,340.0,1597202.5368420254,1082.9982348202964,1.3960258911538403e-05,1962007.4706952595,12178.78909649029,988977.9319768288,938.7427573587069,11.476135884324925,539.9217632542834,2856939.2857271857,-597550.4342379763,1729694.4257446046,1
1366.0199999990477,phase0-forces,A,nominal,Kerbin,3531599999999.9995,600000.0,2630.0,0.0,0.0,340.0,1597786.3559424006,1082.6039177633454,1.3943932572146878e-05,1962514.2965506208,12184.985618607425,989269.4417227661,938.3901116132448,11.473946628698124,539.7440038868317,2856939.285727596,-597550.434237737,1729694.4257449294,1
1366.5199999990473,phase0-forces,A,nominal,Kerbin,3531599999999.9995,600000.0,2630.0,0.0,0.0,340.0,1598348.3510589064,1082.2098102263485,1.3927783584222198e-05,1962983.4100011955,12190.72208514064,989539.2725873733,938.0637570777544,11.47192010283079,539.5794914518891,2856939.2857381143,-597550.4342375159,1729694.4257502407,1
1367.0999999990468,phase0-forces,A,nominal,Kerbin,3531599999999.9995,600000.0,2630.0,0.0,0.0,340.0,1598953.3560793297,1081.815911959878,1.3911817404732574e-05,1963527.3772309045,12197.37511708533,989852.1733660665,937.6853895197694,11.469570010100961,539.3887527697661,2856939.285731066,-597550.434237275,1729694.4257468954,1
1367.6399999990463,phase0-forces,A,nominal,Kerbin,3531599999999.9995,600000.0,2630.0,0.0,0.0,340.0,1599536.5373410163,1081.4222227276866,1.3895129995944444e-05,1964033.632260718,12203.56809413793,990143.395358799,937.3333127311078,11.467382646105923,539.2112608144098,2856939.285731701,-597550.4342373267,1729694.4257471873,1
1368.1599999990458,phase0-forces,A,nominal,Kerbin,3531599999999.9995,600000.0,2630.0,0.0,0.0,340.0,1600097.9185618563,1081.0433119165662,1.3879449397791177e-05,1964520.957461831,12209.530585458924,990423.7407879252,936.99445465729,11.465276890582913,539.0404266906594,2856939.2857403476,-597550.4342376564,1729694.4257513455,1
1368.6599999990453,phase0-forces,A,nominal,Kerbin,3531599999999.9995,600000.0,2630.0,0.0,0.0,340.0,1600637.5225607064,1080.679156981252,1.3864448192180134e-05,1964989.3732568757,12215.262717697851,990693.2199457167,936.6687948633648,11.463252675749487,538.8762408021095,2856939.285747745,-597550.4342377592,1729694.425754993,1
1369.2399999990448,phase0-forces,A,nominal,Kerbin,3531599999999.9995,600000.0,2630.0,0.0,0.0,340.0,1601263.2353134332,1080.2569610077549,1.384809183946345e-05,1965532.531642342,12221.910723317149,991005.7129484578,936.2912322677037,11.460905261654023,538.6858804859456,2856939.2857509633,-597550.4342377736,1729694.4257565949,1
1369.7399999990444,phase0-forces,A,nominal,Kerbin,3531599999999.9995,600000.0,2630.0,0.0,0.0,340.0,1601802.446506952,1079.8931916323218,1.383333801641129e-05,1966000.5959138526,12227.640670030369,991275.0148742885,935.965921870871,11.458882210375581,538.5218588402349,2856939.285745534,-597550.4342378642,1729694.425753835,1
1370.2599999990439,phase0-forces,A,nominal,Kerbin,3531599999999.9995,600000.0,2630.0,0.0,0.0,340.0,1602363.0333869513,1079.51506051338,1.3817796570947394e-05,1966487.2102551102,12233.598741740929,991555.0019006884,935.6277703586602,11.456778807797757,538.3513568555743,2856939.285739138,-597550.4342380298,1729694.425750554,1
1370.7599999990434,phase0-forces,A,nominal,Kerbin,3531599999999.9995,600000.0,2630.0,0.0,0.0,340.0,1602901.873977834,1079.1516544611804,1.3804104128212202e-05,1966954.9428775623,12239.32662550204,991824.1366030227,935.3027892027342,11.45475685373542,538.1874899896044,2856939.2857249565,-597550.4342379257,1729694.4257435154,1
1371.279999999043,phase0-forces,A,nominal,Kerbin,3531599999999.9995,600000.0,2630.0,0.0,0.0,340.0,1603462.0756240743,1078.7739007870189,1.3787021089228801e-05,1967441.2124790356,12245.282552318626,992103.9497995113,934.9649797263619,11.45265459140694,538.0171488041387,2856939.2857144354,-597550.4342379072,1729694.425738264,1
1371.7799999990425,phase0-forces,A,nominal,Kerbin,3531599999999.9995,600000.0,2630.0,0.0,0.0,340.0,1604000.5459836852,1078.410857268958,1.3773177670373116e-05,1967908.6137897342,12251.008374256417,992372.9174369702,934.6403270960687,11.450633732889376,537.8534363824756,2856939.285708967,-597550.4342382054,1729694.4257353807,1
1372.239999999042,phase0-forces,A,nominal,Kerbin,3531599999999.9995,600000.0,2630.0,0.0,0.0,340.0,1604495.7785410332,1078.0770139421404,1.375803094560979e-05,1968338.4796613858,12256.275238133348,992620.2953832997,934.3417886806305,11.448775016861505,537.7028877234111,2856939.285717288,-597550.4342380967,1729694.4257395957,1
1372.7199999990416,phase0-forces,A,nominal,Kerbin,3531599999999.9995,600000.0,2630.0,0.0,0.0,340.0,1605012.3793710847,1077.7288156363634,1.3744337593379896e-05,1968786.8889741732,12261.770184624453,992878.3550743104,934.0304152750523,11.446835970845672,537.5458616158517,2856939.285730421,-597550.4342380196,1729694.4257462008,1
1373.2399999990412,phase0-forces,A,nominal,Kerbin,3531599999999.9995,600000.0,2630.0,0.0,0.0,340.0,1605571.8418399356,1077.351784951354,1.372890346829081e-05,1969272.497111985,12267.721993151537,993157.834703343,933.6932609508542,11.444735894761346,537.3758284600523,2856939.2857490024,-597550.434237571,1729694.4257557157,1
1373.7799999990407,phase0-forces,A,nominal,Kerbin,3531599999999.9995,600000.0,2630.0,0.0,0.0,340.0,1606152.6147808777,1076.960455560052,1.3713533007830847e-05,1969776.596969849,12273.901561704282,993447.9699887852,933.3433226290459,11.44255565932671,537.1993418311965,2856939.2857494433,-597550.4342374896,1729694.425755977,1
1374.2599999990402,phase0-forces,A,nominal,Kerbin,3531599999999.9995,600000.0,2630.0,0.0,0.0,340.0,1606668.6801561476,1076.6127802134263,1.3699053852178622e-05,1970224.5271316017,12279.393523281764,993705.7880307591,933.0324231098496,11.440618196033464,537.042538538558,2856939.285751624,-597550.4342375026,1729694.4257573555,1
1374.51999999904,phase0-forces,A,nominal,Kerbin,3531599999999.9995,600000.0,2630.0,0.0,0.0,340.0,1606948.1459474615,1076.424523990377,1.3691907952306792e-05,1970467.0936702918,12282.367947538822,993845.408049508,932.86408075137,11.439568942433281,536.9576323642516,2856939.285755139,-597550.434237427,1729694.4257588559,1
1375.1199999990395,phase0-forces,A,nominal,Kerbin,3531599999999.9995,600000.0,2630.0,0.0,0.0,340.0,1607592.8803687557,1075.9902685455802,1.3673971807293128e-05,1971008.0459547215,12289.002218703696,994156.7885579512,932.4757632982419,11.437148139287368,536.761772585,2856939.2857783274,-597550.4342372087,1729694.4257705593,1
1375.619999999039,phase0-forces,A,nominal,Kerbin,3531599999999.9995,600000.0,2630.0,0.0,0.0,340.0,1608129.9602074493,1075.6285827945758,1.3660495824296959e-05,1971492.8526071287,12294.949032196528,994435.8639515442,932.1523410178945,11.435131390527411,536.5986386766258,2856939.285772643,-597550.4342368672,1729694.4257678878,1
1376.1199999990386,phase0-forces,A,nominal,Kerbin,3531599999999.9995,600000.0,2630.0,0.0,0.0,340.0,1608666.8593705753,1075.2670730214643,1.3645483704749495e-05,1971958.8479439705,12300.666093685662,994704.1224962429,931.8290781987448,11.433115175194203,536.4355797528864,2856939.285774853,-597550.4342366973,1729694.4257690778,1
1376.4199999990383,phase0-forces,A,nominal,Kerbin,3531599999999.9995,600000.0,2630.0,0.0,0.0,340.0,1608988.9121814435,1075.0357990335754,1.363589854008751e-05,1972238.3675773456,12304.095846733731,994865.0384960761,931.6351969764787,11.431905701866038,536.337780361154,2856939.285782584,-597550.4342364785,1729694.4257730527,1
1376.9199999990378,phase0-forces,A,nominal,Kerbin,3531599999999.9995,600000.0,2630.0,0.0,0.0,340.0,1609525.5224476517,1074.689022947616,1.3622477126773447e-05,1972704.104406834,12309.811295589094,995133.1666414634,931.3121889358504,11.429890339192294,536.1748412509212,2856939.2857873915,-597550.4342363925,1729694.4257754995,1
1377.4599999990373,phase0-forces,A,nominal,Kerbin,3531599999999.9995,600000.0,2630.0,0.0,0.0,340.0,1610104.8588607516,1074.2990931608294,1.3605857020593248e-05,1973206.9188290862,12315.982848692747,995422.6535554627,930.9635188530876,11.427714345472896,535.9989510024208,2856939.2857939056,-597550.4342366247,1729694.4257775645,1
1377.9999999990368,phase0-forces,A,nominal,Kerbin,3531599999999.9995,600000.0,2630.0,0.0,0.0,340.0,1610683.9849089542,1073.9093678289853,1.3591115930466913e-05,1973709.545018326,12322.153226920882,995712.0455113207,930.6150340294982,11.425538972255335,535.8231478840012,2856939.285795375,-597550.4342365599,1729694.4257794074,1
1378.5199999990364,phase0-forces,A,nominal,Kerbin,3531599999999.9995,600000.0,2630.0,0.0,0.0,340.0,1611241.463126631,1073.5342697814833,1.357708970317617e-05,1974193.3776129694,12328.093962533072,995990.6295436476,930.2796309426794,11.42344475439651,535.6539382459147,2856939.2857792857,-597550.4342365641,1729694.4257713608,1
1379.039999999036,phase0-forces,A,nominal,Kerbin,3531599999999.9995,600000.0,2630.0,0.0,0.0,340.0,1611798.7464750349,1073.1593609038516,1.3561072591983248e-05,1974677.0358425723,12334.033609295584,996269.1256078617,929.9443992622935,11.421351111035046,535.4848092290329,2856939.285783259,-597550.4342363074,1729694.425773476,1
1379.5599999990354,phase0-forces,A,nominal,Kerbin,3531599999999.9995,600000.0,2630.0,0.0,0.0,340.0,1612355.8350515482,1072.784640978705,1.3546387890528422e-05,1975160.519795389,12339.972167513097,996547.533745956,929.6093387950882,11.419258041742099,535.3157607343016,2856939.2857759087,-597550.4342365672,1729694.4257696709,1
1380.139999999035,phase0-forces,A,nominal,Kerbin,3531599999999.9995,600000.0,2630.0,0.0,0.0,340.0,1612998.3876678124,1072.352506358743,1.3529313946492039e-05,1975681.0000235448,12346.36632088479,996847.2596119749,929.2486957023982,11.417004608607048,535.1337984670133,2856939.2857696027,-597550.4342370214,1729694.4257662906,1
1380.6799999990344,phase0-forces,A,nominal,Kerbin,3531599999999.9995,600000.0,2630.0,0.0,0.0,340.0,1613555.0570704872,1071.9781927099548,1.351340142718982e-05,1976201.2783468107,12352.759212513896,997146.8836047163,928.8882507198971,11.41475184018005,534.9519293924059,2856939.285776296,-597550.4342367996,1729694.4257697482,1
1381.199999999034,phase0-forces,A,nominal,Kerbin,3531599999999.9995,600000.0,2630.0,0.0,0.0,340.0,1614132.931011282,1071.5896816806076,1.349763715552399e-05,1976684.2132436258,12358.694339588239,997425.0147114764,928.5537289907925,11.412660578451732,534.7831343056434,2856939.2857841076,-597550.4342369805,1729694.4257735636,1
1381.7399999990334,phase0-forces,A,nominal,Kerbin,3531599999999.9995,600000.0,2630.0,0.0,0.0,340.0,1614689.2041138187,1071.215751648575,1.3483640941558406e-05,1977185.5384927923,12364.856589941704,997713.7502885162,928.206521416882,11.410489489239918,534.6079319546322,2856939.285781852,-597550.4342367133,1729694.4257725694,1
1382.259999999033,phase0-forces,A,nominal,Kerbin,3531599999999.9995,600000.0,2630.0,0.0,0.0,340.0,1615245.282952197,1070.8420094912296,1.3469151781464461e-05,1977668.1189803288,12370.789500892492,997991.7025596414,927.872346889835,11.408399393505828,534.439300193804,2856939.2857738994,-597550.4342369463,1729694.4257684767,1
1382.7599999990325,phase0-forces,A,nominal,Kerbin,3531599999999.9995,600000.0,2630.0,0.0,0.0,340.0,1615822.5439273384,1070.4540912744105,1.3452040548145305e-05,1978131.974846018,12376.493198138864,998258.881682574,927.5511855908968,11.40639022488992,534.2772297132087,2856939.2857880318,-597550.4342368194,1729694.4257756062,1
1383.1999999990321,phase0-forces,A,nominal,Kerbin,3531599999999.9995,600000.0,2630.0,0.0,0.0,340.0,1616250.009716609,1070.1668747863043,1.344248630630318e-05,1978540.035205942,12381.511620832625,998493.9322930927,927.2686935590897,11.4046225931612,534.1346688042374,2856939.2857823535,-597550.4342368097,1729694.425772772,1
1383.7399999990316,phase0-forces,A,nominal,Kerbin,3531599999999.9995,600000.0,2630.0,0.0,0.0,340.0,1616826.9064601688,1069.7649578713788,1.3425915312836878e-05,1979040.6667192047,12387.669531291722,998782.3177854876,926.9221648420416,11.402453785227122,533.9597858075483,2856939.285782965,-597550.4342367717,1729694.4257730965,1
1384.519999999031,phase0-forces,A,nominal,Kerbin,3531599999999.9995,600000.0,2630.0,0.0,0.0,340.0,1617659.832648301,1069.219846177391,1.3404493074631318e-05,1979763.4708821366,12396.56222362673,999198.7079392383,926.4219460200719,11.399322147901449,533.7073288297202,2856939.2857708978,-597550.4342370789,1729694.4257669095,1
1385.0399999990304,phase0-forces,A,nominal,Kerbin,3531599999999.9995,600000.0,2630.0,0.0,0.0,340.0,1618214.8745740433,1068.8471049357934,1.3389978448685724e-05,1980245.1236272585,12402.489328362006,999476.1920078252,926.0886783769313,11.397235101557044,533.539123723589,2856939.2857761043,-597550.4342369706,1729694.4257695668,1
1385.55999999903,phase0-forces,A,nominal,Kerbin,3531599999999.9995,600000.0,2630.0,0.0,0.0,340.0,1618769.7228506072,1068.474550261835,1.3375195521803107e-05,1980726.6031156927,12408.415347978229,999753.5886291594,925.7555797724556,11.395148624268556,533.3709981478426,2856939.2857723325,-597550.4342370243,1729694.425767654,1
1386.3599999990292,phase0-forces,A,nominal,Kerbin,3531599999999.9995,600000.0,2630.0,0.0,0.0,340.0,1619622.9576802868,1067.9017530578242,1.3352792848309036e-05,1981467.0026849322,12417.530183042047,1000180.1820053867,925.2434500268826,11.391939769272618,533.1124985166068,2856939.2857657415,-597550.4342373352,1729694.425764203,1
1386.8999999990288,phase0-forces,A,nominal,Kerbin,3531599999999.9995,600000.0,2630.0,0.0,0.0,340.0,1620198.6323942058,1067.5153639294808,1.333753334620269e-05,1981966.5408549788,12423.681245745047,1000468.0156610486,924.8979880337823,11.389774552086125,532.9381174134629,2856939.2857686253,-597550.4342373221,1729694.4257656517,1
1387.4199999990283,phase0-forces,A,nominal,Kerbin,3531599999999.9995,600000.0,2630.0,0.0,0.0,340.0,1620752.788801157,1067.1434749233906,1.3321345250005834e-05,1982447.4013416464,12429.60338639698,1000745.0998338812,924.5654925437298,11.387690106551508,532.7702756188419,2856939.2857682602,-597550.434237641,1729694.4257653095,1
1387.9399999990278,phase0-forces,A,nominal,Kerbin,3531599999999.9995,600000.0,2630.0,0.0,0.0,340.0,1621306.7520036488,1066.7717715524723,1.3307770132087171e-05,1982928.0889754393,12435.52444329042,1001022.096749634,924.2331652402434,11.385606228020752,532.6025129700587,2856939.285775311,-597550.4342376891,1729694.4257688108,1
1388.4599999990273,phase0-forces,A,nominal,Kerbin,3531599999999.9995,600000.0,2630.0,0.0,0.0,340.0,1621860.522096998,1066.400253612376,1.3292665244080126e-05,1983408.6038425849,12441.44441671249,1001299.0064497115,923.9010059370619,11.38352291610403,532.434829382004,2856939.2857831484,-597550.4342374575,1729694.4257728455,1
1388.9599999990269,phase0-forces,A,nominal,Kerbin,3531599999999.9995,600000.0,2630.0,0.0,0.0,340.0,1622392.811318559,1066.043199506358,1.3278418919071555e-05,1983870.4745229273,12447.135677359563,1001565.1835652101,923.581780255782,11.381520265507099,532.2736696378649,2856939.2857963387,-597550.4342373792,1729694.4257794798,1
1389.4799999990264,phase0-forces,A,nominal,Kerbin,3531599999999.9995,600000.0,2630.0,0.0,0.0,340.0,1622946.2028984511,1065.672044703248,1.326433994108811e-05,1984350.650754475,12453.053526368642,1001841.9223055119,923.2499499570305,11.37943806372173,532.1061408738824,2856939.285791614,-597550.4342374239,1729694.4257770951,1
1389.979999999026,phase0-forces,A,nominal,Kerbin,3531599999999.9995,600000.0,2630.0,0.0,0.0,340.0,1623478.1283436418,1065.3153393880057,1.3251609743747395e-05,1984812.195985556,12458.742744856256,1002107.935114156,922.9310402807678,11.37743647975075,531.9451298402782,2856939.2857795907,-597550.4342376613,1729694.4257709647,1
1390.5399999990254,phase0-forces,A,nominal,Kerbin,3531599999999.9995,600000.0,2630.0,0.0,0.0,340.0,1624073.6732967435,1064.9160320922251,1.3235072401585057e-05,1985328.9373890376,12465.113481591377,1002405.7739075916,922.5740450467108,11.375195325741279,531.764883895599,2856939.285778998,-597550.4342376854,1729694.4257706562,1
1390.919999999025,phase0-forces,A,nominal,Kerbin,3531599999999.9995,600000.0,2630.0,0.0,0.0,340.0,1624477.6658468475,1064.645195395454,1.322424486716045e-05,1985679.4695098894,12469.43576683284,1002607.8213289685,922.3319086533847,11.373674915494663,531.6426260913863,2856939.2857833295,-597550.4342378376,1729694.4257727459,1
1391.4999999990246,phase0-forces,A,nominal,Kerbin,3531599999999.9995,600000.0,2630.0,0.0,0.0,340.0,1625094.0878100377,1064.2320027644123,1.3207906704337802e-05,1986214.3148672383,12476.03182529044,1002916.1199489947,921.9625039114123,11.371354870056196,531.4561029640834,2856939.2857852518,-597550.4342378166,1729694.4257737175,1
1391.999999999024,phase0-forces,A,nominal,Kerbin,3531599999999.9995,600000.0,2630.0,0.0,0.0,340.0,1625625.293881257,1063.8759860051382,1.3194033272156958e-05,1986675.2165313188,12481.717002707288,1003181.8078119904,921.6442180516433,11.36935539374586,531.2953855326721,2856939.285788103,-597550.434237773,1729694.425775165,1
1392.5199999990236,phase0-forces,A,nominal,Kerbin,3531599999999.9995,600000.0,2630.0,0.0,0.0,340.0,1626177.5595348142,1063.5059088896019,1.3179806046537124e-05,1987154.3854851592,12487.62852684223,1003458.0379653435,921.313364115998,11.367276490809234,531.1283162942286,2856939.285788011,-597550.4342377101,1729694.4257751503,1
1393.0399999990232,phase0-forces,A,nominal,Kerbin,3531599999999.9995,600000.0,2630.0,0.0,0.0,340.0,1626729.632921943,1063.1360154290378,1.3165464224584866e-05,1987633.3824379183,12493.538970090991,1003734.1812626958,920.9826765647612,11.365198150643668,530.961325372137,2856939.2857947885,-597550.4342376374,1729694.4257785755,1
1393.5599999990227,phase0-forces,A,nominal,Kerbin,3531599999999.9995,600000.0,2630.0,0.0,0.0,340.0,1627281.5141385384,1062.7663054227467,1.315037388849305e-05,1988112.2074765714,12499.44833275176,1004010.2377452486,920.6521552152708,11.363120372874127,530.7944126823337,2856939.28580882,-597550.4342375805,1729694.4257856198,1
1394.0599999990222,phase0-forces,A,nominal,Kerbin,3531599999999.9995,600000.0,2630.0,0.0,0.0,340.0,1627811.9880151264,1062.410987845252,1.3138119356881361e-05,1988572.4541230137,12505.129393445175,1004275.5948373626,920.3345027859102,11.361123039552535,530.6339934073352,2856939.2857998624,-597550.4342375546,1729694.4257811538,1
1394.5799999990218,phase0-forces,A,nominal,Kerbin,3531599999999.9995,600000.0,2630.0,0.0,0.0,340.0,1628363.4925566833,1062.0416371011338,1.3123677490511909e-05,1989050.9421952954,12511.036637335601,1004551.4811465304,920.0043069082453,11.359046363640143,530.467233929151,2856939.285788574,-597550.4342372476,1729694.4257756632,1
1395.0999999990213,phase0-forces,A,nominal,Kerbin,3531599999999.9995,600000.0,2630.0,0.0,0.0,340.0,1628914.8052082914,1061.6724692220416,1.3108684470353182e-05,1989529.258608283,12516.942801494755,1004827.2807608257,919.6742766973247,11.356970248839419,530.3005524342271,2856939.28579076,-597550.4342372589,1729694.4257767505,1
1395.6199999990208,phase0-forces,A,nominal,Kerbin,3531599999999.9995,600000.0,2630.0,0.0,0.0,340.0,1629465.9260672242,1061.3034840063888,1.3093223969917744e-05,1990007.4034500292,12522.847886229745,1005102.9937223726,919.3444119672531,11.354894694744107,530.1339488423243,2856939.2858024063,-597550.4342371966,1729694.4257826048,1
1396.1399999990203,phase0-forces,A,nominal,Kerbin,3531599999999.9995,600000.0,2630.0,0.0,0.0,340.0,1630016.8552250206,1060.934681250122,1.308039736613864e-05,1990485.3768039183,12528.751891817268,1005378.6200698154,919.0147125324031,11.352819700869004,529.9674230677975,2856939.2857972686,-597550.4342370882,1729694.4257800903,1
1396.6599999990199,phase0-forces,A,nominal,Kerbin,3531599999999.9995,600000.0,2630.0,0.0,0.0,340.0,1630567.5927778985,1060.5660607617092,1.3066291103314143e-05,1990963.1787573677,12534.654818553405,1005654.1598441915,918.6851782206479,11.350745266860176,529.8009750266532,2856939.2858047453,-597550.4342373103,1729694.4257837175,1
1397.1799999990194,phase0-forces,A,nominal,Kerbin,3531599999999.9995,600000.0,2630.0,0.0,0.0,340.0,1631118.1388201532,1060.1976223351592,1.3052686881565023e-05,1991440.8093960478,12540.556666732986,1005929.6130857304,918.3558088421823,11.348671392197152,529.6346046366098,2856939.2857955648,-597550.4342374974,1729694.4257790337,1
1397.699999999019,phase0-forces,A,nominal,Kerbin,3531599999999.9995,600000.0,2630.0,0.0,0.0,340.0,1631668.4934461452,1059.8293657818965,1.3037855751463212e-05,1991918.2688056692,12546.457436636974,1006204.9798347281,918.0266042228686,11.346598076538049,529.4683118230733,2856939.285802332,-597550.4342372661,1729694.4257825331,1
1398.2199999990185,phase0-forces,A,nominal,Kerbin,3531599999999.9995,600000.0,2630.0,0.0,0.0,340.0,1632218.6567500825,1059.4612908987299,1.3024568943365011e-05,1992395.5570720448,12552.35712856297,1006480.2601309355,917.6975641805889,11.344525319383855,529.3020964960322,2856939.285805879,-597550.4342370703,1729694.4257844044,1
1398.739999999018,phase0-forces,A,nominal,Kerbin,3531599999999.9995,600000.0,2630.0,0.0,0.0,340.0,1632768.628827178,1059.0933974861628,1.3009410395170562e-05,1992872.6742808092,12558.255742809508,1006755.4540166898,917.3686885359931,11.34245312039521,529.1359585680668,2856939.2858000905,-597550.4342373476,1729694.4257813715,1
1399.2599999990175,phase0-forces,A,nominal,Kerbin,3531599999999.9995,600000.0,2630.0,0.0,0.0,340.0,1633318.409768809,1058.7256853531253,1.299494306294946e-05,1993349.620515666,12564.153279651675,1007030.5615296387,917.0399771109555,11.340381479093134,528.9698979665022,2856939.2857992,-597550.4342374041,1729694.425780898,1
1399.779999999017,phase0-forces,A,nominal,Kerbin,3531599999999.9995,600000.0,2630.0,0.0,0.0,340.0,1633867.9996709926,1058.3581542990898,1.298178449360421e-05,1993826.3958634818,12570.049739384805,1007305.5827114576,916.7114297241123,11.338310395062253,528.8039146053432,2856939.2857949142,-597550.4342374391,1729694.4257787375,1
1400.2999999990166,phase0-forces,A,nominal,Kerbin,3531599999999.9995,600000.0,2630.0,0.0,0.0,340.0,1634417.3986280207,1057.9908041307235,1.2966640497324988e-05,1994303.0004098753,12575.94512230027,1007580.5176024695,916.38304620103,11.336239867885077,528.6380084009793,2856939.2857986293,-597550.4342377422,1729694.4257804435,1
1400.819999999016,phase0-forces,A,nominal,Kerbin,3531599999999.9995,600000.0,2630.0,0.0,0.0,340.0,1634966.606731752,1057.6236346505382,1.2952740689797793e-05,1994779.434238315,12581.839428679868,1007855.3662418529,916.0548263588418,11.334169897139864,528.4721792760996,2856939.285800609,-597550.4342378121,1729694.4257813983,1
1401.3399999990156,phase0-forces,A,nominal,Kerbin,3531599999999.9995,600000.0,2630.0,0.0,0.0,340.0,1635515.6240783422,1057.256645660618,1.2939864973304793e-05,1995255.6974360668,12587.732658825478,1008130.1286708008,915.7267700191926,11.332100482385718,528.3064271447162,2856939.285798592,-597550.434237954,1729694.425780319,1
1401.8599999990151,phase0-forces,A,nominal,Kerbin,3531599999999.9995,600000.0,2630.0,0.0,0.0,340.0,1636064.450759605,1056.8898369687572,1.2924869224661961e-05,1995731.790086735,12593.624813013243,1008404.8049281199,915.3988770053493,11.33003162320569,528.1407519294536,2856939.285800149,-597550.4342378738,1729694.4257811378,1
1402.3799999990147,phase0-forces,A,nominal,Kerbin,3531599999999.9995,600000.0,2630.0,0.0,0.0,340.0,1636613.0868686535,1056.5232083784163,1.2910898476548027e-05,1996207.7122746296,12599.51589153811,1008679.3950541056,915.0711471401202,11.327963319166575,527.9751535450572,2856939.2857995876,-597550.4342378995,1729694.4257808442,1
1402.8799999990142,phase0-forces,A,nominal,Kerbin,3531599999999.9995,600000.0,2630.0,0.0,0.0,340.0,1637140.4419589047,1056.1708505519962,1.2897513443022035e-05,1996665.1690893187,12605.179375991465,1008943.3428327406,914.7561759616972,11.325975088462613,527.8159967109325,2856939.2858060934,-597550.434237829,1729694.4257841322,1
1403.4199999990137,phase0-forces,A,nominal,Kerbin,3531599999999.9995,600000.0,2630.0,0.0,0.0,340.0,1637709.7877478637,1055.7904907239347,1.2883323506684974e-05,1997159.0456061098,12611.294822764456,1009228.3170716008,914.416176146246,11.32382837494796,527.6441869442884,2856939.2858049017,-597550.4342380908,1729694.4257834055,1
1403.9399999990133,phase0-forces,A,nominal,Kerbin,3531599999999.9995,600000.0,2630.0,0.0,0.0,340.0,1638257.8527035322,1055.4244012732272,1.286867063754471e-05,1997634.4569177045,12617.18267603942,1009502.649043307,914.088934664537,11.321761733861699,527.4788185681425,2856939.2858170094,-597550.434238131,1729694.4257894391,1
1404.4599999990128,phase0-forces,A,nominal,Kerbin,3531599999999.9995,600000.0,2630.0,0.0,0.0,340.0,1638805.7274610293,1055.0584911429598,1.285545113205444e-05,1998109.698105929,12623.069454806171,1009776.8950440887,913.7618556203736,11.3196956462523,527.3135266959752,2856939.2858168217,-597550.4342383305,1729694.4257892456,1
1404.9599999990123,phase0-forces,A,nominal,Kerbin,3531599999999.9995,600000.0,2630.0,0.0,0.0,340.0,1639332.3508326793,1054.7068234106243,1.284205700358143e-05,1998566.5004311781,12628.728805958845,1010040.5120829728,913.4475095626972,11.317709545115266,527.1546642810708,2856939.285817805,-597550.4342382223,1729694.4257897914,1
1405.4799999990119,phase0-forces,A,nominal,Kerbin,3531599999999.9995,600000.0,2630.0,0.0,0.0,340.0,1639879.8527778191,1054.3412644690463,1.2828090802941006e-05,1999041.4081602786,12634.613477864325,1010314.5895624886,913.1207486384926,11.315644541956528,526.9895222456198,2856939.2858158206,-597550.4342383959,1729694.4257887125,1
1405.9999999990114,phase0-forces,A,nominal,Kerbin,3531599999999.9995,600000.0,2630.0,0.0,0.0,340.0,1640427.1647995352,1053.9758842771464,1.2815113223041408e-05,1999516.1460160916,12640.497076114778,1010588.5811873736,912.7941496296862,11.313580091022155,526.8244564797033,2856939.285808039,-597550.4342382873,1729694.4257848759,1
1406.519999999011,phase0-forces,A,nominal,Kerbin,3531599999999.9995,600000.0,2630.0,0.0,0.0,340.0,1640974.2869908232,1053.6106826478729,1.2799886462744325e-05,1999990.7140826462,12646.379600994662,1010862.4869982089,912.46771236722,11.311516191903584,526.6594669029402,2856939.2858153176,-597550.4342381466,1729694.4257885856,1
1407.0399999990104,phase0-forces,A,nominal,Kerbin,3531599999999.9995,600000.0,2630.0,0.0,0.0,340.0,1641521.2194443205,1053.245659382067,1.2786877050530165e-05,2000465.1124442238,12652.261052792948,1011136.3070342813,912.1414366699474,11.30945284418037,526.4945534316711,2856939.2858138983,-597550.4342379984,1729694.42578795,1
1407.55999999901,phase0-forces,A,nominal,Kerbin,3531599999999.9995,600000.0,2630.0,0.0,0.0,340.0,1642067.9622517433,1052.8808142957212,1.2771403817168903e-05,2000939.3411842003,12658.141431785496,1011410.0413346295,911.8153223716715,11.307390047424413,526.3297159866439,2856939.2858323646,-597550.4342380707,1729694.425797147,1
1408.0799999990095,phase0-forces,A,nominal,Kerbin,3531599999999.9995,600000.0,2630.0,0.0,0.0,340.0,1642614.5155048915,1052.5161471877186,1.2758790035150014e-05,2001413.4003855342,12664.02073826382,1011683.6899392984,911.4893692869832,11.305327801225484,526.164954487662,2856939.2858354268,-597550.4342380129,1729694.425798707,1
1408.599999999009,phase0-forces,A,nominal,Kerbin,3531599999999.9995,600000.0,2630.0,0.0,0.0,340.0,1643160.87929775,1052.1516578697722,1.2745042113238014e-05,2001887.290134273,12669.89897251778,1011957.2528870674,911.163577245499,11.30326610515551,526.0002688541629,2856939.285838916,-597550.4342379359,1729694.42580049,1
1409.1199999990085,phase0-forces,A,nominal,Kerbin,3531599999999.9995,600000.0,2630.0,0.0,0.0,340.0,1643707.0537216724,1051.787346151555,1.2731294191326015e-05,2002361.010512422,12675.776134838754,1012230.730218877,910.8379460735404,11.301204958813386,525.8356590072076,2856939.2858448587,-597550.4342378678,1729694.4258034956,1
1409.619999999008,phase0-forces,A,nominal,Kerbin,3531599999999.9995,600000.0,2630.0,0.0,0.0,340.0,1644232.0429400504,1051.4372137289133,1.271790824830532e-05,2002816.351231095,12681.426241837762,1012493.6084878308,910.5249907222471,11.299223605344979,525.6774517041691,2856939.2858525724,-597550.4342377266,1729694.425807423,1
1410.1399999990076,phase0-forces,A,nominal,Kerbin,3531599999999.9995,600000.0,2630.0,0.0,0.0,340.0,1644777.8461779268,1051.0732498175917,1.2705465451290365e-05,2003289.7396268663,12687.301302340644,1012766.9179937693,910.1996745920975,11.297163536072226,525.5129902776835,2856939.2858398757,-597550.4342378628,1729694.4258010064,1
1410.6599999990071,phase0-forces,A,nominal,Kerbin,3531599999999.9995,600000.0,2630.0,0.0,0.0,340.0,1645323.4603195,1050.7094629468054,1.2690864423348103e-05,2003762.958899897,12693.175291752446,1013040.1419997516,909.8745188233094,11.295104015294573,525.348604402162,2856939.2858501226,-597550.4342381675,1729694.4258059775,1
1411.1799999990067,phase0-forces,A,nominal,Kerbin,3531599999999.9995,600000.0,2630.0,0.0,0.0,340.0,1645868.8854554906,1050.345852918198,1.267777133762138e-05,2004236.0091326446,12699.048210350786,1013313.2805444172,909.5495232326439,11.293045042567773,525.1842939991577,2856939.285851615,-597550.4342381835,1729694.4258067159,1
1411.6999999990062,phase0-forces,A,nominal,Kerbin,3531599999999.9995,600000.0,2630.0,0.0,0.0,340.0,1646414.1216786844,1049.9824195425642,1.2664084351854399e-05,2004708.8904094852,12704.920058422385,1013586.3336671893,909.2246876497843,11.290986617477833,525.0200589861433,2856939.285849503,-597550.4342382363,1729694.4258056332,1
1412.2199999990057,phase0-forces,A,nominal,Kerbin,3531599999999.9995,600000.0,2630.0,0.0,0.0,340.0,1646959.1690810411,1049.619162632037,1.2650610187847633e-05,2005181.6028138779,12710.790836263883,1013859.3014074725,908.9000119030666,11.288928739651935,524.855899285599,2856939.2858509403,-597550.4342382259,1729694.4258063573,1
1412.7399999990052,phase0-forces,A,nominal,Kerbin,3531599999999.9995,600000.0,2630.0,0.0,0.0,340.0,1647504.0277538602,1049.2560819962252,1.2636915926123038e-05,2005654.1464282656,12716.660544147713,1014132.1838052156,908.575495819794,11.286871408638502,524.6918148167451,2856939.2858512416,-597550.4342382975,1729694.425806472,1
1413.2399999990048,phase0-forces,A,nominal,Kerbin,3531599999999.9995,600000.0,2630.0,0.0,0.0,340.0,1648027.7524265344,1048.9071320588093,1.2623683687706944e-05,2006108.3561881147,12722.303485286313,1014394.4902778923,908.2636115338294,11.284893721021554,524.5341121615131,2856939.285843972,-597550.4342384271,1729694.4258027726,1
1413.7599999990043,phase0-forces,A,nominal,Kerbin,3531599999999.9995,600000.0,2630.0,0.0,0.0,340.0,1648572.2411623294,1048.5443966456205,1.2610162229975685e-05,2006580.5689546142,12728.171095232112,1014667.205383188,907.9394081375829,11.282837461402377,524.3701750352736,2856939.285843591,-597550.4342384356,1729694.4258025778,1
1414.2799999990038,phase0-forces,A,nominal,Kerbin,3531599999999.9995,600000.0,2630.0,0.0,0.0,340.0,1649116.541439225,1048.1818369484188,1.2596582564583514e-05,2007052.6131776934,12734.037636070756,1014939.8352600104,907.6153638969377,11.280781747381331,524.2063129054811,2856939.2858440196,-597550.4342386074,1729694.425802706,1
1414.7999999990034,phase0-forces,A,nominal,Kerbin,3531599999999.9995,600000.0,2630.0,0.0,0.0,340.0,1649660.6533487472,1047.8194527776066,1.2583082934725098e-05,2007524.4889397644,12739.903108081422,1015212.3799488684,907.2914786372758,11.278726578540862,524.0425256962599,2856939.2858403684,-597550.4342386728,1729694.4258008478,1
1415.319999999003,phase0-forces,A,nominal,Kerbin,3531599999999.9995,600000.0,2630.0,0.0,0.0,340.0,1650204.5769801028,1047.4572439515007,1.2569100363180041e-05,2007996.1963218749,12745.767511546333,1015484.8394878318,906.9677521931171,11.276671954467346,523.8788133317374,2856939.285850495,-597550.4342386398,1729694.4258059277,1
1415.8399999990024,phase0-forces,A,nominal,Kerbin,3531599999999.9995,600000.0,2630.0,0.0,0.0,340.0,1650748.3124250574,1047.095210276218,1.2556062756630126e-05,2008467.735407804,12751.630846746228,1015757.2139152345,906.6441843894586,11.274617874757704,523.7151757281329,2856939.285854935,-597550.4342387033,1729694.4258081159,1
1416.359999999002,phase0-forces,A,nominal,Kerbin,3531599999999.9995,600000.0,2630.0,0.0,0.0,340.0,1651291.8597740736,1046.7333515638586,1.2543303455458954e-05,2008939.1062796325,12757.493113965133,1016029.5032698825,906.3207750537424,11.272564338969364,523.5516128093924,2856939.285849911,-597550.4342386354,1729694.4258056378,1
1416.8799999990015,phase0-forces,A,nominal,Kerbin,3531599999999.9995,600000.0,2630.0,0.0,0.0,340.0,1651835.219119378,1046.3716676297483,1.2529200830613263e-05,2009410.3090202208,12763.354313489963,1016301.7075929504,905.9975240208537,11.270511346709764,523.3881244930259,2856939.2858482725,-597550.4342389936,1729694.4258046395,1
1417.399999999001,phase0-forces,A,nominal,Kerbin,3531599999999.9995,600000.0,2630.0,0.0,0.0,340.0,1652378.3905506772,1046.010158287203,1.2515441994764842e-05,2009881.3437116984,12769.214445603408,1016573.8269214674,905.6744311164516,11.268458897596783,523.2247107084913,2856939.2858476182,-597550.4342390227,1729694.4258042977,1
1417.9199999990005,phase0-forces,A,nominal,Kerbin,3531599999999.9995,600000.0,2630.0,0.0,0.0,340.0,1652921.3741565812,1045.6488233513073,1.2502623576438054e-05,2010352.2104346345,12775.0735105825,1016845.8612931252,905.3514961731429,11.266406991176979,523.0613713767575,2856939.2858485477,-597550.4342388692,1729694.4258048392,1
1418.439999999,phase0-forces,A,nominal,Kerbin,3531599999999.9995,600000.0,2630.0,0.0,0.0,340.0,1653464.1700291652,1045.2876626346356,1.2488974789448548e-05,2010804.8085743473,12780.706220809125,1017107.3527231233,905.0411306118094,11.264434515645144,522.9043844657504,2856939.285850423,-597550.4342386953,1729694.4258058637,1
1418.9999999989996,phase0-forces,A,nominal,Kerbin,3531599999999.9995,600000.0,2630.0,0.0,0.0,340.0,1654048.509583986,1044.8989149462022,1.2474735740397591e-05,2011329.6280542496,12787.23892928971,1017410.5844689781,904.6812891270852,11.262147071669773,522.7223656994619,2856939.285848928,-597550.4342385757,1729694.4258051761,1
1419.4599999989991,phase0-forces,A,nominal,Kerbin,3531599999999.9995,600000.0,2630.0,0.0,0.0,340.0,1654528.340069322,1044.579737318777,1.2462990525818896e-05,2011745.7158247423,12792.41909965844,1017651.003561686,904.3960368926594,11.260333370967473,522.5780716430717,2856939.2858562474,-597550.4342385079,1729694.4258088698,1
1419.9799999989987,phase0-forces,A,nominal,Kerbin,3531599999999.9995,600000.0,2630.0,0.0,0.0,340.0,1655070.5804937044,1044.219091461711,1.245073781319661e-05,2012215.917946523,12798.273939919769,1017922.7017583422,904.0737260501508,11.258283610452574,522.4150264770963,2856939.2858395684,-597550.4342388337,1729694.4258003673,1
1420.4999999989982,phase0-forces,A,nominal,Kerbin,3531599999999.9995,600000.0,2630.0,0.0,0.0,340.0,1655612.6335416762,1043.8586190921135,1.243625592906028e-05,2012685.952507302,12804.12771445169,1018194.3151904076,903.7515723295419,11.256234390612732,522.2520553833357,2856939.285833778,-597550.4342386266,1729694.4257975756,1
1420.9199999989978,phase0-forces,A,nominal,Kerbin,3531599999999.9995,600000.0,2630.0,0.0,0.0,340.0,1656050.3088899641,1043.567594854212,1.242625239683548e-05,2013065.4735375573,12808.854985280368,1018413.6334159508,903.4914858371133,11.25457964595511,522.120478899883,2856939.285828714,-597550.4342385968,1729694.4257950585,1
1421.4399999989973,phase0-forces,A,nominal,Kerbin,3531599999999.9995,600000.0,2630.0,0.0,0.0,340.0,1656592.0234478228,1043.2074356235091,1.2412705473252572e-05,2013535.2054069634,12814.706833996293,1018685.0937182883,903.1696157210638,11.252531402452579,521.9576414954386,2856939.285829729,-597550.4342386174,1729694.4257955558,1
1421.9599999989969,phase0-forces,A,nominal,Kerbin,3531599999999.9995,600000.0,2630.0,0.0,0.0,340.0,1657133.550883214,1042.8474493571064,1.2400067134876736e-05,2014004.7699458022,12820.55761776803,1018956.4693649057,902.8479022531719,11.250483698458433,521.794877939809,2856939.2858286356,-597550.4342385165,1729694.4257950594,1
1422.4799999989964,phase0-forces,A,nominal,Kerbin,3531599999999.9995,600000.0,2630.0,0.0,0.0,340.0,1657674.8912827526,1042.4876358713493,1.2386755770421587e-05,2014474.1672327048,12826.407336874787,1019227.7603928965,902.526345268222,11.248436533601765,521.6321881526972,2856939.285819573,-597550.4342386329,1729694.42579047,1
1422.979999998996,phase0-forces,A,nominal,Kerbin,3531599999999.9995,600000.0,2630.0,0.0,0.0,340.0,1658195.234598659,1042.141824138099,1.237353262695251e-05,2014925.3531281615,12832.031063013106,1019488.5373873726,902.217303275391,11.24646861387479,521.4758251655421,2856939.2858166816,-597550.4342386231,1729694.425789029,1
1423.4999999989955,phase0-forces,A,nominal,Kerbin,3531599999999.9995,600000.0,2630.0,0.0,0.0,340.0,1658736.2083839062,1041.7823490350456,1.2360822438495234e-05,2015394.4225832757,12837.87869454999,1019759.662545716,901.8960527493689,11.244422505293862,521.3132798602079,2856939.2858001273,-597550.4342386901,1729694.4257807187,1
1424.019999998995,phase0-forces,A,nominal,Kerbin,3531599999999.9995,600000.0,2630.0,0.0,0.0,340.0,1659276.9954001852,1041.4230461731984,1.2346998119028285e-05,2015863.325028932,12843.725262252405,1020030.7031992595,901.5749582141173,11.242376934627872,521.1508080994754,2856939.2857941897,-597550.4342387997,1729694.425777695,1
1424.5599999989945,phase0-forces,A,nominal,Kerbin,3531599999999.9995,600000.0,2630.0,0.0,0.0,340.0,1659838.384331169,1041.050106076799,1.2333533959463239e-05,2016350.0855032012,12849.79557224952,1020312.0790922224,901.2416788134042,11.240253257057907,520.9821651830595,2856939.2857882604,-597550.4342389932,1729694.4257746337,1
1425.079999998994,phase0-forces,A,nominal,Kerbin,3531599999999.9995,600000.0,2630.0,0.0,0.0,340.0,1660378.7909012306,1040.6911537552553,1.2319772395130713e-05,2016818.6477558326,12855.639972218916,1020582.9476046272,900.9209017404983,11.238208781648384,520.8198431078756,2856939.2857969673,-597550.4342387505,1729694.4257791084,1
1425.5999999989936,phase0-forces,A,nominal,Kerbin,3531599999999.9995,600000.0,2630.0,0.0,0.0,340.0,1660919.0109750484,1040.3323731159162,1.2307298675295897e-05,2017287.0432463316,12861.48330920942,1020853.7317294532,900.6002801501877,11.236164842914496,520.6575943420206,2856939.2858051136,-597550.4342386842,1729694.4257832146,1
1426.119999998993,phase0-forces,A,nominal,Kerbin,3531599999999.9995,600000.0,2630.0,0.0,0.0,340.0,1661459.0446394775,1039.9737639725586,1.2295062333578244e-05,2017755.2720537558,12867.325583494561,1021124.4315034777,900.2798138725351,11.234121440442543,520.4954188082214,2856939.285793557,-597550.4342387032,1729694.425777427,1
1426.6599999989926,phase0-forces,A,nominal,Kerbin,3531599999999.9995,600000.0,2630.0,0.0,0.0,340.0,1662019.6516233818,1039.6015434976896,1.2281316230655648e-05,2018241.3333253043,12873.391436122442,1021405.4535690496,899.9471861852003,11.232000012738167,520.3270831850219,2856939.2857819656,-597550.4342389524,1729694.4257715065,1
1427.1599999989921,phase0-forces,A,nominal,Kerbin,3531599999999.9995,600000.0,2630.0,0.0,0.0,340.0,1662538.5530968788,1039.2570594710842,1.2267438251001295e-05,2018691.2299425984,12879.006945038978,1021665.578152982,899.6393466141217,11.230036242707484,520.1712871450984,2856939.2857986335,-597550.434238902,1729694.4257798658,1
1427.6799999989917,phase0-forces,A,nominal,Kerbin,3531599999999.9995,600000.0,2630.0,0.0,0.0,340.0,1663078.0280672004,1038.898963748193,1.225483174494002e-05,2019158.9591854755,12884.846032863896,1021936.0251034636,899.3193453004262,11.227994446603816,520.0093308645423,2856939.285807673,-597550.4342389021,1729694.4257843853,1
1428.1799999989912,phase0-forces,A,nominal,Kerbin,3531599999999.9995,600000.0,2630.0,0.0,0.0,340.0,1663596.57854241,1038.5548019857363,1.2242697266628966e-05,2019608.5419555367,12890.45953925524,1022195.9908461792,899.0117975775372,11.22603168531574,519.8536724470043,2856939.285805482,-597550.4342391434,1729694.4257831692,1
1428.6999999989907,phase0-forces,A,nominal,Kerbin,3531599999999.9995,600000.0,2630.0,0.0,0.0,340.0,1664135.6886447533,1038.1970410729132,1.2229894309712108e-05,2020075.9449513531,12896.296544990748,1022466.2726756184,898.6920994714272,11.223990937584322,519.6918591508086,2856939.285806558,-597550.4342393527,1729694.4257836028,1
1429.2199999989903,phase0-forces,A,nominal,Kerbin,3531599999999.9995,600000.0,2630.0,0.0,0.0,340.0,1664674.612866919,1037.8394505834738,1.2216655704833101e-05,2020543.181744637,12902.132489673397,1022736.4703805215,898.3725556990155,11.221950723686588,519.5301186420102,2856939.2858140077,-597550.4342392506,1729694.4257873786,1
1429.7399999989898,phase0-forces,A,nominal,Kerbin,3531599999999.9995,600000.0,2630.0,0.0,0.0,340.0,1665213.351297541,1037.4820303309116,1.2204211088828743e-05,2021010.2524155036,12907.967373578032,1023006.5839995083,898.053166092816,11.219911043226617,519.3684508385179,2856939.285806802,-597550.4342392307,1729694.4257837858,1
1430.2599999989893,phase0-forces,A,nominal,Kerbin,3531599999999.9995,600000.0,2630.0,0.0,0.0,340.0,1665751.9040242825,1037.1247801435652,1.2190986126370262e-05,2021477.1570435911,12913.801196987444,1023276.6135699906,897.7339304956498,11.217871895861625,519.2068556700676,2856939.285812674,-597550.4342391653,1729694.4257867543,1
1430.7799999989888,phase0-forces,A,nominal,Kerbin,3531599999999.9995,600000.0,2630.0,0.0,0.0,340.0,1666290.2711357241,1036.7676998352358,1.2178398719697725e-05,2021943.8957092976,12919.63396018415,1023546.5591299108,897.4148487378429,11.215833281123745,519.0453330589634,2856939.2858099095,-597550.4342390075,1729694.425785451,1
1431.2799999989884,phase0-forces,A,nominal,Kerbin,3531599999999.9995,600000.0,2630.0,0.0,0.0,340.0,1666807.7568572285,1036.4245134247906,1.2166529813839588e-05,2022392.5264515628,12925.241386750644,1023806.0429769207,897.1081842844374,11.213873576629005,518.8900912111365,2856939.2858074675,-597550.4342388806,1729694.4257842933,1
1431.799999998988,phase0-forces,A,nominal,Kerbin,3531599999999.9995,600000.0,2630.0,0.0,0.0,340.0,1667345.760131457,1036.0677658250365,1.2152851923019625e-05,2022858.9398065126,12931.072071081435,1024075.8238558599,896.7894038224076,11.211836005527688,518.7287107023466,2856939.2858026014,-597550.434239133,1729694.4257817343,1
1432.3199999989874,phase0-forces,A,nominal,Kerbin,3531599999999.9995,600000.0,2630.0,0.0,0.0,340.0,1667883.5780518185,1035.7111875757098,1.2140698345319834e-05,2023325.1874365523,12936.901696020092,1024345.5208358496,896.4707767178068,11.209798965884387,518.5674025308608,2856939.2857974838,-597550.4342391627,1729694.4257791606,1
1432.839999998987,phase0-forces,A,nominal,Kerbin,3531599999999.9995,600000.0,2630.0,0.0,0.0,340.0,1668421.210705319,1035.354778501178,1.2126802175771445e-05,2023791.2694202536,12942.73026183809,1024615.1339549464,896.1523028123949,11.207762457324474,518.4061666203108,2856939.2858001846,-597550.4342392946,1729694.425780445,1
1433.3599999989865,phase0-forces,A,nominal,Kerbin,3531599999999.9995,600000.0,2630.0,0.0,0.0,340.0,1668958.658179109,1034.9985384220565,1.2113965567550622e-05,2024257.1858375433,12948.557768812118,1024884.6632488566,895.8339819422897,11.205726479387824,518.2450028965872,2856939.285807235,-597550.4342393581,1729694.4257839385,1
1433.859999998986,phase0-forces,A,nominal,Kerbin,3531599999999.9995,600000.0,2630.0,0.0,0.0,340.0,1669475.2600455685,1034.6561590845824,1.2102235814381856e-05,2024705.0263295423,12954.160142611317,1025143.747017845,895.5280483462977,11.203769308372813,518.0901057827843,2856939.2858025413,-597550.4342393304,1729694.4257816055,1
1434.3799999989856,phase0-forces,A,nominal,Kerbin,3531599999999.9995,600000.0,2630.0,0.0,0.0,340.0,1670012.3445382956,1034.3002499755426,1.2089151823602151e-05,2025170.6182126373,12959.985573420576,1025413.1119984912,895.2100271864367,11.20173437017239,517.9290834384849,2856939.2858066643,-597550.4342393551,1729694.4257836547,1
1434.899999998985,phase0-forces,A,nominal,Kerbin,3531599999999.9995,600000.0,2630.0,0.0,0.0,340.0,1670549.2441100297,1033.9445093348886,1.2076691746187862e-05,2025636.04476369,12965.809946196616,1025682.3932656643,894.8921585809974,11.19969996146129,517.7681330622618,2856939.285811039,-597550.4342391792,1729694.42578593,1
1435.4199999989846,phase0-forces,A,nominal,Kerbin,3531599999999.9995,600000.0,2630.0,0.0,0.0,340.0,1671085.9588484587,1033.5889369843885,1.2064673683198635e-05,2026101.3060620166,12971.63326121122,1025951.5908574593,894.5744423682279,11.19766608180415,517.6072545786167,2856939.285813444,-597550.4342388794,1729694.4257872822,1
1435.9399999989841,phase0-forces,A,nominal,Kerbin,3531599999999.9995,600000.0,2630.0,0.0,0.0,340.0,1671622.4888419602,1033.2335327485264,1.2050709301547613e-05,2026566.402188249,12977.455518751505,1026220.7048108978,894.2568783900491,11.195632730846198,517.4464479111253,2856939.285823243,-597550.4342387253,1729694.425792259,1
1436.4599999989837,phase0-forces,A,nominal,Kerbin,3531599999999.9995,600000.0,2630.0,0.0,0.0,340.0,1672158.8341782135,1032.8782964503528,1.2037605301884469e-05,2027031.3332216446,12983.276719087231,1026489.735164174,893.9394664847016,11.193599908132631,517.2857129868624,2856939.285839356,-597550.4342386323,1729694.425800362,1
1436.9799999989832,phase0-forces,A,nominal,Kerbin,3531599999999.9995,600000.0,2630.0,0.0,0.0,340.0,1672694.9949421422,1032.5232279089723,1.2025814612570684e-05,2027496.0992392194,12989.096862489469,1026758.6819538028,893.622206486501,11.19156761332176,517.125049731801,2856939.2858420094,-597550.4342384081,1729694.4258018006,1
1437.4999999989827,phase0-forces,A,nominal,Kerbin,3531599999999.9995,600000.0,2630.0,0.0,0.0,340.0,1673230.9712216281,1032.1683269514535,1.2013579180347733e-05,2027960.7003211505,12994.915949234437,1027027.5452166059,893.3050982402449,11.189535846016266,516.9644580697013,2856939.28584519,-597550.4342384256,1729694.4258033822,1
1438.0199999989823,phase0-forces,A,nominal,Kerbin,3531599999999.9995,600000.0,2630.0,0.0,0.0,340.0,1673766.7631042758,1031.8135934006416,1.2000745300611015e-05,2028425.136547051,13000.733979601484,1027296.3249899052,892.9881415825811,11.187504605751121,516.8039379299744,2856939.2858463433,-597550.4342383102,1729694.4258040164,1
1438.9779687489822,phase0-forces,A,nominal,Kerbin,3531599999999.9995,600000.0,2630.0,0.0,0.0,340.0,1674773.932606922,1031.1468956301396,0.0,2029298.1597156918,13011.673141569892,1027801.5955448429,892.3924483700875,11.183685859979546,516.5022397146987,2856939.285845248,-597550.4342383418,1729694.4258034532,1
1441.0123437489822,phase0-forces,A,nominal,Kerbin,3531599999999.9995,600000.0,2630.0,0.0,0.0,340.0,1676866.9650843432,1029.7619178828893,0.0,2031112.3614912154,13034.416876823703,1028851.7170450997,891.1549960163115,11.175748044600462,515.8754532371721,2856939.285845248,-597550.4342383418,1729694.4258034532,1
1443.712578123981,phase0-forces,A,nominal,Kerbin,3531599999999.9995,600000.0,2630.0,0.0,0.0,340.0,1679640.7113554669,1027.9275588616852,0.0,2033516.475195989,13064.579804808895,1030243.5802907309,889.5160768100573,11.165224541974851,515.0451952253459,2856939.285845248,-597550.4342383418,1729694.4258034532,1
1461.6379687489812,phase0-forces,A,nominal,Kerbin,3531599999999.9995,600000.0,2630.0,0.0,0.0,340.0,1697929.3170167198,1015.8621282836724,0.0,2049364.532137765,13264.096945078174,1039426.8729222466,878.7374816303949,11.09571922040935,509.58138415162466,2856939.285845248,-597550.4342383418,1729694.4258034532,1
1912.3567187489812,phase0-forces,A,nominal,Kerbin,3531599999999.9995,600000.0,2630.0,0.0,0.0,340.0,2094654.8381702998,761.2103647147326,0.0,2391527.679778972,17897.706859857837,1241547.311146365,651.7756375737013,9.51224766431206,393.11481116704863,2856939.285845248,-597550.4342383418,1729694.4258034532,1
6240.403593748981,phase0-forces,A,nominal,Kerbin,3531599999999.9995,600000.0,2630.0,0.0,0.0,340.0,2128256.3248344916,739.7015502455168,0.0,2347613.4864998762,32033.829609186447,1389628.4847986787,-659.6391628919206,-4.27977363199466,-334.6882754930715,2856939.285845248,-597550.4342383418,1729694.4258034532,1
7694.403593748981,phase0-forces,A,nominal,Kerbin,3531599999999.9995,600000.0,2630.0,0.0,0.0,340.0,232432.87791320973,2538.357840295486,0.0,686328.2376364649,14830.69144848088,470827.03516774916,-2177.983218939313,-30.914483267249796,-1303.3395252706146,2856939.285845248,-597550.4342383418,1729694.4258034532,1
7743.403593748981,phase0-forces,A,nominal,Kerbin,3531599999999.9995,600000.0,2630.0,0.0,0.0,340.0,101511.61609483231,2833.1599424500405,0.0,573993.494552607,13192.095546991623,403083.09855704545,-2420.622794804176,-36.323709433917166,-1471.7544404250652,2856939.285845248,-597550.4342383418,1729694.4258034532,1
7754.523593748985,phase0-forces,A,nominal,Kerbin,3531599999999.9995,600000.0,2630.0,0.0,0.0,340.0,69679.81330729148,2916.398623801918,0.6955167651176453,546749.6017735689,12780.287803707248,386487.50245691923,-2488.7995452244904,-37.904166785615004,-1519.8095376541028,2856937.4709587954,-597550.4342891404,1729693.5183348274,1
7755.023593748996,phase0-forces,A,nominal,Kerbin,3531599999999.9995,600000.0,2630.0,0.0,0.0,339.9999694824219,68223.90510096517,2920.334152959537,0.0016096447361633182,545504.3605626195,12761.316154194887,385727.01326918235,-2492.0199250349447,-37.97947993984749,-1522.0860085009067,2856921.92723103,-597550.4273598486,1729685.7499355907,1
7755.543593749007,phase0-forces,A,nominal,Kerbin,3531599999999.9995,600000.0,2630.0,0.0,0.0,339.999755859375,66707.679800482,2924.4418249735118,0.002397446194663644,544207.5982814819,12741.545592010074,384934.8948764843,-2495.3814455654156,-38.05818161453221,-1524.461545462678,2856870.8923206166,-597550.3906726608,1729660.2508239779,1
7756.063593749019,phase0-forces,A,nominal,Kerbin,3531599999999.9995,600000.0,2630.0,0.0,0.0,339.9995422363281,65189.32575524994,2928.563257874614,0.003487219102680683,542909.0847726854,12721.734002569267,384141.5393497257,-2498.754922161845,-38.137263340080914,-1526.8438503953355,2856770.302381028,-597550.304455243,1729609.9989628925,1
7756.58359374903,phase0-forces,A,nominal,Kerbin,3531599999999.9995,600000.0,2630.0,0.0,0.0,339.999267578125,63668.83598795673,2932.698566254527,0.004608680959790945,541608.8137405384,12701.88118549691,383346.9433222673,-2502.1407634299308,-38.21673694451367,-1529.232474645682,2856619.613349441,-597550.1539151511,1729534.729717145,1
7757.1035937490415,phase0-forces,A,nominal,Kerbin,3531599999999.9995,600000.0,2630.0,0.0,0.0,339.9989013671875,62146.20334079256,2936.8481829667526,0.0057280706241726875,540306.7785838791,12681.986933062206,382551.10354352253,-2505.539561802824,-38.296616303324946,-1531.6272794696965,2856421.4320096998,-597549.927962478,1729435.752023611,1
7757.623593749053,phase0-forces,A,nominal,Kerbin,3531599999999.9995,600000.0,2630.0,0.0,0.0,339.9985046386719,60621.42061831092,2941.0116816078016,0.007045080419629812,539002.9725357078,12662.051032625053,381754.0169285367,-2508.951236852761,-38.37690489356534,-1534.027579810526,2856169.8047413034,-597549.6141870008,1729310.0952771513,1
7758.143593749064,phase0-forces,A,nominal,Kerbin,3531599999999.9995,600000.0,2630.0,0.0,0.0,339.99798583984375,59094.48145445646,2945.186504197298,0.009014078415930271,537697.3892587319,12642.073274994415,380955.6812168213,-2512.374289510836,-38.45758716210333,-1536.4309251966033,2855837.483372223,-597549.1850934302,1729144.1491393964,1
7758.6635937490755,phase0-forces,A,nominal,Kerbin,3531599999999.9995,600000.0,2630.0,0.0,0.0,339.99725341796875,57565.38096806791,2949.3701717448716,0.01157824695110321,536390.02321842,12622.053458772221,380156.0955790491,-2515.807473332299,-38.53865362381697,-1538.8346042640812,2855397.899842537,-597548.6046232352,1728924.6476096509,1
7759.183593749087,phase0-forces,A,nominal,Kerbin,3531599999999.9995,600000.0,2630.0,0.0,0.0,339.9963073730469,56034.11538348941,2953.5609922153617,0.014610770158469677,535080.8693210953,12601.991384126959,379355.26047062123,-2519.2501995856846,-38.620105307128426,-1541.2363394657375,2854832.2599454783,-597547.836320319,1728642.2118125795,1
7759.703593749098,phase0-forces,A,nominal,Kerbin,3531599999999.9995,600000.0,2630.0,0.0,0.0,339.9951171875,54500.68186661042,2957.7570399062993,0.018222594633698463,533769.9227549648,12581.886850112038,378553.1775712731,-2522.7018356783256,-38.701943938453745,-1543.6334781663245,2854119.3775568255,-597546.8371477468,1728286.2702045394,1
7760.22359374911,phase0-forces,A,nominal,Kerbin,3531599999999.9995,600000.0,2630.0,0.0,0.0,339.9934997558594,52965.078948842944,2961.9553260350463,0.02268321067094803,532457.1791678814,12561.739655905478,377749.8502661102,-2526.161267579808,-38.784167491755575,-1546.0221188453052,2853227.3724829606,-597545.5463840495,1727840.9130494555,1
7760.743593749121,phase0-forces,A,nominal,Kerbin,3531599999999.9995,600000.0,2630.0,0.0,0.0,339.99139404296875,51427.30715460447,2966.1516005208455,0.028303993865847588,531142.6349385056,12541.54960308004,376945.28434619575,-2529.6267686168203,-38.86676825128441,-1548.3969462302935,2852111.677945631,-597543.8843402512,1727283.8968026899,1
7761.263593749132,phase0-forces,A,nominal,Kerbin,3531599999999.9995,600000.0,2630.0,0.0,0.0,339.9886779785156,49887.36978737288,2970.339949764134,0.03545799478888512,529826.28758949,12521.31650014624,376139.48878227593,-2533.0956292142673,-38.94972626926434,-1550.7510661753295,2850711.0288149184,-597541.7544116854,1726584.6372016165,1
7761.783593749144,phase0-forces,A,nominal,Kerbin,3531599999999.9995,600000.0,2630.0,0.0,0.0,339.9852600097656,48345.273961230414,2974.512317293936,0.044579923152923584,528508.1364260056,12501.040171247098,375332.47660442407,-2536.5637095084758,-39.03300126353386,-1553.075818545348,2848942.7163841585,-597539.0457280357,1725701.8353280614,1
7762.243593749154,phase0-forces,A,nominal,Kerbin,3531599999999.9995,600000.0,2630.0,0.0,0.0,339.9814147949219,46979.32252683351,2978.182093650714,0.05457766354084015,527340.577380291,12483.067265479724,374617.58135083213,-2539.626799758448,-39.106887829022476,-1555.0996598979564,2846991.921650025,-597536.0661080342,1724727.9277709955,1
7762.823593749166,phase0-forces,A,nominal,Kerbin,3531599999999.9995,600000.0,2630.0,0.0,0.0,339.9753112792969,45254.660575484275,2982.7689215930995,0.07013409584760666,525866.4325459648,12460.35726178662,373714.8801060405,-2543.476690491011,-39.20028992307808,-1557.594331596164,2843893.5775663867,-597531.3487529295,1723181.1144067287,1
7763.343593749178,phase0-forces,A,nominal,Kerbin,3531599999999.9995,600000.0,2630.0,0.0,0.0,339.9682312011719,43706.184760984266,2986.828973519261,0.08754785358905792,524542.8918683702,12439.95046303887,372904.3503666682,-2546.9097920353793,-39.284190876028504,-1559.761065239045,2840368.3565043556,-597525.9996078636,1721421.1784482459,1
7763.863593749189,phase0-forces,A,nominal,Kerbin,3531599999999.9995,600000.0,2630.0,0.0,0.0,339.95928955078125,42155.636389127816,2990.8233208465604,0.10876123607158661,523217.57254056557,12419.500013978139,372092.7157987462,-2550.317206433714,-39.36815763749683,-1561.8439202596444,2835974.1151138167,-597519.3590724043,1719227.3780207061,1
7764.3835937492,phase0-forces,A,nominal,Kerbin,3531599999999.9995,600000.0,2630.0,0.0,0.0,339.9483947753906,40603.05658191966,2994.7346392552413,0.13405385613441467,521890.4902730199,12399.005907268263,371280.0249369694,-2553.6899290243755,-39.4520852981846,-1563.8244271401843,2830540.2807499776,-597511.19301771,1716514.5438661338,1
7764.883593749211,phase0-forces,A,nominal,Kerbin,3531599999999.9995,600000.0,2630.0,0.0,0.0,339.9354248046875,39108.32517691364,2998.388962933807,0.16535399854183197,520612.8075826467,12379.258929083087,370497.6515981179,-2556.8845516267525,-39.53255298888953,-1565.6036982422825,2824058.3315086206,-597501.5633086347,1713278.384099993,1
7765.423593749223,phase0-forces,A,nominal,Kerbin,3531599999999.9995,600000.0,2630.0,0.0,0.0,339.9169921875,37492.03623421409,3002.175241971333,0.2091439962387085,519231.13597982295,12357.887137635602,369651.73652593675,-2560.2577924473585,-39.61890467574073,-1567.343791932869,2815257.1025397563,-597488.6781756689,1708884.2121820438,1
7765.943593749234,phase0-forces,A,nominal,Kerbin,3531599999999.9995,600000.0,2630.0,0.0,0.0,339.89324951171875,35933.772716289735,3005.5882196425655,0.2693573236465454,517898.9456963971,12337.263091023147,368836.32856208296,-2563.387684207442,-39.7009562489139,-1568.7663817728549,2804287.4851781465,-597472.9599361095,1703407.2626210186,1
7766.463593749246,phase0-forces,A,nominal,Kerbin,3531599999999.9995,600000.0,2630.0,0.0,0.0,339.8619384765625,34373.85904994537,3008.678186011522,0.35001465678215027,516565.1717148577,12316.596843970861,368020.2682724182,-2566.3457346232008,-39.78113966080398,-1569.8507758032847,2789986.318458647,-597452.9978576789,1696266.6603004842,1
7766.983593749257,phase0-forces,A,nominal,Kerbin,3531599999999.9995,600000.0,2630.0,0.0,0.0,339.8215637207031,32812.49918979569,3011.338822848819,0.45365291833877563,515229.92069491604,12295.88963535664,367203.75685662695,-2569.0654672187684,-39.858410803053054,-1570.501651775246,2771398.434702555,-597427.8251006554,1686985.30480095,1
7767.483593749268,phase0-forces,A,nominal,Kerbin,3531599999999.9995,600000.0,2630.0,0.0,0.0,339.7715759277344,31310.07479684218,3013.373798013646,0.578747034072876,513944.7676323288,12275.941970759624,366418.4597043066,-2571.377923450967,-39.92864083191595,-1570.6186440334573,2748473.144417631,-597397.7875736676,1675537.6784219816,1
7767.9635937492785,phase0-forces,A,nominal,Kerbin,3531599999999.9995,600000.0,2630.0,0.0,0.0,339.7075500488281,29867.005853830604,3014.6882316825104,0.7343088388442993,512710.02466069034,12256.760486828975,365664.66536715336,-2573.215978869854,-39.99055169681291,-1570.1291081018987,2720516.3553065443,-597362.3373738533,1661577.0089663456,1
7768.423593749289,phase0-forces,A,nominal,Kerbin,3531599999999.9995,600000.0,880.0001220703125,0.0,0.0,0.0,28494.118971193442,2987.401577343974,7.929452896118164,511535.08625529904,12238.43763606316,364947.8507340312,-2550.483440237042,-39.79128852254108,-1554.9980896295672,2450126.324061932,-597384.230454053,1526371.0468039394,1
7768.9435937493,phase0-forces,A,nominal,Kerbin,3531599999999.9995,600000.0,880.0001220703125,0.0,0.0,0.0,26944.790655864985,2987.147272148634,1.0064653158187866,510209.28662677604,12217.682806601895,364138.68593869556,-2549.0391151624344,-39.97839623778938,-1556.871909538865,2412018.7009152947,-597441.2748692211,1507288.7130230367,1
7769.463593749311,phase0-forces,A,nominal,Kerbin,3531599999999.9995,600000.0,880.0001220703125,0.0,0.0,0.0,25395.68049511162,2986.092198718882,1.1812864542007446,508884.20123796986,12196.873835833932,363328.86367720633,-2547.310446312491,-40.04532167151266,-1557.6753453686201,2368678.237031762,-597480.6995852934,1485598.7687232343,1
7769.983593749323,phase0-forces,A,nominal,Kerbin,3531599999999.9995,600000.0,880.0001220703125,0.0,0.0,0.0,23847.481606544112,2983.514442016061,1.4755074977874756,507560.3126101283,12176.044390680141,362518.9006285497,-2544.45799015787,-40.05787767228517,-1557.3976141231797,2315420.774825483,-597514.3710864737,1458953.2018695048,1
7770.503593749334,phase0-forces,A,nominal,Kerbin,3531599999999.9995,600000.0,880.0001220703125,0.0,0.0,0.0,22301.118019814603,2978.870068938432,1.8974820375442505,506238.2918798323,12155.223300352434,361709.446752251,-2540.0257203428,-40.01726136878,-1555.7425385991219,2249672.528717645,-597543.0153489868,1426064.7566843291,1
7771.023593749345,phase0-forces,A,nominal,Kerbin,3531599999999.9995,600000.0,880.0001220703125,0.0,0.0,0.0,20757.943400219083,2971.123162135895,2.532670259475708,504919.2538828991,12134.436233724788,360901.2701696902,-2532.9423620256466,-39.9271278888636,-1552.4759771715903,2166617.1863318924,-597576.7416087792,1384520.2223615565,1
7771.543593749357,phase0-forces,A,nominal,Kerbin,3531599999999.9995,600000.0,880.0001220703125,0.0,0.0,0.0,19219.77838333533,2959.631244913751,3.276249408721924,503604.7602292007,12113.712032357704,360095.3170986722,-2522.6620481766854,-39.77717111463019,-1547.2592133242724,2065798.8394885557,-597616.3951696724,1334091.2221594416,1
7771.68359374936,phase0-forces,A,nominal,Kerbin,3531599999999.9995,600000.0,0.0,0.0,0.0,0.0,18865.729896966135,2956.4972698339707,0.0,503300.1345287709,12108.941735393611,359912.68351403583,-2519.8672028377555,-39.73444325056803,-1545.8222927031156,2040780.4485937832,-597626.3750108262,1321577.0367914785,1
7771.843593749363,phase0-forces,A,nominal,Kerbin,3531599999999.9995,600000.0,0.0,0.0,0.0,0.0,18865.729896966135,2956.4972698339707,0.0,503283.34357065766,12108.941735393611,359936.1627501366,-2519.7950854080473,-39.73444325056803,-1545.9398462128922,2040780.4485937832,-597626.3750108262,1321577.0367914785,1
7772.003593749367,phase0-forces,A,nominal,Kerbin,3531599999999.9995,600000.0,0.0,0.0,0.0,0.0,18865.729896966135,2956.497269833971,0.0,503266.55151722475,12108.941735393611,359959.64120289107,-2519.722962494389,-39.73444325056803,-1546.0573963581664,2040780.4485937832,-597626.3750108262,1321577.0367914785,0
7772.203593749371,phase0-forces,A,nominal,Kerbin,3531599999999.9995,600000.0,0.0,0.0,0.0,0.0,18865.729896966135,2956.497269833971,0.0,503245.5599101961,12108.941735393611,359988.9881671753,-2519.6328011407495,-39.73444325056803,-1546.2043293080358,2040780.4485937832,-597626.3750108262,1321577.0367914785,0
7772.723593749382,phase0-forces,A,nominal,Kerbin,3531599999999.9995,600000.0,0.0,0.0,0.0,0.0,18865.729896966135,2956.4972698339707,0.0,503190.97372317605,12108.941735393611,360065.284545005,-2519.398341523244,-39.73444325056803,-1546.5863303693127,2040780.4485937832,-597626.3750108262,1321577.0367914785,0
7773.223593749393,phase0-forces,A,nominal,Kerbin,3531599999999.9995,600000.0,0.0,0.0,0.0,0.0,18865.729896966135,2956.4972698339707,0.0,503138.47609646484,12108.941735393611,360138.6386411218,-2519.1728449665834,-39.73444325056803,-1546.9536055545627,2040780.4485937832,-597626.3750108262,1321577.0367914785,0
7773.763593749405,phase0-forces,A,nominal,Kerbin,3531599999999.9995,600000.0,0.0,0.0,0.0,0.0,18865.729896966135,2956.4972698339707,0.0,503081.76664881996,12108.941735393611,360217.85246771947,-2518.9292485482974,-39.73444325056803,-1547.350225825815,2040780.4485937832,-597626.3750108262,1321577.0367914785,0
7774.2835937494165,phase0-forces,A,nominal,Kerbin,3531599999999.9995,600000.0,0.0,0.0,0.0,0.0,18865.729896966135,2956.497269833971,0.0,503027.1457639949,12108.941735393611,360294.1240090964,-2518.694615201641,-39.73444325056803,-1547.7321202034764,2040780.4485937832,-597626.3750108262,1321577.0367914785,0
7774.803593749428,phase0-forces,A,nominal,Kerbin,3531599999999.9995,600000.0,0.0,0.0,0.0,0.0,18865.729896966135,2956.4972698339707,0.0,502972.5133157447,12108.941735393611,360370.38726815017,-2518.4599239560494,-39.73444325056803,-1548.11397900238,2040780.4485937832,-597626.3750108262,1321577.0367914785,0
7775.3835937494405,phase0-forces,A,nominal,Kerbin,3531599999999.9995,600000.0,0.0,0.0,0.0,0.0,18865.729896966135,2956.4972698339707,0.0,502911.5634832422,12108.941735393611,360455.4403609333,-2518.1980846526358,-39.73444325056803,-1548.5398564477077,2040780.4485937832,-597626.3750108262,1321577.0367914785,0
7775.923593749452,phase0-forces,A,nominal,Kerbin,3531599999999.9995,600000.0,0.0,0.0,0.0,0.0,18865.729896966135,2956.4972698339707,0.0,502856.9065780411,12108.941735393611,360531.6860939087,-2517.9632709463144,-39.73444325056803,-1548.9216399549166,2040780.4485937832,-597626.3750108262,1321577.0367914785,0
7776.443593749464,phase0-forces,A,nominal,Kerbin,3531599999999.9995,600000.0,0.0,0.0,0.0,0.0,18865.729896966135,2956.4972698339707,0.0,502800.1352492393,12108.941735393611,360610.8555829958,-2517.719364679381,-39.73444325056803,-1549.318069756415,2040780.4485937832,-597626.3750108262,1321577.0367914785,0
7776.983593749475,phase0-forces,A,nominal,Kerbin,3531599999999.9995,600000.0,0.0,0.0,0.0,0.0,18865.729896966135,2956.4972698339707,0.0,502743.3514560404,12108.941735393611,360690.01613255346,-2517.4753959982777,-39.73444325056803,-1549.7144611503777,2040780.4485937832,-597626.3750108262,1321577.0367914785,0
7777.523593749487,phase0-forces,A,nominal,Kerbin,3531599999999.9995,600000.0,0.0,0.0,0.0,0.0,18865.729896966135,2956.4972698339707,0.0,502686.5551998529,12108.941735393611,360769.1677406187,-2517.231364909054,-39.73444325056803,-1550.1108141269747,2040780.4485937832,-597626.3750108262,1321577.0367914785,0
7778.063593749499,phase0-forces,A,nominal,Kerbin,3531599999999.9995,600000.0,0.0,0.0,0.0,0.0,18865.729896966135,2956.497269833971,0.0,502629.74648208474,12108.941735393611,360848.31040522933,-2516.9872714177595,-39.73444325056803,-1550.5071286763805,2040780.4485937832,-597626.3750108262,1321577.0367914785,0
7778.603593749511,phase0-forces,A,nominal,Kerbin,3531599999999.9995,600000.0,0.0,0.0,0.0,0.0,18865.729896966135,2956.4972698339707,0.0,502572.9253041432,12108.941735393611,360927.4441244245,-2516.7431155304416,-39.73444325056803,-1550.9034047887758,2040780.4485937832,-597626.3750108262,1321577.0367914785,0
