ut,mission,design,trajectory,body,body_mu,body_radius,mass,thrust,available_thrust,isp,altitude,speed,g_force,pos_x,pos_y,pos_z,vel_x,vel_y,vel_z,apoapsis_altitude,periapsis_altitude,semi_major_axis,stage
7904.883593752267,phase0-forces,D,nominal,Kerbin,3531599999999.9995,600000.0,66322.0,0.0,0.0,0.0,78.86526719294488,174.9652790312823,0.9948728084564209,-506093.17789433943,-1016.0416245467841,322433.41558929754,-94.00962163834825,-2.357774435989135e-05,-147.56369791266806,78.86526732053608,-598435.2322022853,300821.8165325176,1
7905.423593752279,phase0-forces,D,nominal,Kerbin,3531599999999.9995,600000.0,66322.0,0.0,0.0,0.0,78.86526766116731,174.96528337061886,0.9948785305023193,-506149.57747083466,-1016.0416247852027,322344.8734297416,-93.98637960544741,-1.4439142593374698e-05,-147.5784904165288,78.86526773683727,-598435.2321244647,300821.81657163607,1
7905.94359375229,phase0-forces,D,nominal,Kerbin,3531599999999.9995,600000.0,66322.0,0.0,0.0,0.0,78.86526769539341,174.9652769911979,0.9948761463165283,-506198.4445732017,-1016.0416245467841,322268.12891139765,-93.96400365542907,-1.0397837744030427e-05,-147.59273074799114,78.86526748235337,-598435.2322388698,300821.8165143063,1
7906.483593752302,phase0-forces,D,nominal,Kerbin,3531599999999.9995,600000.0,66322.0,0.0,0.0,0.0,78.8652676838683,174.9652802517559,0.9948744177818298,-506249.1788633221,-1016.0416245467841,322188.42483953456,-93.94076040753284,-1.6031575796812105e-05,-147.60752971183325,78.86526763334405,-598435.2321803966,300821.8165436184,1
7907.0035937523135,phase0-forces,D,nominal,Kerbin,3531599999999.9995,600000.0,66322.0,0.0,0.0,0.0,78.86526766081806,174.96529465318196,0.9948769211769104,-506298.02224440704,-1016.0416245467841,322111.6652214609,-93.9183880876273,-1.8383660722312827e-05,-147.6217826477389,78.86526766850147,-598435.2319221321,300821.8166727682,1
7907.523593752325,phase0-forces,D,nominal,Kerbin,3531599999999.9995,600000.0,66322.0,0.0,0.0,0.0,78.86526764964219,174.96528063999403,0.994875967502594,-506346.8539868565,-1016.0416247852027,322034.8981988438,-93.8959955469719,-1.1919133475468939e-05,-147.63601000323317,78.8652675965568,-598435.2321734345,300821.81654708105,1
7908.043593752336,phase0-forces,D,nominal,Kerbin,3531599999999.9995,600000.0,66322.0,0.0,0.0,0.0,78.86526764393784,174.965281701426,0.9948768615722656,-506395.6740895584,-1016.0416247852027,321958.123773421,-93.8736133059121,-1.2778576594185582e-05,-147.65024390684653,78.86526756407693,-598435.2321543997,300821.81655658217,1
7908.5635937523475,phase0-forces,D,nominal,Kerbin,3531599999999.9995,600000.0,66322.0,0.0,0.0,0.0,78.86526719341055,174.96527430438215,0.9948750138282776,-506444.4825509136,-1016.0416247852027,321881.34194686793,-93.85121995602204,-1.3644315554336259e-05,-147.66447008395036,78.865267385263,-598435.2322870537,300821.8164901658,1
7909.103593752359,phase0-forces,D,nominal,Kerbin,3531599999999.9995,600000.0,66322.0,0.0,0.0,0.0,78.86526769574266,174.96527630847925,0.9948802590370178,-506495.1559393966,-1016.0416247852027,321801.5991419377,-93.82798019729657,-7.226511478607643e-06,-147.6792404022927,78.86526771087665,-598435.2322511119,300821.8165082995,1
7909.623593752371,phase0-forces,D,nominal,Kerbin,3531599999999.9995,600000.0,66322.0,0.0,0.0,0.0,78.86526766698807,174.9652814470164,0.9948771595954895,-506543.9406683649,-1016.0416247852027,321724.80223400774,-93.8055879224818,-1.7606010936065476e-05,-147.69347103494755,78.8652675547637,-598435.2321589622,300821.8165542963,1
7910.143593752382,phase0-forces,D,nominal,Kerbin,3531599999999.9995,600000.0,66322.0,0.0,0.0,0.0,78.86526765546296,174.9652827610621,0.9948738813400269,-506592.71375303355,-1016.0416247852027,321647.99793045595,-93.78318542177078,-1.0270380364806266e-05,-147.7076988643587,78.86526757269166,-598435.2321353969,300821.8165660879,1
7910.663593752393,phase0-forces,D,nominal,Kerbin,3531599999999.9995,600000.0,66322.0,0.0,0.0,0.0,78.86526720447,174.96528548009107,0.9948770403862,-506641.47519181494,-1016.0416245467841,321571.1862329311,-93.76079978294212,-1.3989547251373955e-05,-147.72191288767084,78.86526739795227,-598435.2320866368,300821.81659038056,1
7911.203593752405,phase0-forces,D,nominal,Kerbin,3531599999999.9995,600000.0,66322.0,0.0,0.0,0.0,78.86526765546296,174.9652856824274,0.9948756098747253,-506692.09974446875,-1016.0416247852027,321491.4124154407,-93.73753820842416,-1.3105627923774604e-05,-147.7366749475481,78.86526770389173,-598435.2320830066,300821.8165923486,1
7911.7235937524165,phase0-forces,D,nominal,Kerbin,3531599999999.9995,600000.0,66322.0,0.0,0.0,0.0,78.8652676558122,174.9652756771813,0.9948802590370178,-506740.83744157903,-1016.0416250236212,321414.5856512127,-93.71514177069707,-1.9220241096634836e-05,-147.75087104883622,78.86526773183141,-598435.232262433,300821.8165026494,1
7912.243593752428,phase0-forces,D,nominal,Kerbin,3531599999999.9995,600000.0,66322.0,0.0,0.0,0.0,78.86526765010785,174.96528415990795,0.9948766231536865,-506789.56348990713,-1016.0416250236212,321337.7514983825,-93.69273386113761,-1.2718813333501298e-05,-147.76509155677877,78.86526772927027,-598435.2321103102,300821.8165787095,1
7912.763593752439,phase0-forces,D,nominal,Kerbin,3531599999999.9995,600000.0,66322.0,0.0,0.0,0.0,78.86526765010785,174.96528415730316,0.9948766231536865,-506838.27788831043,-1016.0416250236212,321260.9099587725,-93.67032911078158,-1.272084271154363e-05,-147.7792952497864,78.86526772915386,-598435.2321103569,300821.8165786861,1
7913.303593752451,phase0-forces,D,nominal,Kerbin,3531599999999.9995,600000.0,66322.0,0.0,0.0,0.0,78.8652676558122,174.96528276411644,0.9948766231536865,-506888.8535855696,-1016.0416250236212,321181.10515881935,-93.6470597428219,-1.2947412190594357e-05,-147.79404038814081,78.86526773392688,-598435.2321353413,300821.8165661963,1
7913.823593752462,phase0-forces,D,nominal,Kerbin,3531599999999.9995,600000.0,66322.0,0.0,0.0,0.0,78.8652676558122,174.9652827619315,0.9948766231536865,-506937.54423260473,-1016.0416250236212,321104.24856695626,-93.62465059720535,-1.2947472929405196e-05,-147.80823716056454,78.86526773392688,-598435.2321353805,300821.8165661767,1
7914.343593752474,phase0-forces,D,nominal,Kerbin,3531599999999.9995,600000.0,66322.0,0.0,0.0,0.0,78.8652660427615,174.9649559841593,0.9948597550392151,-506986.2232108753,-1016.0416285998999,321027.3846150246,-93.6020085592056,-2.891180585645084e-05,-147.8221898641079,78.86526602471713,-598435.2379955719,300821.8136352264,1
7914.863593752485,phase0-forces,D,nominal,Kerbin,3531599999999.9995,600000.0,66322.0,0.0,0.0,0.0,78.86526631540619,174.96517826890565,0.9948474764823914,-507034.8905497976,-1016.04167389943,320950.5132629955,-93.57968217065701,1.0233492368560347e-05,-147.83658779716424,78.86526633158792,-598435.2340092876,300821.815628522,1
7915.383593752496,phase0-forces,D,nominal,Kerbin,3531599999999.9995,600000.0,66322.0,0.0,0.0,0.0,78.8652669582516,174.9652723650769,0.9948654174804688,-507083.5462324672,-1016.0417168147742,320873.6345348667,-93.55736006231602,-4.8714678454383584e-05,-147.85082655147156,78.8652671163436,-598435.2323218331,300821.8164726416,1
7915.923593752508,phase0-forces,D,nominal,Kerbin,3531599999999.9995,600000.0,66322.0,0.0,0.0,0.0,78.86526791471988,174.96529055221018,0.9948851466178894,-507134.0609491879,-1016.0417578227698,320793.79112688557,-93.53410511165269,-6.29637792756309e-05,-147.8655608279956,78.86526788095944,-598435.2319956748,300821.8166361031,1
7916.4435937525195,phase0-forces,D,nominal,Kerbin,3531599999999.9995,600000.0,66322.0,0.0,0.0,0.0,78.8652690652525,174.96528991016575,0.9948757290840149,-507182.69287067343,-1016.041796208161,320716.89736296947,-93.5117333876297,-5.752730411228588e-05,-147.87970919698856,78.86526900227182,-598435.2320071828,300821.81663090974,1
7916.963593752531,phase0-forces,D,nominal,Kerbin,3531599999999.9995,600000.0,66322.0,0.0,0.0,0.0,78.86526739888359,174.96530403411143,0.9948602318763733,-507231.31312790886,-1016.0418303020178,320639.99622964265,-93.48926786224249,-8.613763927005182e-05,-147.8939295925411,78.86526727094315,-598435.2317539036,300821.8167566837,1
7917.483593752542,phase0-forces,D,nominal,Kerbin,3531599999999.9995,600000.0,66322.0,0.0,0.0,0.0,78.86526690120809,174.96530810113083,0.9948742985725403,-507279.92172951566,-1016.0418739326178,320563.0877206835,-93.46683684679597,-8.403873038702676e-05,-147.90811150430864,78.86526692309417,-598435.2316809706,300821.8167929762,1
7918.023593752554,phase0-forces,D,nominal,Kerbin,3531599999999.9995,600000.0,66255.7734375,836275.375,836275.8125,206.0388641357422,78.90604192868341,174.96434110982327,1.111560583114624,-507330.4219470873,-1016.0419759757697,320483.2352903525,-93.82965724984719,-0.000819858677622089,-147.67706687126008,78.91677484102547,-598435.2595421685,300821.8286163363,0
7918.523593752565,phase0-forces,D,nominal,Kerbin,3531599999999.9995,600000.0,66048.8359375,836306.3125,836308.375,206.04647827148438,79.50801233702805,174.96909943540908,1.2895954847335815,-507377.6462057318,-1016.043044091004,320409.5936821997,-95.02565284332393,-0.003373485271774548,-146.91599997126843,79.69316511007491,-598435.3454853178,300822.17383989616,0
7919.043593752576,phase0-forces,D,nominal,Kerbin,3531599999999.9995,600000.0,65833.6171875,836382.0,836385.75,206.06512451171875,80.90517354721669,174.98686081413854,1.2938827276229858,-507427.39862598304,-1016.0455350883185,320333.4130699483,-96.28771477118941,-0.006129407205583111,-146.11323486994303,81.50565306341741,-598435.4349709987,300823.0353410324,0
7919.563593752588,phase0-forces,D,nominal,Kerbin,3531599999999.9995,600000.0,65618.3984375,836502.9375,836508.375,206.09490966796875,83.09989903110545,175.01822862021208,1.298256278038025,-507477.81241109036,-1016.0494847304999,320257.6530519283,-97.56872811162069,-0.008969010006875782,-145.29873902960867,84.36454965313897,-598435.5250227199,300824.41976346663,0
7920.103593752599,phase0-forces,D,nominal,Kerbin,3531599999999.9995,600000.0,65394.8984375,836676.875,836684.3125,206.13778686523438,86.23576013743877,175.06583711667375,1.3028918504714966,-507530.87587312795,-1016.0551574237525,320179.4309697986,-98.91949130737342,-0.011938414592792698,-144.44023477662475,88.46520977606997,-598435.6192612256,300826.42297427525,0
7920.60359375261,phase0-forces,D,nominal,Kerbin,3531599999999.9995,600000.0,65187.953125,836882.8125,836892.0,206.1885223388672,89.92913210589904,175.12419031637944,1.3072707653045654,-507580.6641181465,-1016.0618371970832,320107.41959145584,-100.18920135048242,-0.014679965063613073,-143.63358155813913,93.31275502243079,-598435.7068408887,300828.80295706686,0
7921.123593752622,phase0-forces,D,nominal,Kerbin,3531599999999.9995,600000.0,64972.73046875,837143.375,837154.375,206.2527313232422,94.58779974398203,175.20007816042514,1.3119133710861206,-507633.12259624916,-1016.0702426440894,320032.95885109715,-101.52948964592333,-0.017555013444971748,-142.78245624543277,99.44945554458536,-598435.7979663535,300831.82574459555,0
7921.6635937526335,phase0-forces,D,nominal,Kerbin,3531599999999.9995,600000.0,64749.23828125,837464.9375,837477.8125,206.33192443847656,100.32112989237066,175.29598632925115,1.3168325424194336,-507688.34237808874,-1016.0805740363776,319956.10638626,-102.94311901284978,-0.0206169834750619,-141.8851530146521,107.03043539449573,-598435.892716713,300835.56885934074,0
7922.183593752645,phase0-forces,D,nominal,Kerbin,3531599999999.9995,600000.0,64534.015625,837824.5,837839.3125,206.4205322265625,106.71756742836442,175.40550955029425,1.3216664791107178,-507742.2442902529,-1016.0921040780722,319882.5618715194,-104.32581204024928,-0.02363222183745438,-141.00786206541477,115.52058768982533,-598435.9842403193,300839.76817368524,0
7922.723593752657,phase0-forces,D,nominal,Kerbin,3531599999999.9995,600000.0,64310.515625,838250.5625,838267.5,206.52549743652344,114.28321372356731,175.53782270258787,1.326788067817688,-507798.9866028093,-1016.1057492501914,319806.675432811,-105.78438458105592,-0.02680265558091197,-140.08279858565822,125.60167251690291,-598436.079941478,300844.76086551946,0
7923.243593752668,phase0-forces,D,nominal,Kerbin,3531599999999.9995,600000.0,64095.296875,838712.625,838731.5,206.63934326171875,122.47134159423877,175.68389709521088,1.3318190574645996,-507854.3778329195,-1016.1205143935858,319734.07548176835,-107.21125319998097,-0.029879224410664117,-139.17822384655642,136.5551037711557,-598436.1724620528,300850.1913208592,0
7923.78359375268,phase0-forces,D,nominal,Kerbin,3531599999999.9995,600000.0,63871.8046875,839247.1875,839268.0625,206.77105712890625,131.92649132432416,175.85582076859083,1.337149977684021,-507912.69134754554,-1016.1375499971091,319659.185112458,-108.71667835076991,-0.03311360884692817,-138.22428314177972,149.25401267199777,-598436.268410228,300856.492801222,0
7924.303593752691,phase0-forces,D,nominal,Kerbin,3531599999999.9995,600000.0,63656.58203125,839815.5625,839838.5,206.91107177734375,141.96251134306658,176.04163298007222,1.3423852920532227,-507969.6197434558,-1016.1556224830329,319587.5592265852,-110.18959318504244,-0.03628929716939317,-137.29132812778894,162.78770405869,-598436.361279734,300863.2132121624,0
7924.823593752702,phase0-forces,D,nominal,Kerbin,3531599999999.9995,600000.0,63441.359375,840437.5625,840462.625,207.0643310546875,152.92630680883303,176.24813371242462,1.3477261066436768,-508027.32032026764,-1016.1753636605918,319516.4223486242,-111.68579162477977,-0.03952701694923621,-136.34400252256756,177.6322778655449,-598436.4547074632,300870.5887852012,0
7925.323593752713,phase0-forces,D,nominal,Kerbin,3531599999999.9995,600000.0,63234.41796875,841087.25,841114.375,207.2244110107422,164.35671244189143,176.46699712169465,1.3529618978500366,-508083.54121677525,-1016.1959409721076,319448.48967946327,-113.146853550999,-0.04267165210722612,-135.41930727849365,193.1709145626519,-598436.5447337098,300878.31309042644,0
7925.863593752725,phase0-forces,D,nominal,Kerbin,3531599999999.9995,600000.0,63010.91796875,841846.8125,841876.1875,207.41152954101562,177.6949691971531,176.72662369059867,1.3587274551391602,-508145.0871767723,-1016.2199398286521,319375.64593074884,-114.7499759734225,-0.04610093751633498,-134.40513535531667,211.3787985665258,-598436.6421121103,300887.3683432281,0
7926.403593752737,phase0-forces,D,nominal,Kerbin,3531599999999.9995,600000.0,62787.421875,842667.6875,842699.25,207.61376953125,192.08117918507196,177.0113551102386,1.3646111488342285,-508207.50625394913,-1016.2458060987174,319303.3544167761,-116.37977237151289,-0.04959102899509043,-133.3745326569045,231.1036382613238,-598436.739821078,300897.18190859165,0
7926.903593752748,phase0-forces,D,nominal,Kerbin,3531599999999.9995,600000.0,62580.4765625,843483.3125,843517.125,207.8147430419922,206.35097131121438,177.2982641432691,1.3701680898666382,-508266.09282427037,-1016.2714538581549,319236.9180150989,-117.91311942941275,-0.052890291597706,-132.40531687684796,250.75306226033717,-598436.8306519329,300906.96120516374,0
7927.423593752759,phase0-forces,D,nominal,Kerbin,3531599999999.9995,600000.0,62365.26171875,844389.75,844425.875,208.03805541992188,222.1750935590826,177.62131958000228,1.37605881690979,-508327.84286986245,-1016.2998900420844,319168.3423709955,-119.53306792575238,-0.05638172171085818,-131.3817934978063,272.6362889695447,-598436.925159085,300917.8555649423,0
7927.9435937527705,phase0-forces,D,nominal,Kerbin,3531599999999.9995,600000.0,62150.0390625,845356.5625,845394.9375,208.2762451171875,239.01770038926043,177.970453157882,1.382067322731018,-508390.44234882644,-1016.3301710757293,319100.30330802896,-121.17928617476899,-0.05995579237570502,-130.34208531667073,296.03152210079134,-598437.0202217489,300929.50565017597,0
7928.463593752782,phase0-forces,D,nominal,Kerbin,3531599999999.9995,600000.0,61934.8203125,846384.8125,846425.5625,208.52960205078125,256.89500671369024,178.34665466712863,1.3881947994232178,-508453.9050644274,-1016.362310652073,319032.8093401816,-122.8523084532794,-0.06353124961604248,-129.2858673731845,320.9761419837596,-598437.1158505937,300941.93014569505,0
7929.003593752794,phase0-forces,D,nominal,Kerbin,3531599999999.9995,600000.0,61711.3203125,847519.125,847562.4375,208.80905151367188,276.5727900058264,178.76709948822977,1.394687294960022,-508520.73743582884,-1016.3976588729324,318963.30568583426,-124.6186505131307,-0.06726768720577204,-128.17122640740817,348.5614933554316,-598437.2151319416,300955.6731807069,0
7929.5435937528055,phase0-forces,D,nominal,Kerbin,3531599999999.9995,600000.0,61487.8203125,848722.75,848768.6875,209.1055908203125,297.4031331848819,179.21904313365175,1.4013148546218872,-508588.53203010483,-1016.4350446023939,318894.4091007376,-126.41513499758466,-0.07108319730858023,-127.03808095395347,377.9040432010079,-598437.3142565313,300970.29489333485,0
7930.063593752817,phase0-forces,D,nominal,Kerbin,3531599999999.9995,600000.0,61272.60546875,849948.4375,849997.0625,209.4075927734375,318.5693189292215,179.68512170647938,1.4078270196914673,-508654.7404952964,-1016.4730195865774,318828.64743211074,-128.17415949336007,-0.07485281648566915,-125.92903635738209,407.8637421883177,-598437.4098956595,300985.2269232644,0
7930.583593752828,phase0-forces,D,nominal,Kerbin,3531599999999.9995,600000.0,61057.3828125,851241.1875,851292.25,209.72608947753906,340.8397652148269,180.1825913835504,1.4144690036773682,-508721.8714746834,-1016.5129736318195,318763.467283617,-129.96229207514048,-0.07868656390648705,-124.80209407174235,439.5383663396351,-598437.5059570927,301001.01620462345,0
7931.1035937528395,phase0-forces,D,nominal,Kerbin,3531599999999.9995,600000.0,60842.1640625,852602.25,852655.9375,210.06141662597656,364.23242505441885,180.71258681239038,1.421244740486145,-508789.9402658485,-1016.5549311728136,318698.87805838115,-131.78013518481887,-0.08255582337353821,-123.65689704837584,472.9719884151127,-598437.6023165729,301017.6848359211,0
7931.623593752851,phase0-forces,D,nominal,Kerbin,3531599999999.9995,600000.0,60626.9453125,854033.0,854089.375,210.41392517089844,388.76561922125984,181.27627204809556,1.428156852722168,-508858.9624834773,-1016.5989112004451,318634.8893461997,-133.62830310582956,-0.08646425924723411,-122.49308527685784,508.21013278735336,-598437.6987878088,301035.2556724893,0
7932.163593752863,phase0-forces,D,nominal,Kerbin,3531599999999.9995,600000.0,60403.4453125,855594.125,855653.4375,210.7985382080078,415.4696204842767,181.89857140523353,1.4354822635650635,-508931.66562760714,-1016.6467522358972,318569.08561641286,-135.58032422849004,-0.09059737836938107,-121.26441255981655,546.7640080867568,-598437.7989165208,301054.482545783,0
7932.683593752874,phase0-forces,D,nominal,Kerbin,3531599999999.9995,600000.0,60188.2265625,857171.5,857233.625,211.18716430664062,442.38605766382534,182.53463213470997,1.442681908607483,-509002.681079229,-1016.6949544260872,318506.35152245703,-137.4922613774251,-0.09466356085601471,-120.06148853269293,585.828016123618,-598437.8953671461,301073.96632448875,0
7933.223593752886,phase0-forces,D,nominal,Kerbin,3531599999999.9995,600000.0,59964.7265625,858888.1875,858953.3125,211.61013793945312,471.6065777284093,183.23471458033666,1.450312614440918,-509077.48959854245,-1016.7472694075811,318441.8724274091,-139.51188789013057,-0.09895759241402112,-118.79134636859699,628.4617123506032,-598437.9957084184,301095.2330019661,0
7933.763593752898,phase0-forces,D,nominal,Kerbin,3531599999999.9995,600000.0,59741.23046875,860686.625,860754.75,212.05320739746094,502.1418822063133,183.97650475345512,1.4581050872802734,-509153.3986194081,-1016.8019202504544,318378.0852905527,-141.56705655048847,-0.10331120265376001,-117.49941330800041,673.2592847186606,-598438.0961291784,301117.5815777701,0
7934.303593752909,phase0-forces,D,nominal,Kerbin,3531599999999.9995,600000.0,59517.734375,862568.5,862639.875,212.51686096191406,534.0147270591697,184.76144787055404,1.4660613536834717,-509230.4275469324,-1016.8589387872694,318315.0020066078,-143.65852939232883,-0.10772660757860776,-116.1852311915541,720.2810978067573,-598438.196586266,301141.04225577036,0
7934.80359375292,phase0-forces,D,nominal,Kerbin,3531599999999.9995,600000.0,59310.79296875,864386.8125,864461.1875,212.9648895263672,564.7394205717137,185.528014034754,1.4735792875289917,-509302.76640621235,-1016.9138777430346,318257.2296939122,-145.62813544644342,-0.11188555674147198,-114.94815196293672,765.8573873805581,-598438.2894853561,301163.78395101224,0
7935.323593752932,phase0-forces,D,nominal,Kerbin,3531599999999.9995,600000.0,59095.5703125,866357.0,866434.5,213.45028686523438,597.9509330127621,186.36712184858018,1.4815552234649658,-509379.0526346799,-1016.973240813257,318197.8082378273,-147.7109467945661,-0.11628791928542148,-113.64051557563536,815.391710529686,-598438.3859838728,301188.50286332844,0
7935.843593752943,phase0-forces,D,nominal,Kerbin,3531599999999.9995,600000.0,58880.3515625,868409.375,868489.9375,213.9559326171875,632.4662853718037,187.25027676152644,1.4896949529647827,-509456.4315493981,-1017.0349139199361,318139.07265374647,-149.82957425776988,-0.12076569658455236,-112.31095334227288,867.1618648406584,-598438.4824140661,301214.3397253873,0
7936.363593752954,phase0-forces,D,nominal,Kerbin,3531599999999.9995,600000.0,58665.1328125,870545.3125,870629.1875,214.482177734375,668.3075450713513,188.1788718407725,1.4980013370513916,-509534.9219758009,-1017.0989333766056,318081.0344643871,-151.98476540595408,-0.1253106383148451,-110.95901580767071,921.2296510520391,-598438.5787400851,301241.32545548346,0
7936.883593752966,phase0-forces,D,nominal,Kerbin,3531599999999.9995,600000.0,58449.9140625,872766.8125,872853.8125,215.02947998046875,705.4972383216955,189.15432877761066,1.5064797401428223,-509614.5431333285,-1017.1653343127174,318023.70542780415,-154.17728960375268,-0.12992322058013073,-109.5842442402454,977.6590527909575,-598438.6748672873,301269.49209275184,0
7937.403593752977,phase0-forces,D,nominal,Kerbin,3531599999999.9995,600000.0,58234.6875,875074.875,875165.4375,215.59815979003906,744.0583620960824,190.17808766232707,1.5151323080062866,-509695.31464512594,-1017.2341543314596,317967.09754445136,-156.40792680597036,-0.13461313812918124,-108.18616981139976,1036.5162542806938,-598438.7707613087,301298.872746486,0
7937.943593752989,phase0-forces,D,nominal,Kerbin,3531599999999.9995,600000.0,58011.1875,877565.6875,877659.6875,216.21182250976562,785.5793450422352,191.2939253217685,1.5243085622787476,-509780.4318085397,-1017.3082266080366,317909.0888572217,-158.76556570025352,-0.13957073098843828,-106.7091445608102,1100.2804121159716,-598438.8699431435,301330.70523448626,0
7938.483593753001,phase0-forces,D,nominal,Kerbin,3531599999999.9995,600000.0,57787.6953125,880153.5625,880251.25,216.8494110107422,828.6314588006353,192.46510358523412,1.533682942390442,-509866.83404829015,-1017.3850006312819,317851.88507540605,-161.1660950055014,-0.14461545438472237,-105.20591715831836,1166.8162453791592,-598438.9687480261,301363.92374867655,0
7939.023593753012,phase0-forces,D,nominal,Kerbin,3531599999999.9995,600000.0,57564.1953125,882840.4375,882941.9375,217.51141357421875,873.2421426958172,193.69331072933628,1.5432579517364502,-509954.5447854034,-1017.4645224664013,317795.50050580053,-163.61044762238106,-0.14974545443180973,-103.67592597316987,1236.2061689562397,-598439.0671561328,301398.56950641173,0
7939.543593753024,phase0-forces,D,nominal,Kerbin,3531599999999.9995,600000.0,57348.9765625,885523.125,885628.1875,218.17236328125,917.6997969666263,194.9315374062223,1.5526752471923828,-510040.2660147153,-1017.5437399867473,317741.9921534656,-166.0065908313834,-0.15476933681621244,-102.17676899641855,1305.8034279107815,-598439.1614170999,301433.32100540545,0
7940.0835937530355,phase0-forces,D,nominal,Kerbin,3531599999999.9995,600000.0,57125.4765625,888409.4375,888518.25,218.8834686279297,965.4520022028591,196.2767184027998,1.5626623630523682,-510130.6153784443,-1017.6287939432383,317687.2584562676,-168.5397952426588,-0.1600757159023906,-100.59255430845657,1381.0475837449776,-598439.2587511382,301470.8944163034,0
7940.643593753048,phase0-forces,D,nominal,Kerbin,3531599999999.9995,600000.0,56893.70703125,891512.5625,891625.5,219.64801025390625,1016.709062688984,197.7374349323766,1.5732479095458984,-510225.76996851794,-1017.7200531335691,317631.40977943485,-171.21620644293625,-0.1656777062240649,-98.91954496368936,1462.3719939648872,-598439.3590148528,301511.50648955605,0
7941.1835937530595,phase0-forces,D,nominal,Kerbin,3531599999999.9995,600000.0,56670.20703125,894612.6875,894729.5,220.41180419921875,1067.8405957443174,199.21119792864292,1.5836814641952515,-510318.95936160284,-1017.8110517000404,317578.451370972,-173.84571724480332,-0.1711780346366164,-97.27660907888024,1544.0661625106586,-598439.4549009041,301552.3056308033,0
7941.723593753071,phase0-forces,D,nominal,Kerbin,3531599999999.9995,600000.0,56446.703125,897820.0625,897940.9375,221.2020263671875,1120.6771515266737,200.75081524994243,1.5943410396575928,-510413.5823054562,-1017.9050479037548,317526.38845698274,-176.5240870644197,-0.1767768497397516,-95.60389772145848,1629.0751895499416,-598439.5500112427,301594.7625891536,0
7942.263593753083,phase0-forces,D,nominal,Kerbin,3531599999999.9995,600000.0,56223.20703125,901136.5,901261.5,222.01914978027344,1175.2499725704547,202.35812158214458,1.6052333116531372,-510509.665485921,-1018.0020950204868,317475.2372969743,-179.25239838669165,-0.182473655195269,-93.90076541880768,1717.5019277558895,-598439.6442427416,301638.9288425071,0
7942.803593753095,phase0-forces,D,nominal,Kerbin,3531599999999.9995,600000.0,55999.71484375,904563.375,904692.4375,222.86343383789062,1231.590995903127,204.0349933314269,1.6163724660873413,-510607.2361859567,-1018.1022463769716,317425.01450550416,-182.03179087432804,-0.18827196414175165,-92.16653497071394,1809.4535464837682,-598439.7374445142,301684.8580509848,0
7943.343593753107,phase0-forces,D,nominal,Kerbin,3531599999999.9995,600000.0,55776.21484375,908102.125,908235.375,223.73529052734375,1289.732898964081,205.78335024976658,1.6277730464935303,-510706.3223245538,-1018.2055579468916,317375.737076542,-184.86346961810352,-0.19417464386999303,-90.40048195105098,1905.0419545882614,-598439.8295766258,301732.6061889812,0
7943.8835937531185,phase0-forces,D,nominal,Kerbin,3531599999999.9995,600000.0,55552.71875,911754.0,911891.4375,224.63502502441406,1349.7091327880044,207.6051452474506,1.6394429206848145,-510806.9524830845,-1018.3120869983173,317327.42240393604,-187.74868104777278,-0.20018498539589297,-88.60185677517356,2004.3837028371636,-598439.9206028038,301782.2315500167,0
7944.42359375313,phase0-forces,D,nominal,Kerbin,3531599999999.9995,600000.0,55329.21875,915520.375,915662.0625,225.56298828125,1411.553944233805,209.50236363258128,1.6513891220092773,-510909.1559267974,-1018.4218920314956,317280.0882889364,-190.68870595006027,-0.2063036570337821,-86.76989817633105,2107.600045379135,-598440.0103516672,301833.794846856,0
7944.9835937531425,phase0-forces,D,nominal,Kerbin,3531599999999.9995,600000.0,55097.44140625,919548.375,919694.625,226.55540466308594,1477.7004718814278,211.55166317481252,1.6640770435333252,-511016.83849985036,-1018.5392872183046,317232.0562494915,-193.79692044796246,-0.21276678993314477,-84.83404120521746,2218.8667233382585,-598440.1019785437,301889.3823723973,0
7945.523593753154,phase0-forces,D,nominal,Kerbin,3531599999999.9995,600000.0,54873.9453125,923551.4375,923701.9375,227.5416717529297,1543.460995619651,213.60876676983574,1.6766092777252197,-511122.3402418768,-1018.655950943575,317186.77638311055,-196.85270034492487,-0.21911671131005245,-82.93172852237024,2330.371720187133,-598440.1888509428,301945.0914346222,0
7946.063593753166,phase0-forces,D,nominal,Kerbin,3531599999999.9995,600000.0,54650.4453125,927672.1875,927827.1875,228.55691528320312,1611.199194519082,215.74747613911623,1.6894398927688599,-511229.5085162048,-1018.7760757172318,317142.53375076415,-199.96738492453795,-0.22558184274066817,-80.99362653735432,2446.150911340257,-598440.2742902432,302002.93831054855,0
7946.603593753178,phase0-forces,D,nominal,Kerbin,3531599999999.9995,600000.0,54426.94921875,931911.5,932070.875,229.6013641357422,1680.9527395312907,217.96988660770722,1.7025760412216187,-511338.3755263017,-1018.8997251121594,317099.34791327326,-203.14239238192755,-0.23216784873741111,-79.01889636798113,2566.346896340372,-598440.3580602333,302062.99441805354,0
7947.14359375319,phase0-forces,D,nominal,Kerbin,3531599999999.9995,600000.0,54203.453125,936270.0625,936433.6875,230.67523193359375,1752.760202003643,220.2781158226663,1.7160249948501587,-511448.97425095463,-1019.0269661471397,317057.2388897919,-206.3791730408288,-0.23888095588617225,-77.00667621223857,2691.108149789856,-598440.4399840909,302125.3340828495,0
7947.683593753201,phase0-forces,D,nominal,Kerbin,3531599999999.9995,600000.0,53979.95703125,940748.375,940916.5,231.77857971191406,1826.6610744603677,222.6742957369769,1.7297934293746948,-511561.3384593546,-1019.157866922161,317016.2271729152,-209.6792026116649,-0.2457166678026918,-74.9560777883568,2820.5892169272993,-598440.5200629223,302190.0345770025,0
7948.243593753214,phase0-forces,D,nominal,Kerbin,3531599999999.9995,600000.0,53748.18359375,945519.5625,945692.3125,232.95408630371094,1905.5534047094407,225.2544281684401,1.7444156408309937,-511679.76606028137,-1019.2975536174289,316974.87795789493,-213.16987557617657,-0.25294207057249307,-72.78803182280237,2960.0232053939253,-598440.6010320133,302259.7110866903,0
7948.783593753225,phase0-forces,D,nominal,Kerbin,3531599999999.9995,600000.0,53524.6796875,950243.0625,950420.375,234.1178436279297,1983.8447249750607,227.83646817976012,1.7588551044464111,-511795.83445698593,-1019.4361207643311,316936.1669048453,-216.6034505912903,-0.26004125309663056,-70.65644912617671,3099.623394740629,-598440.6769837136,302329.4732055135,0
7949.323593753237,phase0-forces,D,nominal,Kerbin,3531599999999.9995,600000.0,53301.18359375,955087.125,955268.8125,235.31130981445312,2064.3552377945744,230.51307857723046,1.7736331224441528,-511913.77591144544,-1019.5785599912136,316898.61839324527,-220.10495437746772,-0.26727951196611205,-68.48369890205818,3244.4526018833276,-598440.7507064401,302401.8509477216,0
7949.863593753249,phase0-forces,D,nominal,Kerbin,3531599999999.9995,600000.0,53077.6796875,960051.625,960237.875,236.5344696044922,2147.128346302081,233.28647655853354,1.788756251335144,-512033.62755195703,-1019.7249469930524,316862.2549195696,-223.67598698639398,-0.27465779054107375,-66.26882791973784,3394.6924842183944,-598440.8220766134,302476.9352038025,0
7950.403593753261,phase0-forces,D,nominal,Kerbin,3531599999999.9995,600000.0,52854.1875,965136.5,965327.0625,237.7872314453125,2232.2084677559324,236.15889303196008,1.8042303323745728,-512155.42737757205,-1019.8753573871933,316827.0995005043,-227.3181741378238,-0.282175766996665,-64.01086502745683,3550.532062069513,-598440.8910171789,302554.8205224453,0
7950.923593753272,phase0-forces,D,nominal,Kerbin,3531599999999.9995,600000.0,52638.96875,970146.0,970340.875,239.02149963378906,2316.360316122067,239.0206056819732,1.8194670677185059,-512274.5936768989,-1020.0240716040091,316794.40987574594,-230.89425671074136,-0.2895542481321191,-61.7948890840413,3706.075679768226,-598440.9549412478,302632.5603692602,0
7951.463593753284,phase0-forces,D,nominal,Kerbin,3531599999999.9995,600000.0,52415.46875,975465.1875,975664.5,240.33200073242188,2406.1021583535476,242.09393308718725,1.835644245147705,-512400.3316353832,-1020.1826057823407,316761.6947880864,-234.68094117278872,-0.29735872363336296,-59.449473216060184,3873.4863316599512,-598441.0186688231,302716.23383141845,0
7952.003593753296,phase0-forces,D,nominal,Kerbin,3531599999999.9995,600000.0,52191.96875,980902.5625,981106.1875,241.671630859375,2498.2887249973137,245.2729670292647,1.8521873950958252,-512528.13561692595,-1020.345396377188,316730.25907364837,-238.54374404995184,-0.3053141408818308,-57.058017081258654,4047.1024641243275,-598441.0795256133,302803.0114692555,0
7952.5435937533075,phase0-forces,D,nominal,Kerbin,3531599999999.9995,600000.0,51968.47265625,986456.8125,986664.75,243.04006958007812,2592.96860269818,248.55998240710505,1.8691006898880005,-512658.04720563703,-1020.5125266285232,316700.12787951017,-242.4843849132253,-0.3134256554312421,-54.619499190615855,4227.1449069662485,-598441.1373802942,302893.00376333605,0
7953.083593753319,phase0-forces,D,nominal,Kerbin,3531599999999.9995,600000.0,51744.97265625,992126.75,992339.0,244.43702697753906,2690.1914655560395,251.95726535192682,1.886389970779419,-512790.1089206171,-1020.6840816489023,316671.3269084775,-246.504609721971,-0.32169701499964976,-52.13288271782568,4413.843367619673,-598441.1921032673,302986.3256321762,0
7953.623593753331,phase0-forces,D,nominal,Kerbin,3531599999999.9995,600000.0,51521.4765625,997910.75,998127.1875,245.862060546875,2790.008090814692,255.4671011513121,1.9040573835372925,-512924.364229826,-1020.8601479387498,316643.88242647547,-250.60617724902767,-0.33012892454792414,-49.597124011144416,4607.436470377375,-598441.2435649744,303083.0964527015,0
7954.143593753342,phase0-forces,D,nominal,Kerbin,3531599999999.9995,600000.0,51306.2578125,1003586.5,1003806.875,247.26043701171875,2888.6276733443374,258.9554657893041,1.921433687210083,-513055.76181207836,-1021.034039185392,316618.76150785387,-254.63438344671,-0.3384052196300063,-47.10784977874316,4800.607405392686,-598441.2898656446,303179.658769874,0
7954.683593753354,phase0-forces,D,nominal,Kerbin,3531599999999.9995,600000.0,51082.765625,1009588.5625,1009812.9375,248.73919677734375,2993.6877047880553,262.6929202085092,1.939858078956604,-513194.45315927744,-1021.2192198153191,316594.058329708,-258.90083546005974,-0.3471672262850195,-44.47254434675658,5008.465227086446,-598441.3344205789,303283.5654032538,0
7955.223593753366,phase0-forces,D,nominal,Kerbin,3531599999999.9995,600000.0,50859.2578125,1015698.125,1015926.5,250.2444610595703,3101.4985256675864,266.5497362626872,1.958673357963562,-513335.47255500196,-1021.4091796561901,316570.7928156457,-263.2539725949333,-0.3560996070037712,-41.78493757042226,5223.98158367537,-598441.3752127127,303391.30318548135,0
7955.743593753377,phase0-forces,D,nominal,Kerbin,3531599999999.9995,600000.0,50644.04296875,1021680.6875,1021912.625,251.71841430664062,3207.9677779048216,270.3786681326777,1.9771658182144165,-513473.5134856205,-1021.5967070122728,316549.7744109928,-267.52952896437034,-0.3648637210999898,-39.14641985888126,5439.0137127498165,-598441.4108675842,303498.8014225828,0
7956.283593753389,phase0-forces,D,nominal,Kerbin,3531599999999.9995,600000.0,50420.54296875,1027993.3125,1028229.0625,253.27371215820312,3321.340073527186,274.476481928894,1.9967604875564575,-513619.24130942125,-1021.7963192098126,316529.41455279215,-272.0581944081194,-0.37414332639861614,-36.352964173883834,5670.3824327935,-598441.4439809128,303614.46922594035,0
7956.823593753401,phase0-forces,D,nominal,Kerbin,3531599999999.9995,600000.0,50197.046875,1034404.9375,1034644.1875,254.85336303710938,3437.6302682604874,278.7004866006959,2.016758441925049,-513767.4403152492,-1022.000995479148,316510.57866942754,-276.6790541842324,-0.3836118650450996,-33.50395572347038,5910.26564485766,-598441.4728201003,303734.3964123787,0
7957.343593753412,phase0-forces,D,nominal,Kerbin,3531599999999.9995,600000.0,49981.828125,1040669.0625,1040911.625,256.3966979980469,3552.4260237159906,282.88946308695637,2.0363991260528564,-513912.5330157744,-1022.2029714485309,316493.9090559388,-281.21767246418096,-0.3929035880234308,-30.706915283459992,6149.6022085042205,-598441.4964734404,303854.0528675319,0
7957.883593753424,phase0-forces,D,nominal,Kerbin,3531599999999.9995,600000.0,49758.328125,1047263.8125,1047509.8125,258.0215148925781,3674.6158465314656,287.3678808401359,2.0571987628936768,-514065.7301375583,-1022.4178802632098,316478.1533965252,-286.0250321524668,-0.4027378711486147,-27.745589251951728,6407.116193964495,-598441.5166194554,303982.79978725454,0
7958.403593753435,phase0-forces,D,nominal,Kerbin,3531599999999.9995,600000.0,49543.109375,1053697.0,1053946.125,259.60650634765625,3795.2049495782703,291.8061426443694,2.077622175216675,-514215.7319984523,-1022.6298987316172,316464.5078259005,-290.7468226985007,-0.4123916512395723,-24.838275077763683,6664.042288299766,-598441.5316954128,304111.2552964435,0
7958.943593753447,phase0-forces,D,nominal,Kerbin,3531599999999.9995,600000.0,49319.609375,1060459.375,1060711.25,261.2725830078125,3923.5297973172273,296.5479077764639,2.099243402481079,-514374.1289483728,-1022.8554381712474,316451.9538227036,-295.7481626618709,-0.422610218738343,-21.76022263968642,6940.482170603704,-598441.5425389152,304249.46981584426,0
7959.483593753459,phase0-forces,D,nominal,Kerbin,3531599999999.9995,600000.0,49096.11328125,1067299.875,1067554.625,262.95794677734375,4055.073522487306,301.4272745963982,2.1212892532348633,-514535.2549927048,-1023.0865528767787,316441.07905225456,-300.851247904831,-0.4330340161556328,-18.62098241928318,7227.093752981396,-598441.5484241463,304392.7726644176,0
7960.023593753471,phase0-forces,D,nominal,Kerbin,3531599999999.9995,600000.0,48872.6171875,1074213.75,1074471.125,264.6613464355469,4189.900876252446,306.4465820699285,2.143765926361084,-514699.1656346375,-1023.3233536338174,316431.91688762634,-306.0580890178943,-0.44366220818287627,-15.419370055263641,7524.2537516450975,-598441.5492101646,304541.35227074026,0
7960.603593753483,phase0-forces,D,nominal,Kerbin,3531599999999.9995,600000.0,48632.5625,1081715.25,1081975.25,266.5095520019531,4338.448306341656,311.99625874108904,2.1683950424194336,-514865.917473749,-1023.5659513020968,316424.5013422831,-311.76852881795867,-0.455309828926773,-11.909769102797355,7855.622489045258,-598441.5439349009,304707.0392770722,0
7961.123593753495,phase0-forces,D,nominal,Kerbin,3531599999999.9995,600000.0,48417.34375,1088501.75,1088763.875,268.18157958984375,4474.982570270775,317.1137876377409,2.190910577774048,-515041.90801509697,-1023.8237804644073,316418.69307353545,-316.99409093930893,-0.46596426714655786,-8.699626245829435,8163.856402087491,-598441.5342265208,304861.16108778334,0
7961.643593753506,phase0-forces,D,nominal,Kerbin,3531599999999.9995,600000.0,48202.12109375,1095340.375,1095604.375,269.866455078125,4614.75136560644,322.3676409419053,2.2138431072235107,-515208.17667289404,-1024.0690003876214,316415.04948559037,-322.321586103038,-0.47682097084187774,-5.428047552555839,8483.020365873934,-598441.5229891978,305020.7486883381,0
7962.1635937535175,phase0-forces,D,nominal,Kerbin,3531599999999.9995,600000.0,47986.90234375,1102225.875,1102491.5,271.5628662109375,4757.817164839595,327.75992440487767,2.2372000217437744,-515377.24354095856,-1024.319920208849,316413.1239863576,-327.7528732136581,-0.487880951146244,-2.0938286129396175,8813.508421682869,-598441.51182399,305185.9982988464,0
7962.703593753529,phase0-forces,D,nominal,Kerbin,3531599999999.9995,600000.0,47763.40234375,1109419.25,1109686.5,273.33514404296875,4909.943846861133,333.5109608588333,2.262641191482544,-515555.8335189645,-1024.5866388411166,316412.97841839236,-333.507487706307,-0.4995885627920279,1.4377301824886786,9169.221800948959,-598441.5008760924,305363.8604624283,0
7962.923593753534,phase0-forces,D,nominal,Kerbin,3531599999999.9995,600000.0,47672.34765625,1112361.0,1112628.75,274.0599365234375,4972.977987144957,335.9006480408148,2.273698568344116,-515629.48943006323,-1024.697126570727,316413.46956241556,-335.8877664654321,-0.5044290031025197,2.898145007329873,9317.974434895907,-598441.4965643281,305438.2389352839,0
7963.443593753545,phase0-forces,D,nominal,Kerbin,3531599999999.9995,600000.0,47457.125,1119336.625,1119605.625,275.7785949707031,5124.441422393313,341.6594982451586,2.3005616664886475,-515805.6855998662,-1024.962549781479,316415.9189443336,-341.59913471067347,-0.5160376302812818,6.401375728453246,9678.72290690511,-598441.4842025702,305618.6193521675,0
7964.023593753558,phase0-forces,D,nominal,Kerbin,3531599999999.9995,600000.0,47217.078125,1127148.0,1127417.875,277.703125,5297.556424733833,348.2717732099674,2.332000732421875,-516005.75772911526,-1025.2658022599855,316420.8252220295,-348.1161529474766,-0.5292720833557676,10.396727510415445,10096.87436601927,-598441.4603602451,305827.7070028871,0
7964.543593753569,phase0-forces,D,nominal,Kerbin,3531599999999.9995,600000.0,47001.85546875,1134172.5,1134442.875,279.43377685546875,5456.593188311206,354.38430553941356,2.363450527191162,-516188.38632422057,-1025.5442866952794,316427.2180424898,-354.10463595950966,-0.5414187493476623,14.065904534490713,10486.937826868496,-598441.4253517598,306022.75623755436,0
7965.083593753581,phase0-forces,D,nominal,Kerbin,3531599999999.9995,600000.0,46778.359375,1141481.5,1141752.375,281.23455810546875,5625.677380883833,360.93178696379096,2.3991711139678955,-516381.37882167526,-1025.8402525281692,316435.9024527024,-360.48362758893984,-0.5543437367365852,17.972250393745085,10908.307152082562,-598441.3762541872,306233.4654489477,0
7965.603593753593,phase0-forces,D,nominal,Kerbin,3531599999999.9995,600000.0,46563.140625,1148527.625,1148798.875,282.9705810546875,5792.381967897061,367.43847366622606,2.435270309448242,-516570.52327617933,-1026.1319394588727,316446.28546683176,-366.78889384112966,-0.5671086505187525,21.831575132018443,11330.68210890377,-598441.3191078065,306444.6815005486,0
7966.123593753604,phase0-forces,D,nominal,Kerbin,3531599999999.9995,600000.0,46347.91796875,1155575.5,1155846.5,284.7070007324219,5962.994729257422,374.1447364346089,2.4713640213012695,-516762.98986500915,-1026.4303511070227,316458.70145685825,-373.25454899524186,-0.5801951618424612,25.787377331860057,11770.003342466778,-598441.2547711772,306664.3742856448,0
7966.643593753615,phase0-forces,D,nominal,Kerbin,3531599999999.9995,600000.0,46132.69921875,1162618.25,1162889.0,286.44219970703125,6137.611333159846,381.0445888708459,2.5058116912841797,-516958.8605741353,-1026.7356510740703,316473.19975072664,-379.87425248546236,-0.5935872652439261,29.83586198724157,12226.621277241386,-598441.1855777272,306892.7178497571,0
7967.163593753627,phase0-forces,D,nominal,Kerbin,3531599999999.9995,600000.0,45917.4765625,1169649.25,1169919.5,288.1744689941406,6316.3215092719765,388.1250080134286,2.5371265411376953,-517158.2123131163,-1027.0479915954759,316489.82659488387,-386.6351615591201,-0.6072580324097656,33.96917616397545,12700.586074522347,-598441.112597065,307129.73673872865,0
7967.683593753638,phase0-forces,D,nominal,Kerbin,3531599999999.9995,600000.0,45702.2578125,1176661.0,1176930.25,289.9019775390625,6499.205537861912,395.368970815243,2.5646920204162598,-517361.113946898,-1027.3675078348742,316508.6232785553,-393.5209495336136,-0.6211740393565628,38.177211847913085,13191.74096725625,-598441.034876124,307375.3530455661,0
7968.203593753649,phase0-forces,D,nominal,Kerbin,3531599999999.9995,600000.0,45487.0390625,1183645.5,1183913.625,291.622802734375,6686.337200566893,402.7725579351062,2.5918381214141846,-517567.6288146943,-1027.6943252307447,316529.62767069467,-400.5279900288754,-0.6353282910287289,42.4577317691393,13700.44717358856,-598440.9528898532,307629.7471418677,0
7968.723593753661,phase0-forces,D,nominal,Kerbin,3531599999999.9995,600000.0,45271.81640625,1190595.0,1190861.375,293.3349914550781,6877.790518446825,410.33757156665644,2.619389057159424,-517777.8204657823,-1028.0285675891596,316552.87775586575,-407.6581361739246,-0.6497230870992772,46.811798836756054,14227.317909577163,-598440.8662979254,307893.2258058259,0
7969.243593753672,phase0-forces,D,nominal,Kerbin,3531599999999.9995,600000.0,45056.59765625,1197501.375,1197766.0,295.03656005859375,7073.640607986599,418.06576278456083,2.647331476211548,-517991.75340703427,-1028.3703597076344,316578.41205259756,-414.9131942334423,-0.6643588686749772,51.24043218916147,14772.985769630992,-598440.7745422968,308166.1056136671,0
7969.743593753683,phase0-forces,D,nominal,Kerbin,3531599999999.9995,600000.0,44849.65234375,1204094.0,1204356.75,296.66082763671875,7266.175274782116,425.652149403418,2.674556016921997,-518201.0472688117,-1028.706244690129,316605.154736671,-422.00860624767785,-0.6786652956471028,55.570027515366135,15316.000120199402,-598440.6821382298,308437.6589909848,0
7970.263593753694,phase0-forces,D,nominal,Kerbin,3531599999999.9995,600000.0,44634.43359375,1210892.75,1211153.0,298.33587646484375,7470.872006264748,433.7051310255434,2.7032127380371094,-518422.5097166656,-1029.0632191863358,316635.28354246356,-429.51354894938527,-0.6937932507668619,60.147906012703245,15900.449948372669,-598440.5826063881,308729.93367099226,0
7970.783593753706,phase0-forces,D,nominal,Kerbin,3531599999999.9995,600000.0,44419.21484375,1217624.75,1217882.25,299.9945068359375,7680.193969164742,441.92582907366375,2.732187509536743,-518647.90963652695,-1029.4281302045563,316667.81372565706,-437.1481192841166,-0.7091806998152708,64.80321960782351,16505.67727078637,-598440.4800205426,309032.5986251219,0
7971.283593753717,phase0-forces,D,nominal,Kerbin,3531599999999.9995,600000.0,44212.2734375,1224028.0,1224282.5,301.5721130371094,7885.900363605702,449.9896503940679,2.7603108882904053,-518868.4166324993,-1029.7866150090986,316701.39504221047,-444.6125175671701,-0.7242152534645344,69.35322773040191,17107.87173910963,-598440.3788540026,309333.7464425535,0
7971.803593753728,phase0-forces,D,nominal,Kerbin,3531599999999.9995,600000.0,43997.0546875,1230607.0,1230858.5,303.19305419921875,8104.524814037024,458.54270610735125,2.789797782897949,-519101.7374798128,-1030.1674799122266,316738.7535488964,-452.5049995755094,-0.7401003743802037,74.1625979511019,17755.89968157513,-598440.271683891,309657.8139988421,0
7972.303593753739,phase0-forces,D,nominal,Kerbin,3531599999999.9995,600000.0,43790.109375,1236849.25,1237097.0,304.73095703125,8319.323814715492,466.9278654585584,2.8183469772338867,-519329.98775522335,-1030.5415508866015,316777.05334929825,-460.219357429668,-0.7556229697276706,78.86192758636307,18400.581428601756,-598440.1674350402,309980.20699678076,0
7972.82359375375,phase0-forces,D,nominal,Kerbin,3531599999999.9995,600000.0,43574.890625,1243246.125,1243490.125,306.3070068359375,8547.55959877919,475.81689616497664,2.8482754230499268,-519571.4947222314,-1030.9388866385125,316819.3986023394,-468.373805006652,-0.7720227989738953,83.82780827661396,19094.224267613958,-598440.0584867258,310327.0828904441,0
7973.383593753762,phase0-forces,D,nominal,Kerbin,3531599999999.9995,600000.0,43343.1171875,1250019.125,1250258.875,307.9757385253906,8798.968785743928,485.582887255223,2.8807637691497803,-519836.3640111707,-1031.3764079615644,316867.91460944107,-477.30670833348626,-0.7899831954893012,89.26602097955154,19868.533002766548,-598439.9413716875,310714.29581553955,0
7973.923593753774,phase0-forces,D,nominal,Kerbin,3531599999999.9995,600000.0,43119.6171875,1256408.875,1256642.0,309.54998779296875,9047.009274699725,495.19042678080103,2.9122202396392822,-520096.55355039483,-1031.8079125714362,316917.6073743602,-486.0698469291137,-0.8075974568697585,94.5992096584719,20642.90175269451,-598439.8295367518,311101.53610797133,0
7974.463593753786,phase0-forces,D,nominal,Kerbin,3531599999999.9995,600000.0,42896.1171875,1262617.375,1262843.875,311.07965087890625,9300.651279483573,504.98456148382945,2.943650007247925,-520361.5161691968,-1032.2490084074511,316970.2045960821,-494.9795235728605,-0.8254932127296151,100.01998371103303,21445.348276042845,-598439.7200112998,311502.8141323715,0
7975.003593753798,phase0-forces,D,nominal,Kerbin,3531599999999.9995,600000.0,42672.62109375,1268639.75,1268859.125,312.56341552734375,9559.986972239567,514.9650236212013,2.975060224533081,-520631.3310047617,-1032.6998472134999,317025.7535671712,-504.0357504135653,-0.8436757483100781,105.52831880329657,22276.754080782295,-598439.6132318584,311918.57042446197,0
7975.54359375381,phase0-forces,D,nominal,Kerbin,3531599999999.9995,600000.0,42449.12109375,1274472.0,1274684.375,314.0003662109375,9825.10847743298,525.1313767310778,3.006418228149414,-520906.0771612547,-1033.1605865186975,317084.3015432778,-513.238397922036,-0.8621497253669881,111.12410370279738,23138.016192945186,-598439.5096239189,312349.25328451314,0
7976.00359375382,phase0-forces,D,nominal,Kerbin,3531599999999.9995,600000.0,42258.73828125,1279288.875,1279495.125,315.1871032714844,10055.585278427345,533.9377976379465,3.033068895339966,-521144.0690139604,-1033.5609933495455,317136.5765922469,-521.1929987520718,-0.8781095921386549,115.95972887958823,23895.91804544395,-598439.4242423086,312728.2469015677,0
7976.543593753831,phase0-forces,D,nominal,Kerbin,3531599999999.9995,600000.0,42035.23828125,1284764.5,1284963.75,316.53619384765625,10331.664029469015,544.4467644096665,3.0642592906951904,-521428.1557419792,-1034.040472995047,317200.80276821373,-530.6660586796355,-0.8971058582373436,121.71692011653761,24814.895412845653,-598439.3275645596,313187.783924143,0
7977.083593753843,phase0-forces,D,nominal,Kerbin,3531599999999.9995,600000.0,41811.7421875,1290047.625,1290239.5,317.8377990722656,10613.790354585624,555.1395872316114,3.0953187942504883,-521717.3986098411,-1034.5302892472694,317268.16213741736,-540.2845137220746,-0.9163831208844685,127.5608317069192,25766.378170681768,-598439.2350522202,313663.5715592308,0
7977.6035937538545,phase0-forces,D,nominal,Kerbin,3531599999999.9995,600000.0,41596.5234375,1294954.5,1295139.625,319.0467529296875,10891.26843218028,565.6091988002026,3.1250741481781006,-522000.87513871765,-1035.0118756493225,317336.03159979836,-549.6835761873093,-0.9352122956670005,133.26986611871303,26714.236975156586,-598439.1499654449,314137.5435048558,0
7978.143593753866,phase0-forces,D,nominal,Kerbin,3531599999999.9995,600000.0,41373.0234375,1299862.5,1300040.625,320.2559814453125,11185.530706046731,576.6598079503808,3.155783176422119,-522300.46681262995,-1035.522425106975,317409.6769240787,-559.585521630282,-0.9550446061351866,139.28268369375854,27732.326391180628,-598439.0658185041,314646.6302863383,0
7978.683593753878,phase0-forces,D,nominal,Kerbin,3531599999999.9995,600000.0,41149.52734375,1304578.375,1304749.25,321.4178466796875,11486.10935432557,587.8907002347664,3.1862518787384033,-522605.4456023531,-1036.043762325388,317486.5930608388,-569.6305691237538,-0.9751574681765122,145.3806700018422,28785.79651575745,-598438.9860763388,315173.4052197093,0
7979.22359375389,phase0-forces,D,nominal,Kerbin,3531599999999.9995,600000.0,40926.02734375,1309102.625,1309266.625,322.53253173828125,11793.093906725408,599.3002505119705,3.216440200805664,-522915.8884721898,-1036.576035973841,317566.8257948639,-579.8175879236304,-0.9955376158775544,151.563069060339,29875.638017528574,-598438.910557599,315718.36372996477,0
7979.743593753901,phase0-forces,D,nominal,Kerbin,3531599999999.9995,600000.0,40710.8046875,1313280.5,1313437.75,323.5618591308594,12094.845919989282,610.454383578523,3.245210647583008,-523220.068963435,-1037.0990671868192,317647.26389698155,-589.7602820184518,-1.0154195830419366,157.59547298961667,30960.42476698733,-598438.8416536137,316260.7915566868,0
7980.283593753913,phase0-forces,D,nominal,Kerbin,3531599999999.9995,600000.0,40487.30859375,1317436.125,1317586.5,324.585693359375,12414.662265238818,622.2091806931568,3.274745225906372,-523541.45883935015,-1037.6532324315858,317734.1384075384,-600.2220782918397,-1.0363365890675371,163.94098717632602,32124.581865854445,-598438.7736895521,316842.9040881512,0
7980.823593753925,phase0-forces,D,nominal,Kerbin,3531599999999.9995,600000.0,40263.80859375,1321406.875,1321550.375,325.5639953613281,12741.144870674354,634.1372609403904,3.304029703140259,-523868.5367426239,-1038.2187666922946,317824.46244799875,-610.8220424371,-1.0575155993506689,170.36836515828742,33328.14279447787,-598438.7087975092,317444.71699848433,0
7981.343593753936,phase0-forces,D,nominal,Kerbin,3531599999999.9995,600000.0,40048.58984375,1325057.875,1325194.875,326.4635314941406,13061.916837989236,645.7867100402328,3.332163095474243,-524188.94613838504,-1038.7742323069845,317914.7426142631,-621.1597470388308,-1.0781607698461542,176.63488073593462,34525.448989427416,-598438.6495645788,318043.3997124243,0
7981.8635937539475,phase0-forces,D,nominal,Kerbin,3531599999999.9995,600000.0,39833.37109375,1328542.5,1328673.25,327.3220520019531,13389.027873745421,657.5955789957583,3.360206127166748,-524514.7655506768,-1039.340500699982,318008.3017887122,-631.6250275806334,-1.0990547885219202,182.97694425009544,35761.42701996071,-598438.5942303317,318661.4163948145,0
7982.383593753959,phase0-forces,D,nominal,Kerbin,3531599999999.9995,600000.0,39618.15234375,1331866.5,1331991.25,328.1410217285156,13722.554930017446,669.5631365381147,3.3881425857543945,-524846.0612177375,-1039.917699119199,318105.1791864356,-642.2175185551258,-1.1201901972583328,189.39429200896365,37037.15945931978,-598438.5428960345,319299.3082816426,0
7982.90359375397,phase0-forces,D,nominal,Kerbin,3531599999999.9995,600000.0,39402.9296875,1335034.5,1335153.25,328.92156982421875,14062.574740942568,681.6887203522457,3.4159865379333496,-525182.899203914,-1040.5059536243054,318205.4138895308,-652.9369160803085,-1.1415677154867,195.8866812679447,38353.76466065459,-598438.4954008226,319957.634629916,0
7983.423593753982,phase0-forces,D,nominal,Kerbin,3531599999999.9995,600000.0,39187.7109375,1338047.375,1338160.25,329.6638488769531,14409.163844895782,693.9716765939777,3.443737506866455,-525525.3454185524,-1041.105388951397,318309.0448587101,-663.7829132704469,-1.1631858632065994,202.45389342638597,39712.3944019794,-598438.4519858166,320636.9712080814,0
7983.943593753993,phase0-forces,D,nominal,Kerbin,3531599999999.9995,600000.0,38972.4921875,1340906.5,1341013.375,330.3682556152344,14762.398582597263,706.4113426658074,3.471393346786499,-525873.4656076238,-1041.716132666399,318416.1109434545,-674.755189862006,-1.1850498790918138,209.0957064551566,41114.23353741621,-598438.4129609178,321337.9102882492,0
7984.463593754004,phase0-forces,D,nominal,Kerbin,3531599999999.9995,600000.0,38757.26953125,1343614.0,1343715.25,331.03533935546875,15122.35508471937,719.0070507458366,3.4989516735076904,-526227.3253444227,-1042.338309986807,318526.65087347734,-685.8534188126639,-1.2071544986407157,215.81188499066306,42560.50139237009,-598438.3784866445,322061.0614528628,0
7984.963593754015,phase0-forces,D,nominal,Kerbin,3531599999999.9995,600000.0,38550.328125,1346077.75,1346173.625,331.642333984375,15474.876735586673,731.2648638411583,3.525360584259033,-526573.0486554938,-1042.9474570611671,318636.25120652304,-696.6432878988591,-1.2286335012077316,222.3396522751056,43994.21232116211,-598438.3494575787,322777.9314317917,0
7985.4835937540265,phase0-forces,D,nominal,Kerbin,3531599999999.9995,600000.0,38335.109375,1348499.0,1348589.5,332.2388916015625,15848.23859548557,744.16481761408,3.552741050720215,-526938.3565888777,-1043.592423528823,318753.7172354677,-707.9877102360108,-1.251203236844744,229.20103058194871,45531.32047889917,-598438.32376682,323546.4983560396,0
7986.003593754038,phase0-forces,D,nominal,Kerbin,3531599999999.9995,600000.0,38119.88671875,1350782.125,1350867.375,332.8013916015625,16228.546542334021,757.2190397649273,3.5800459384918213,-527309.5973607661,-1044.2491917649263,318874.77110698126,-719.4572776555356,-1.2740146751592225,236.13614017683025,47116.70701407513,-598438.3025273076,324339.20224338374,0
7986.54359375405,phase0-forces,D,nominal,Kerbin,3531599999999.9995,600000.0,37896.390625,1353014.125,1353094.25,333.3512878417969,16630.914580883808,770.9382492123108,3.6083645820617676,-527701.4658611561,-1044.943843023972,319004.3194648141,-731.5003552349453,-1.29794963700421,243.41596027465334,48815.67503548029,-598438.2857661955,325188.6946346424,0
7987.083593754061,phase0-forces,D,nominal,Kerbin,3531599999999.9995,600000.0,37672.890625,1355112.875,1355188.0,333.8683776855469,17040.939135767636,784.8230202687221,3.6366333961486816,-528099.8752978556,-1045.6514930392595,319137.82115708984,-743.6782009940889,-1.3221452506544047,250.7751152763178,50569.843650862575,-598438.2744229552,326065.78461395367,0
7987.623593754073,phase0-forces,D,nominal,Kerbin,3531599999999.9995,600000.0,37449.39453125,1357082.375,1357152.875,334.3536376953125,17458.70459187287,798.872988335998,3.664862632751465,-528504.8984271892,-1046.3722778437698,319275.3189956847,-755.9907588532338,-1.3465908361591998,258.2134983197414,52380.89620703715,-598438.2681644468,326971.31402129517,0
7988.143593754085,phase0-forces,D,nominal,Kerbin,3531599999999.9995,600000.0,37234.17578125,1358859.375,1358925.375,334.7914123535156,17868.392136533163,812.5583963183041,3.6920106410980225,-528901.2393908589,-1047.0789098703638,319411.54111577524,-767.9745656000312,-1.3703771437371632,265.4511934147247,54180.263553884695,-598438.2670358734,327870.99825900566,0
7988.683593754096,phase0-forces,D,nominal,Kerbin,3531599999999.9995,600000.0,37010.67578125,1360582.875,1360644.5,335.216064453125,18301.597904513008,826.9316520462394,3.7201671600341797,-529319.4564315524,-1047.8258817520605,319557.0075513935,-780.5514162576665,-1.3953287482174643,273.0448622328543,56108.11069948296,-598438.2707555102,328834.9199719864,0
7989.223593754108,phase0-forces,D,nominal,Kerbin,3531599999999.9995,600000.0,36787.1796875,1362186.25,1362243.375,335.6111145019531,18742.794330197037,841.4691538291871,3.7482948303222656,-529744.5025940735,-1048.5863973221894,319706.59669995157,-793.2628794099202,-1.4205315016764544,280.71751474844496,58098.20219202945,-598438.2790573945,329829.9615673175,0
7989.7435937541195,phase0-forces,D,nominal,Kerbin,3531599999999.9995,600000.0,36571.9609375,1363621.375,1363674.375,335.96466064453125,19175.280998075614,855.6232432892654,3.775362253189087,-530160.3285727741,-1049.331672443971,319854.58181757416,-805.6307918820302,-1.4450394614352975,288.1806264989534,60075.23583764932,-598438.2916749362,330818.47208135657,0
7990.263593754131,phase0-forces,D,nominal,Kerbin,3531599999999.9995,600000.0,36356.73828125,1364954.375,1365003.625,336.2930908203125,19615.330743597704,869.9292752924545,3.802422523498535,-530582.6195268584,-1050.0897589241592,320006.4675284128,-818.1236329924743,-1.4697899297534123,295.7169336842457,62113.609199256985,-598438.3083002071,331837.6504495249,0
7990.803593754143,phase0-forces,D,nominal,Kerbin,3531599999999.9995,600000.0,36133.23828125,1366237.625,1366283.125,336.6092529296875,20080.391194483847,884.9462853691323,3.8305318355560303,-531028.0648522928,-1050.8906895087728,320168.3643208554,-831.2293403576278,-1.4957291428552122,303.6206094974117,64297.32969300542,-598438.3298069682,332929.4999430186,0
7991.323593754154,phase0-forces,D,nominal,Kerbin,3531599999999.9995,600000.0,35918.01953125,1367383.0,1367425.625,336.8914794921875,20536.091251069214,899.5619500379664,3.857630729675293,-531463.735794217,-1051.6752604590106,320328.3191663775,-843.9773671304545,-1.520948710997587,311.30626791420906,66466.67641951574,-598438.3541197918,334014.161149862,0
7991.843593754165,phase0-forces,D,nominal,Kerbin,3531599999999.9995,600000.0,35702.80078125,1368448.625,1368488.125,337.15399169921875,20999.583517444204,914.3297275988687,3.8847880363464355,-531906.0695537102,-1052.4730109022842,320492.2903929581,-856.8510599284456,-1.546409949429777,319.06538591139747,68703.36569852021,-598438.3817559562,335132.491971282,0
7992.363593754177,phase0-forces,D,nominal,Kerbin,3531599999999.9995,600000.0,35487.578125,1369442.625,1369479.375,337.3988952636719,21470.94378509582,929.24995088344,3.9120309352874756,-532355.1315976619,-1053.2840646854822,320660.3162592042,-869.8508874207838,-1.5721057506202312,326.8982002912517,71009.5626853063,-598438.4127067083,336285.574989299,0
7992.883593754188,phase0-forces,D,nominal,Kerbin,3531599999999.9995,600000.0,35272.359375,1370368.0,1370402.375,337.6269226074219,21950.24815126008,944.3230740734268,3.939380168914795,-532810.9876655482,-1054.1085429955795,320832.4351643029,-882.9774217017427,-1.59803798270313,334.8049988680505,73387.53435020964,-598438.4467856578,337474.5437822759,0
7993.383593754199,phase0-forces,D,nominal,Kerbin,3531599999999.9995,600000.0,35065.41796875,1371194.875,1371226.5,337.8305969238281,22418.680554200313,958.9611078620952,3.9657812118530273,-533255.7793802129,-1054.9140879624713,321001.8299273391,-895.7191384226572,-1.6232002904770175,342.47773165022954,75743.93261472962,-598438.4821354124,338652.7252396586,0
7993.90359375421,phase0-forces,D,nominal,Kerbin,3531599999999.9995,600000.0,34850.1953125,1371990.25,1372019.625,338.0265808105469,22913.789922861033,974.3355727700797,3.9933457374572754,-533725.1543213296,-1055.7652611557312,321182.0896009747,-909.0959518757527,-1.6495979735210806,350.53050862206607,78269.65289986273,-598438.521388548,339915.5657556574,0
7994.403593754221,phase0-forces,D,nominal,Kerbin,3531599999999.9995,600000.0,34643.2578125,1372695.5,1372722.625,338.2003479003906,23397.561791945598,989.2643203631496,4.01996374130249,-534183.0679826692,-1056.5967020153148,321359.3837624398,-922.0794637464522,-1.6752078313824326,358.34418058528763,80772.77118605131,-598438.5612582073,341167.104963922,0
7994.943593754233,phase0-forces,D,nominal,Kerbin,3531599999999.9995,600000.0,34419.7578125,1373394.125,1373418.75,338.3724670410156,23928.600644337363,1005.5483071225415,4.04884147644043,-534684.942832283,-1057.50910849411,321555.2709643004,-936.2357890389025,-1.7031138501792997,366.86107000188235,83561.0093360839,-598438.6066562459,342561.201339919,0
7995.463593754244,phase0-forces,D,nominal,Kerbin,3531599999999.9995,600000.0,34204.5390625,1374008.0,1374030.625,338.5237121582031,24448.457406294532,1021.3877896442468,4.07678747177124,-535175.4907619348,-1058.4020311471104,321748.2709043882,-950.0001782467627,-1.730232578440476,375.13955331410153,86332.14076080255,-598438.6521600845,343946.74430035905,0
7996.003593754256,phase0-forces,D,nominal,Kerbin,3531599999999.9995,600000.0,33981.0390625,1374588.5,1374608.875,338.6667175292969,24997.20609681704,1038.0019552922124,4.105964660644531,-535692.5197711188,-1059.3442953675892,321953.272509786,-964.4322629970878,-1.7586558896022737,383.8168526917941,89302.52527920238,-598438.7007021331,345431.91228853463,0
7996.543593754268,phase0-forces,D,nominal,Kerbin,3531599999999.9995,600000.0,33757.54296875,1375115.25,1375133.875,338.7965087890625,25555.10726895486,1054.7855923061015,4.135321140289307,-536217.3816886182,-1060.3019801010416,322162.98292166856,-979.0061743902572,-1.7873373542735003,392.5765679042352,92370.75065600162,-598438.7502716434,346966.0001921791,0
7997.063593754279,phase0-forces,D,nominal,Kerbin,3531599999999.9995,600000.0,33542.3203125,1375576.75,1375593.75,338.91021728515625,26101.078661012813,1071.1087537932924,4.163787364959717,-536730.279147389,-1061.238901988296,322369.4183988961,-993.1753449127824,-1.815209150272523,401.0902663063968,95421.21535160916,-598438.7986037199,348491.2083739446,0
7997.603593754291,phase0-forces,D,nominal,Kerbin,3531599999999.9995,600000.0,33318.82421875,1376014.375,1376029.875,339.0180358886719,26677.204892835463,1088.2282977504003,4.1935930252075195,-537270.7409191913,-1062.227269578625,322588.50220934406,-1008.0309214044313,-1.8444066382790378,410.013521339748,98692.31082591624,-598438.8493512092,350126.7307373535,0
7998.143593754303,phase0-forces,D,nominal,Kerbin,3531599999999.9995,600000.0,33095.32421875,1376415.625,1376430.0,339.1169128417969,27262.749024912482,1105.5208542373164,4.223649024963379,-537819.2652482861,-1063.2314796274625,322812.42816983454,-1023.0318468569009,-1.8738783818412237,419.02110692657726,102072.66050626407,-598438.9003347722,351816.88008574594,0
7998.663593754314,phase0-forces,D,nominal,Kerbin,3531599999999.9995,600000.0,32880.10546875,1376770.0,1376783.0,339.2041931152344,27835.592541802325,1122.3377886520846,4.252849578857422,-538355.167648443,-1064.213607301733,323032.6797367892,-1037.6158397247602,-1.9025083317589466,427.77548018882453,105435.05926079827,-598438.9492728309,353498.0549939837,0
7999.183593754326,phase0-forces,D,nominal,Kerbin,3531599999999.9995,600000.0,32664.884765625,1377093.0,1377104.75,339.2837829589844,28417.335877385805,1139.3177580794923,4.282307147979736,-538898.6906553871,-1065.2106907705795,323257.505044082,-1052.3371276389068,-1.931393244373176,436.6094288813642,108906.74315966968,-598438.9978140143,355233.8726728277,0
7999.703593754337,phase0-forces,D,nominal,Kerbin,3531599999999.9995,600000.0,32449.666015625,1377386.25,1377397.0,339.35601806640625,29008.061893320642,1156.4620857584157,4.312027454376221,-539449.9060023878,-1066.2228640975138,323486.9456556333,-1067.1969809854884,-1.9605356782153789,445.5236423266656,112491.93103632354,-598439.0455364074,357026.4427499581,0
8000.223593754348,phase0-forces,D,nominal,Kerbin,3531599999999.9995,600000.0,32234.447265625,1377651.25,1377660.875,339.4212951660156,29607.854216221487,1173.7721529987948,4.342021465301514,-540008.8860947173,-1067.250258872969,323721.0435025539,-1082.19671474675,-1.9899291373994192,454.51884221536443,116195.06609549292,-598439.0921155815,358877.9869899557,0
8000.74359375436,phase0-forces,D,nominal,Kerbin,3531599999999.9995,600000.0,32019.224609375,1377889.375,1377898.0,339.47998046875,30216.797261112137,1191.2493786084035,4.37229585647583,-540575.7040307357,-1068.2930097015385,323959.8408935492,-1097.3376763040003,-2.0195879254845384,463.59575867694855,120020.82718699228,-598439.1370575258,360790.84506473324,0
8001.2435937543705,phase0-forces,D,nominal,Kerbin,3531599999999.9995,600000.0,31812.28515625,1378095.25,1378103.0,339.53070068359375,30811.02832790301,1208.2134605119268,4.4016900062561035,-541128.181450082,-1069.310261238721,324193.92541532725,-1112.0308091375662,-2.0483427848620814,472.40136534825024,123819.68524691917,-598439.178497377,362690.2533747711,0
8001.763593754382,phase0-forces,D,nominal,Kerbin,3531599999999.9995,600000.0,31597.064453125,1378287.25,1378294.125,339.5780029296875,31438.169246966834,1226.0230445818725,4.432561874389648,-541710.5887389606,-1070.3835261852569,324442.06556665344,-1127.4529941967332,-2.078522007805461,481.6408739599326,127900.59211833635,-598439.2189787385,364730.6865697989,0
8002.283593754393,phase0-forces,D,nominal,Kerbin,3531599999999.9995,600000.0,31381.84375,1378459.125,1378465.375,339.620361328125,32074.715856223134,1244.0044797538242,4.4637603759765625,-542301.0547186132,-1071.4725545548158,324695.03294995095,-1143.0207941651827,-2.1089571431985217,490.9645221941665,132119.5795540088,-598439.2567764996,366840.1613887546,0
8002.823593754405,phase0-forces,D,nominal,Kerbin,3531599999999.9995,600000.0,31158.345703125,1378619.375,1378625.0,339.65985107421875,32745.794548301492,1262.8612845368705,4.496523857116699,-542922.8421451153,-1072.6202950836678,324962.88631370536,-1159.3432183627847,-2.1408384659508055,500.7367999548245,136653.2313685033,-598439.2928920586,369106.96923822234,0
8003.363593754417,phase0-forces,D,nominal,Kerbin,3531599999999.9995,600000.0,30934.84765625,1378764.5,1378769.625,339.6955871582031,33427.21073272859,1281.907407596885,4.5296831130981445,-543553.4884897425,-1073.7853345970145,325236.04264031217,-1175.8263642315098,-2.1730189328372798,510.601841769683,141348.99293737055,-598439.3248910095,371454.83402318053,0
8003.883593754428,phase0-forces,D,nominal,Kerbin,3531599999999.9995,600000.0,30719.62890625,1378892.875,1378897.5,339.7272033691406,34093.25364150712,1300.4291325676832,4.562013626098633,-544169.2319245167,-1074.923725056456,325504.14110935613,-1191.8528251253567,-2.2042874023651104,520.1902663338583,146030.9172133992,-598439.3517353748,373795.7827390122,0
8004.4035937544395,phase0-forces,D,nominal,Kerbin,3531599999999.9995,600000.0,30504.408203125,1379009.875,1379014.125,339.75604248046875,34769.06708930712,1319.1305473203201,4.594748020172119,-544793.3501912899,-1076.0784481541239,325777.24932222185,-1208.0320877203735,-2.2358225076841194,529.8668483772858,150876.96069611923,-598439.3745161993,376218.79308995995,0
8004.923593754451,phase0-forces,D,nominal,Kerbin,3531599999999.9995,600000.0,30289.1875,1379115.75,1379119.625,339.7821350097656,35454.743350860546,1338.0137596180975,4.627890586853027,-545425.9232627305,-1077.2496438410762,326055.4134089955,-1224.3660699667882,-2.2676400909176135,539.6326578792801,155894.5178923005,-598439.392787748,378727.56255227624,0
8005.443593754462,phase0-forces,D,nominal,Kerbin,3531599999999.9995,600000.0,30073.96875,1379211.125,1379214.75,339.8056640625,36150.375854961225,1357.080937442657,4.6614556312561035,-546067.0321186343,-1078.4374630052002,326338.68006442825,-1240.856735581849,-2.2997461303343627,549.4888021599108,161091.44001683593,-598439.4062782943,381326.0168692708,0
8005.963593754474,phase0-forces,D,nominal,Kerbin,3531599999999.9995,600000.0,29858.74609375,1379296.875,1379300.0,339.8267517089844,36856.059216400376,1376.3343047204378,4.695452690124512,-546716.7587741641,-1079.6420554824495,326627.0965629578,-1257.5061012177978,-2.3321420019506984,559.4363993020006,166476.06908444688,-598439.4143884268,384018.32734801003,0
8006.4635937544845,phase0-forces,D,nominal,Kerbin,3531599999999.9995,600000.0,29651.802734375,1379370.25,1379373.125,339.8448486328125,37544.168546104454,1395.0248649063622,4.728558540344238,-547349.7002660241,-1080.8162722485033,326909.32122229686,-1273.6666811232049,-2.363555260211313,569.0887212993647,171838.86813149857,-598439.4168639801,386699.7256337592,0
8007.003593754496,phase0-forces,D,nominal,Kerbin,3531599999999.9995,600000.0,29428.30859375,1379440.875,1379443.375,339.86224365234375,38297.963068850804,1415.4087785971456,4.764781951904297,-548042.3988672178,-1082.1021510477412,327219.5711699471,-1291.2891974512015,-2.3977847898547267,579.6106190398837,177844.508427153,-598439.4133701796,389702.5475284867,0
8007.543593754508,phase0-forces,D,nominal,Kerbin,3531599999999.9995,600000.0,29204.80859375,1379503.125,1379505.375,339.8775939941406,39062.910537762684,1436.0010399716004,4.801507472991943,-548744.6632210099,-1083.4066036932088,327535.5315711382,-1309.0896658073661,-2.4323359970982312,590.2349679724794,184083.1833493522,-598439.4028760551,392821.89023664856,0
8008.063593754519,phase0-forces,D,nominal,Kerbin,3531599999999.9995,600000.0,28989.587890625,1379556.25,1379558.375,339.89068603515625,39810.17178664403,1456.0301460832866,4.837365627288818,-549430.049004228,-1084.6804617166326,327845.23885693785,-1326.4013843088694,-2.4659174576152876,600.5639626700257,190322.28462809208,-598439.3856429413,395941.44949257537,0
8008.603593754531,phase0-forces,D,nominal,Kerbin,3531599999999.9995,600000.0,28766.091796875,1379605.625,1379607.375,339.90283203125,40597.33816275315,1477.0396298360215,4.875138282775879,-550151.3733420654,-1086.021883989148,328172.57141252916,-1344.5585581959733,-2.5011085056147917,611.3935689425759,197054.24801831262,-598439.3598917404,399307.4440632861,0
8009.1235937545425,phase0-forces,D,nominal,Kerbin,3531599999999.9995,600000.0,28550.87109375,1379648.375,1379650.0,339.9133605957031,41366.206858006655,1497.4760019712164,4.912042140960693,-550855.296564046,-1087.331668971654,328493.33517836547,-1362.2186735955668,-2.5353063640235196,621.9230129275437,203793.143122243,-598439.327616455,402676.907752894,0
8009.643593754554,phase0-forces,D,nominal,Kerbin,3531599999999.9995,600000.0,28335.650390625,1379688.0,1379689.5,339.9231262207031,42145.83264608658,1518.1163367389784,4.949483394622803,-551568.4499688036,-1088.6593217103841,328819.6013084203,-1380.0534301883797,-2.569817630052117,632.5528734709931,210796.8567261874,-598439.286971869,406178.7848771592,0
8010.143593754565,phase0-forces,D,nominal,Kerbin,3531599999999.9995,600000.0,28128.70703125,1379723.375,1379724.625,339.93182373046875,42905.71546384448,1538.1578201015282,4.986006736755371,-552262.964060328,-1089.9529119432582,329138.5566991936,-1397.369288702214,-2.6032973135679067,642.8699505922257,217794.1287467801,-598439.2400574246,409677.44434467773,0
8010.663593754576,phase0-forces,D,nominal,Kerbin,3531599999999.9995,600000.0,27913.48828125,1379756.75,1379757.875,339.9400329589844,43706.74953126337,1559.2066197643046,5.02454948425293,-552994.4898190729,-1091.3160881127076,329475.76944449765,-1415.5540489462999,-2.6384345138921024,653.7010450442015,225359.46196206962,-598439.182772796,413460.1395946368,0
8011.1835937545875,phase0-forces,D,nominal,Kerbin,3531599999999.9995,600000.0,27698.26953125,1379786.75,1379787.875,339.94744873046875,44518.85761172883,1580.468088147008,5.0636749267578125,-553735.5206480346,-1092.697620930118,329818.6425926939,-1433.9211801426939,-2.673890634635357,664.636951348717,233234.73398305126,-598439.1162967493,417397.80884315097,0
8011.703593754599,phase0-forces,D,nominal,Kerbin,3531599999999.9995,600000.0,27483.046875,1379813.625,1379814.625,339.9540710449219,45342.149867384695,1601.9452945874082,5.1033935546875,-554486.1521072251,-1094.0976823777023,330167.23106184043,-1452.4733975431284,-2.7096874020588984,675.6792240956078,241437.4931214091,-598439.0405134641,421499.2263039725,0
8012.22359375461,phase0-forces,D,nominal,Kerbin,3531599999999.9995,600000.0,27267.828125,1379837.5,1379838.375,339.9599609375,46176.73810657184,1623.6413795271526,5.14371919631958,-555246.4811895054,-1095.5164473887203,330521.590581364,-1471.2134917021374,-2.7458105087380056,686.8294196313158,249986.64279331453,-598438.9546123308,425773.8440904919,0
8012.7435937546215,phase0-forces,D,nominal,Kerbin,3531599999999.9995,600000.0,27052.607421875,1379858.875,1379859.625,339.9652099609375,47022.735817963025,1645.55955249851,5.184664249420166,-556016.6063519776,-1096.9540831958968,330881.7777060728,-1490.1442952278373,-2.7822592672038717,698.0891628240608,258902.5750768237,-598438.858518844,430231.85827898985,0
8013.2435937546325,phase0-forces,D,nominal,Kerbin,3531599999999.9995,600000.0,26845.666015625,1379877.0,1379877.625,339.96966552734375,47847.06207054574,1666.8472544834065,5.224642753601074,-556766.4425220339,-1098.3543845635586,331233.66062712,-1508.5295785569572,-2.817634416418777,709.0206917530224,267841.9875585792,-598438.7559661763,434701.61579620145,0
8013.783593754644,phase0-forces,D,nominal,Kerbin,3531599999999.9995,600000.0,26622.16796875,1379894.375,1379894.875,339.9739685058594,48749.422285928275,1690.075526203707,5.268494606018066,-557586.6462840383,-1099.8866774506196,331619.8652845471,-1528.5898536437091,-2.8562094511777,720.9439546024449,277924.76998612285,-598438.6333872505,439743.0682994362,0
8014.283593754655,phase0-forces,D,nominal,Kerbin,3531599999999.9995,600000.0,26415.2265625,1379908.75,1379909.125,339.97747802734375,49596.24620767776,1711.806470262644,5.309751987457275,-558355.8037870579,-1101.3241285457905,331983.23233196326,-1547.3561540938936,-2.892259277470093,732.0942281271443,287681.6861937585,-598438.508964231,444621.58861476375,0
8014.823593754667,phase0-forces,D,nominal,Kerbin,3531599999999.9995,600000.0,26191.728515625,1379922.375,1379922.75,339.9808654785156,50523.15254206548,1735.5207892468463,5.355025768280029,-559197.090321506,-1102.8969243950028,332381.9636917789,-1567.8344045932815,-2.931571637792866,744.2574121695795,298703.3149055365,-598438.3618981177,450132.4765037094,0
8015.343593754678,phase0-forces,D,nominal,Kerbin,3531599999999.9995,600000.0,25976.5078125,1379934.0,1379934.25,339.98370361328125,51427.96198158839,1758.6009288836476,5.399350643157959,-560017.726697862,-1104.4316386103396,332772.16780614346,-1587.7642578459781,-2.969817412314563,756.090648508349,309823.0279392109,-598438.2075488439,455692.4101951835,0
8015.86359375469,phase0-forces,D,nominal,Kerbin,3531599999999.9995,600000.0,25761.287109375,1379944.0,1379944.25,339.9861755371094,52344.899707995704,1781.924404738701,5.444402694702148,-560848.7828488467,-1105.9863363005588,333168.5575594222,-1607.9035603896778,-3.008417218153325,768.0440574051813,321473.1418859117,-598438.0402652116,461517.55081035005,0
8016.363593754701,phase0-forces,D,nominal,Kerbin,3531599999999.9995,600000.0,25554.345703125,1379952.25,1379952.75,339.9882507324219,53238.12595102179,1804.5839088999921,5.488428115844727,-561657.8038708351,-1107.5002556787176,333555.593552525,-1627.4689692324898,-3.045878608889167,779.6528465090164,333209.14326274255,-598437.8667104715,467385.63827613555,0
8016.883593754712,phase0-forces,D,nominal,Kerbin,3531599999999.9995,600000.0,25339.125,1379959.875,1379960.125,339.9901123046875,54179.22330228565,1828.396042304476,5.534966468811035,-562509.6194860939,-1109.0947064480952,333964.30062945903,-1648.0291007850394,-3.0852307164024038,791.8476190731087,346008.29240283906,-598437.6721725911,473785.310115124,0
8017.423593754724,phase0-forces,D,nominal,Kerbin,3531599999999.9995,600000.0,25115.62890625,1379966.5,1379966.875,339.99176025390625,55169.75857335562,1853.3941017315133,5.584132194519043,-563405.5772506993,-1110.7722543805905,334395.4758319471,-1669.6126985364047,-3.1265058702211617,804.6448646329577,359986.43042667734,-598437.4549349714,480774.48774585297,0
8017.943593754735,phase0-forces,D,nominal,Kerbin,3531599999999.9995,600000.0,24900.408203125,1379972.125,1379972.25,339.9931335449219,56136.495941787376,1877.7306826701397,5.632297515869141,-564279.4289614087,-1112.4088454920645,334817.24851673085,-1690.624760036594,-3.1666549713914174,817.0987759679791,374157.39417037286,-598437.23037077,487860.08189980144,0
8018.483593754747,phase0-forces,D,nominal,Kerbin,3531599999999.9995,600000.0,24676.91015625,1379977.125,1379977.25,339.9943542480469,57153.94651848159,1903.2825162847328,5.683201313018799,-565198.5213059597,-1114.1305984471887,335262.13572573557,-1712.6857161334292,-3.208776918159799,830.1696683801187,389668.4004915878,-598436.9803308024,495615.7100803927,0
8019.003593754758,phase0-forces,D,nominal,Kerbin,3531599999999.9995,600000.0,24461.689453125,1379981.125,1379981.25,339.9953308105469,58146.88550739118,1928.1614249442162,5.733087539672852,-566094.8965478202,-1115.8101960259617,335697.25344899413,-1734.1654107888423,-3.249766608391193,842.8915990110868,405430.5441951277,-598436.7228678021,503496.91066366277,0
8019.5235937547695,phase0-forces,D,nominal,Kerbin,3531599999999.9995,600000.0,24246.470703125,1379984.5,1379984.625,339.9961853027344,59152.889372972306,1953.3132223710245,5.783856391906738,-567002.5044313497,-1117.5112207465615,336139.02288485714,-1755.880497875865,-3.2911718244134787,855.7484385359412,422067.9894051126,-598436.4488617796,511815.77027166646,0
8020.02359375478,phase0-forces,D,nominal,Kerbin,3531599999999.9995,600000.0,24039.52734375,1379987.25,1379987.375,339.9968566894531,60132.654009619146,1977.7593097621275,5.833518028259277,-567885.9121843021,-1119.1672358830006,336570.1399368113,-1776.9861765892897,-3.3314080472355383,868.2401265098079,438957.49152633,-598436.1685289389,520260.66149869555,0
8020.563593754792,phase0-forces,D,nominal,Kerbin,3531599999999.9995,600000.0,23816.029296875,1379989.75,1379989.875,339.9974670410156,61204.66329933738,2004.4541811609342,5.888113021850586,-568851.9142631487,-1120.9784541005483,337042.80116217706,-1800.0332758381307,-3.3753205985077823,881.8760556109099,458262.87555615,-598435.8468274785,529913.5143643357,0
8021.083593754804,phase0-forces,D,nominal,Kerbin,3531599999999.9995,600000.0,23600.80859375,1379991.75,1379991.75,339.9979553222656,62250.72537629306,2030.453024476461,5.941653728485107,-569793.9697052746,-1122.7451226690143,337504.9552115058,-1822.4794342928265,-3.4180513637629413,895.1516704504223,477988.59346471075,-598435.5180309205,539776.5377168951,0
8021.603593754815,phase0-forces,D,nominal,Kerbin,3531599999999.9995,600000.0,23385.587890625,1379993.375,1379993.5,339.9983825683594,63310.436507198494,2056.7441415570925,5.996176242828369,-570747.7649004668,-1124.534136058562,337974.0514647071,-1845.1779799856397,-3.461251233771604,908.5717944914599,498928.69826908153,-598435.1693000525,550246.7644845146,0
8022.143593754827,phase0-forces,D,nominal,Kerbin,3531599999999.9995,600000.0,23162.091796875,1379995.125,1379995.25,339.9988098144531,64425.51594353723,2084.3614015195717,6.053865909576416,-571750.812278575,-1126.415872528545,338468.61905191065,-1869.0215644781179,-3.506613114874979,922.6638322405753,522079.17834957666,-598434.7858019011,561822.1962738377,0
8022.643593754838,phase0-forces,D,nominal,Kerbin,3531599999999.9995,600000.0,22955.1484375,1379996.75,1379996.625,339.9991760253906,65471.419005313655,2110.2242159963666,6.108283996582031,-572691.1068003007,-1128.1801854101873,338933.3753324708,-1891.3505957395234,-3.5490805873294513,935.8560625439222,544912.0595619786,-598434.4103117962,573238.8246250912,0
8023.163593754849,phase0-forces,D,nominal,Kerbin,3531599999999.9995,600000.0,22739.927734375,1379997.875,1379998.0,339.9994812011719,66573.00390660285,2137.4240413560633,6.165924549102783,-573680.9257137827,-1130.0377252643052,339423.75877947756,-1914.83417057773,-3.5937349786832025,949.7256008046145,570222.8370477213,-598433.9985221054,585894.4192628079,0
8023.68359375486,phase0-forces,D,nominal,Kerbin,3531599999999.9995,600000.0,22524.708984375,1379999.0,1379999.0,339.999755859375,67688.86508355639,2164.937906865652,6.224667072296143,-574683.0289303737,-1131.9186211560855,339921.39617301803,-1938.58915804552,-3.6388959569972035,963.7504735814183,597288.1248658281,-598433.5642015729,599427.2803321276,0
8024.203593754872,phase0-forces,D,nominal,Kerbin,3531599999999.9995,600000.0,22309.48828125,1379999.75,1379999.75,339.99993896484375,68819.16664109146,2192.7715815826514,6.2845282554626465,-575697.5589371672,-1133.8231404617238,340426.3690511609,-1962.6206057068478,-3.684580104248009,977.9335309318443,626291.4889775566,-598433.1062815536,613929.1913480015,0
8024.7435937548835,phase0-forces,D,nominal,Kerbin,3531599999999.9995,600000.0,22085.990234375,1380000.0,1380000.0,340.0,70008.40473752667,2222.020677561766,6.347917079925537,-576764.4178757314,-1135.8262133251812,340958.61712267547,-1987.8745385320067,-3.732600520817587,992.8327040652742,658687.291931563,-598432.6051392992,630127.343396132,0
8025.303593754896,phase0-forces,D,nominal,Kerbin,3531599999999.9995,600000.0,21854.21484375,1380000.0,1380000.0,340.0,71258.53626425704,2252.7314888510346,6.415012359619141,-577885.2918849378,-1137.9310524544574,341519.1312995701,-2014.3910538334005,-3.7830264139710086,1008.4708879328706,695020.8440355894,-598432.0565591226,648294.3937382334,0
8025.823593754907,phase0-forces,D,nominal,Kerbin,3531599999999.9995,600000.0,21638.99609375,1380000.0,1380000.0,340.0,72434.91118670162,2281.600438144504,6.478579044342041,-578939.4791335516,-1139.9109808720111,342047.49653548846,-2039.317790528257,-3.83042819244227,1023.1660844633202,731559.575608209,-598431.5200671308,666564.027770539,0
8026.343593754918,phase0-forces,D,nominal,Kerbin,3531599999999.9995,600000.0,21423.775390625,1380000.0,1380000.0,340.0,73626.43509822502,2310.8148737809215,6.543426990509033,-580006.7084821545,-1141.915719006493,342583.549236286,-2064.5434128862075,-3.8784345563542324,1038.032193595506,771133.1880525139,-598430.9562596969,686351.1158964084,0
8026.843593754929,phase0-forces,D,nominal,Kerbin,3531599999999.9995,600000.0,21216.83203125,1380000.0,1380000.0,340.0,74786.58720212604,2339.237777355872,6.607019901275635,-581045.3374705721,-1143.8670465891967,343106.31827435235,-2089.0861794972316,-3.925164829963101,1052.4908107549245,812406.3003012519,-598430.3871528435,706987.9565742041,0
8027.363593754941,phase0-forces,D,nominal,Kerbin,3531599999999.9995,600000.0,21001.611328125,1380000.0,1380000.0,340.0,76008.35642257403,2369.14970574314,6.674479961395264,-582138.6097838805,-1145.9213710542406,343657.71316275146,-2114.91536292631,-3.9743665685653613,1067.7019903940704,859120.2848804796,-598429.766974053,730345.2589532132,0
8027.883593754952,phase0-forces,D,nominal,Kerbin,3531599999999.9995,600000.0,20786.392578125,1380000.0,1380000.0,340.0,77245.82053295686,2399.427711718976,6.74332857131958,-583245.3982795869,-1148.001460647811,344217.06655494357,-2141.061406330119,-4.0242406897531895,1083.0942727092247,910229.0090097056,-598429.1162006367,755899.9464045344,0
8028.403593754963,phase0-forces,D,nominal,Kerbin,3531599999999.9995,600000.0,20571.171875,1380000.0,1380000.0,340.0,78499.1742858789,2430.079179720017,6.813618183135986,-584365.8723652251,-1150.1076690936945,344784.4746704792,-2167.530742327822,-4.074781556877431,1098.6713325320604,966373.3962721745,-598428.4341592649,783972.4810564548,0
8028.923593754975,phase0-forces,D,nominal,Kerbin,3531599999999.9995,600000.0,20355.951171875,1380000.0,1380000.0,340.0,79768.6117435738,2461.111719553429,6.885388374328613,-585500.2004528595,-1152.240344206631,345360.03405668715,-2194.3300015063437,-4.126008650946895,1114.4369505113414,1028325.3833954842,-598427.7199841645,814948.8317056599,0
8029.423593754986,phase0-forces,D,nominal,Kerbin,3531599999999.9995,600000.0,20149.009765625,1380000.0,1380000.0,340.0,81004.57698661543,2491.3173517418377,6.955832481384277,-586604.1257522022,-1154.316295832365,345921.23537172825,-2220.4160219764367,-4.175960878610167,1129.7775877539084,1094243.082779268,-598427.0010592582,847908.040860005,0
8029.943593754997,phase0-forces,D,nominal,Kerbin,3531599999999.9995,600000.0,19933.7890625,1380000.0,1380000.0,340.0,82306.14094235084,2523.120356031273,7.030582427978516,-587766.1302194631,-1156.5019704968731,346513.0713806805,-2247.8825017924187,-4.228642891296921,1145.9243900598908,1170510.4493424513,-598426.2190865797,886042.1151279358,0
8030.483593755009,phase0-forces,D,nominal,Kerbin,3531599999999.9995,600000.0,19710.291015625,1380000.0,1380000.0,340.0,83675.4374392241,2556.575430181948,7.110063552856445,-588988.0549573438,-1158.8009447211584,347136.6187189849,-2276.776849711271,-4.284171412981635,1162.904446936263,1259542.4376189047,-598425.3693552668,930558.5341318189,0
8031.00359375502,phase0-forces,D,nominal,Kerbin,3531599999999.9995,600000.0,19495.072265625,1380000.0,1380000.0,340.0,85011.24522285,2589.2132523406663,7.188243389129639,-590179.566761229,-1161.0433304378805,347745.7937023431,-2304.966449233511,-4.338471887511904,1179.4643325111927,1356591.7600085945,-598424.5130207838,979083.6234939053,0
8031.5235937550315,phase0-forces,D,nominal,Kerbin,3531599999999.9995,600000.0,19279.8515625,1380000.0,1380000.0,340.0,86364.17928898253,2622.274014164354,7.268165588378906,-591385.8382819071,-1163.3141850079155,348363.63700988004,-2333.5224777324056,-4.393620880173019,1196.2334836372074,1467058.3955554883,-598423.6178442393,1034317.3888556245,0
8032.043593755043,phase0-forces,D,nominal,Kerbin,3531599999999.9995,600000.0,19064.630859375,1380000.0,1380000.0,340.0,87734.46143742627,2655.766932773169,7.34989595413208,-592607.0621895571,-1165.613956771676,348990.25865458336,-2362.452956593478,-4.4496484871428095,1213.2164809804067,1593909.7141806902,-598422.6828650536,1097743.5156578182,0
8032.543593755054,phase0-forces,D,nominal,Kerbin,3531599999999.9995,600000.0,18857.689453125,1380000.0,1380000.0,340.0,89068.61075072316,2688.3880742580727,7.4301676750183105,-593795.5993302983,-1167.8529801665463,349601.16226540256,-2390.6315814875106,-4.504389164732081,1229.7523286767155,1734964.6072124355,-598421.7446530899,1168271.4312796728,0
8033.0835937550655,phase0-forces,D,nominal,Kerbin,3531599999999.9995,600000.0,18634.19140625,1380000.0,1380000.0,340.0,90527.96999827377,2724.087598320862,7.518960475921631,-595095.147796116,-1170.3021277029864,350270.28536886437,-2421.4707005276878,-4.564513278559689,1247.842960884903,1913767.889657206,-598420.6866989776,1257673.601479114,0
8033.583593755076,phase0-forces,D,nominal,Kerbin,3531599999999.9995,600000.0,18427.248046875,1380000.0,1380000.0,340.0,91896.58782038419,2757.586550037786,7.603077411651611,-596313.4016319572,-1172.599092582339,350898.6182403444,-2450.4101427427563,-4.621154356261255,1264.8131712727927,2110676.2616625545,-598419.6646755659,1356128.2984934943,0
8034.063593755087,phase0-forces,D,nominal,Kerbin,3531599999999.9995,600000.0,18228.583984375,1380000.0,1380000.0,340.0,93226.34513923037,2790.1557852640167,7.685576438903809,-597496.6203220778,-1174.831038255143,351509.84918039164,-2478.5476231198495,-4.6764377662270675,1281.30758091062,2336631.033167534,-598418.6436778307,1469106.1947448517,0
8034.603593755099,phase0-forces,D,nominal,Kerbin,3531599999999.9995,600000.0,18005.0859375,1380000.0,1380000.0,340.0,94741.18386566488,2827.2874785797667,7.780539512634277,-598844.00700455,-1177.3740072418107,352207.01529675274,-2510.628220852518,-4.739751661953309,1300.1069025072657,2648691.2197773736,-598417.4466906158,1625136.886543379,0
8035.12359375511,phase0-forces,D,nominal,Kerbin,3531599999999.9995,600000.0,17822.0,0.0,0.0,340.0,96218.74826836574,2857.536230457747,6.339921474456787,-600157.7301927772,-1179.8549294200102,352887.8749299402,-2536.7637947970566,-4.791600546445351,1315.4162072704255,2966456.789435464,-598416.4267464227,1784020.1813445208,0
8035.623593755121,phase0-forces,D,nominal,Kerbin,3531599999999.9995,600000.0,17822.0,0.0,0.0,340.0,97644.59164912743,2853.9058879577406,0.0011474009370431304,-601425.3280439901,-1182.2491883728433,353545.12205843424,-2533.629823945344,-4.785439702362704,1313.5736873511892,2966456.789603143,-598416.4267463753,1784020.1814283838,0
8036.163593755133,phase0-forces,D,nominal,Kerbin,3531599999999.9995,600000.0,17822.0,0.0,0.0,340.0,99182.46575288323,2850.00165894334,0.0011412347666919231,-602792.5689001542,-1184.8315207863448,354253.9138376625,-2530.259194779024,-4.778814202656184,1311.5925534062821,2966455.843735735,-598416.4267874345,1784019.7084741502,0
8036.683593755144,phase0-forces,D,nominal,Kerbin,3531599999999.9995,600000.0,17822.0,0.0,0.0,340.0,100661.40792460437,2846.257093488132,0.04227747023105621,-604107.4593483176,-1187.3148513251904,354935.4538476731,-2527.0109805583393,-4.7724618032059825,1309.7221728204136,2966444.396089916,-598417.1196330278,1784013.6382284441,0
8037.183593755155,phase0-forces,D,nominal,Kerbin,3531599999999.9995,600000.0,17822.0,0.0,0.0,340.0,102081.64165153471,2842.672540922843,0.0011252162512391806,-605370.1905389748,-1189.6995604580484,355589.86004366796,-2523.9159480330536,-4.766379063919673,1307.9039505299174,2966444.395720692,-598417.119633139,1784013.6380437764,0
8037.703593755166,phase0-forces,D,nominal,Kerbin,3531599999999.9995,600000.0,17822.0,0.0,0.0,340.0,103556.79331817594,2838.9599400761226,0.0011166755575686693,-606681.7927238299,-1192.176438393897,356269.480192865,-2520.710155068023,-4.760079167660491,1306.021131965437,2966444.395991602,-598417.1196330533,1784013.6381792743,0
8038.223593755178,phase0-forces,D,nominal,Kerbin,3531599999999.9995,600000.0,17822.0,0.0,0.0,340.0,105030.02444333292,2835.262856813248,0.0011082385899499059,-607991.7313306751,-1194.650047270885,356948.12341761857,-2517.517560262943,-4.753805736953251,1304.1465417366082,2966444.396046483,-598417.119633041,1784013.638206721,0
8038.723593755189,phase0-forces,D,nominal,Kerbin,3531599999999.9995,600000.0,17822.0,0.0,0.0,340.0,106444.78912185703,2831.7224938556615,0.0011002237442880869,-609249.7252184447,-1197.0254472347417,357599.7476631567,-2514.4601122798067,-4.74779836383738,1302.3517513992313,2966444.395708713,-598417.1196331842,1784013.6380377645,0
8039.2435937552,phase0-forces,D,nominal,Kerbin,3531599999999.9995,600000.0,17822.0,0.0,0.0,340.0,107914.27621596248,2828.0555101196396,0.0010919541819021106,-610556.4204692263,-1199.4926834588848,358276.48696429655,-2511.293120960923,-4.741576266536017,1300.4931166241954,2966444.395929662,-598417.1196331268,1784013.6381482678,0
8039.763593755211,phase0-forces,D,nominal,Kerbin,3531599999999.9995,600000.0,17822.0,0.0,0.0,340.0,109381.86628729,2824.403700916355,0.001083786366507411,-611861.4722442843,-1201.95669092792,358952.2618683558,-2508.1390389979915,-4.73538004799139,1298.642523167956,2966444.3959026937,-598417.1196331405,1784013.6381347766,0
8040.263593755222,phase0-forces,D,nominal,Kerbin,3531599999999.9995,600000.0,17822.0,0.0,0.0,340.0,110791.2288893899,2820.9065506892543,0.0010760144796222448,-613114.786072407,-1204.3228964935001,359601.1398366762,-2505.1183531574384,-4.72944636978082,1296.8706322268029,2966444.395994879,-598417.1196332666,1784013.638180806,0
8040.783593755234,phase0-forces,D,nominal,Kerbin,3531599999999.9995,600000.0,17822.0,0.0,0.0,340.0,112255.12054808775,2817.284178782254,0.001068015000782907,-614416.63348692,-1206.7806094832147,360275.03510808415,-2501.9893170934583,-4.7233003518427354,1295.035633332456,2966444.3959617014,-598417.1196333172,1784013.6381641922,0
8041.303593755245,phase0-forces,D,nominal,Kerbin,3531599999999.9995,600000.0,17822.0,0.0,0.0,340.0,113717.13818674476,2813.676649144024,0.0010601039975881577,-615716.8570909634,-1209.235133134926,360947.9782266357,-2498.8729105858483,-4.717179644204287,1293.2084947504632,2966444.39567014,-598417.1196335572,1784013.6380182914,0
8041.823593755256,phase0-forces,D,nominal,Kerbin,3531599999999.9995,600000.0,17822.0,0.0,0.0,340.0,115177.28945783316,2810.08385200077,0.0010522755328565836,-617015.4634275588,-1211.6864805582627,361619.97326392395,-2495.7690411914014,-4.711084059020945,1291.3891566809084,2966444.3957086653,-598417.1196334491,1784013.638037608,0
8042.343593755268,phase0-forces,D,nominal,Kerbin,3531599999999.9995,600000.0,17822.0,0.0,0.0,340.0,116635.58195848786,2806.5056785943866,0.001044534146785736,-618312.4589927244,-1214.134664769287,362291.02426138957,-2492.677617283068,-4.705013410509573,1289.5775599502938,2966444.395197656,-598417.1196337349,1784013.6377819604,0
8042.863593755279,phase0-forces,D,nominal,Kerbin,3531599999999.9995,600000.0,17822.0,0.0,0.0,340.0,118092.02322742692,2802.942021551465,0.0010368501534685493,-619607.8502330852,-1216.579698685391,362961.13522832,-2489.5985484325524,-4.698967514632133,1287.773646075209,2966444.395593492,-598417.1196335504,1784013.6379799708,0
8043.38359375529,phase0-forces,D,nominal,Kerbin,3531599999999.9995,600000.0,17822.0,0.0,0.0,340.0,119546.62075130723,2799.392774341731,0.0010292782681062818,-620901.6435512,-1219.0215951343648,363630.31014533795,-2486.531744875493,-4.692946189468763,1285.9773571176097,2966444.395514034,-598417.1196335217,1784013.6379402564,0
8043.883593755301,phase0-forces,D,nominal,Kerbin,3531599999999.9995,600000.0,17822.0,0.0,0.0,340.0,120943.5403940914,2795.993527837511,0.0010220539988949895,-622144.1745867034,-1221.366625557317,364272.86850294296,-2483.5943795241537,-4.687179457525272,1284.25729355687,2966444.395534398,-598417.1196335572,1784013.6379504204,0
8044.403593755313,phase0-forces,D,nominal,Kerbin,3531599999999.9995,600000.0,17822.0,0.0,0.0,340.0,122394.54287205264,2792.472241458257,0.0010146176209673285,-623434.8519333415,-1223.8024046264654,364940.2187671958,-2480.5513781715213,-4.68120580756773,1282.4757954357096,2966444.39590041,-598417.1196333327,1784013.6381335387,0
8044.923593755324,phase0-forces,D,nominal,Kerbin,3531599999999.9995,600000.0,17822.0,0.0,0.0,340.0,123843.72345317178,2788.965056292605,0.0010072774020954967,-624723.950044381,-1226.235083656803,365606.64459363616,-2477.52038205545,-4.675256200634766,1280.7017543911181,2966444.3954519047,-598417.1196337531,1784013.6379090757,0
8045.423593755335,phase0-forces,D,nominal,Kerbin,3531599999999.9995,600000.0,17822.0,0.0,0.0,340.0,125235.45495449333,2785.605966138216,0.0010002631461247802,-625961.9839558667,-1228.571286222037,366246.57046541874,-2474.6172043254846,-4.669557935906653,1279.0029264508464,2966444.396064467,-598417.1196334901,1784013.6382154883,0
8045.943593755346,phase0-forces,D,nominal,Kerbin,3531599999999.9995,600000.0,17822.0,0.0,0.0,340.0,126681.08288562985,2782.1261457949677,0.0009930671658366919,-627248.0023598076,-1230.9979205019854,366911.1941649943,-2471.609508152953,-4.663654984911774,1277.2433521635812,2966444.395927638,-598417.1196334419,1784013.638147098,0
8046.483593755358,phase0-forces,D,nominal,Kerbin,3531599999999.9995,600000.0,17822.0,0.0,0.0,340.0,128180.40626931877,2778.5270934109,0.000985679216682911,-628581.8309430899,-1233.514644626765,367600.41393394046,-2468.498570097342,-4.657549901330105,1275.4238219018487,2966444.3953764443,-598417.1196337525,1784013.637871346,0
8047.003593755369,phase0-forces,D,nominal,Kerbin,3531599999999.9995,600000.0,17822.0,0.0,0.0,340.0,129622.37145797047,2775.0753034482045,0.0009786022128537297,-629864.6738712501,-1235.9350471691334,368263.18035553815,-2465.514744042121,-4.651694738883405,1273.6790602247943,2966444.3956845053,-598417.1196335835,1784013.638025461,0
8047.523593755381,phase0-forces,D,nominal,Kerbin,3531599999999.9995,600000.0,17822.0,0.0,0.0,340.0,131062.55059063667,2771.637114911255,0.000971627829130739,-631145.9682262035,-1238.3524110656747,368925.0413718233,-2462.542501964545,-4.645862764675626,1271.9414840042596,2966444.3957805783,-598417.1196336168,1784013.6380734807,0
8048.043593755392,phase0-forces,D,nominal,Kerbin,3531599999999.9995,600000.0,17822.0,0.0,0.0,340.0,132500.9506806892,2768.2124309253386,0.0009647091501392424,-632425.7200089437,-1240.766748327026,369586.00070505776,-2459.5817621976835,-4.640053812847606,1270.2110406128281,2966444.3959640586,-598417.1196334162,1784013.6381653212,0
8048.563593755403,phase0-forces,D,nominal,Kerbin,3531599999999.9995,600000.0,17822.0,0.0,0.0,340.0,133937.57869329862,2764.801155514991,0.000957875803578645,-633703.9351797055,-1243.1780708829035,370246.0620509304,-2456.6324438017127,-4.634267719484968,1268.4876779695412,2966444.395683357,-598417.1196336254,1784013.6380248659,0
8049.083593755415,phase0-forces,D,nominal,Kerbin,3531599999999.9995,600000.0,17822.0,0.0,0.0,340.0,135372.4415461144,2761.403193752609,0.0009511189418844879,-634980.6196585494,-1245.5863905808278,370905.2290789139,-2453.694466740795,-4.628504322226917,1266.7713445213592,2966444.395149427,-598417.1196336724,1784013.6377578774,0
8049.623593755427,phase0-forces,D,nominal,Kerbin,3531599999999.9995,600000.0,17822.0,0.0,0.0,340.0,136860.6304893447,2757.8885320638215,0.0009441550355404615,-636304.7935516271,-1248.0841722419086,371588.80601314513,-2450.6554096825316,-4.62254310594007,1264.9963835434933,2966444.394871604,-598417.1196338795,1784013.6376188623,0
8050.143593755438,phase0-forces,D,nominal,Kerbin,3531599999999.9995,600000.0,17822.0,0.0,0.0,340.0,138291.91634149884,2754.5174197782276,0.00093750940868631,-637578.3759262547,-1250.486407053755,372246.16125648376,-2447.7403070265555,-4.616825477984022,1263.2942215263058,2966444.395203831,-598417.1196336924,1784013.6377850694,0
8050.663593755449,phase0-forces,D,nominal,Kerbin,3531599999999.9995,600000.0,17822.0,0.0,0.0,340.0,139721.4577483685,2751.159338531511,0.0009309467277489603,-638850.4453382824,-1252.8856744818343,372902.6331657318,-2444.836307346507,-4.6111300628399485,1261.5989353788232,2966444.3954660157,-598417.1196337524,1784013.6379161316,0
8051.183593755461,phase0-forces,D,nominal,Kerbin,3531599999999.9995,600000.0,17822.0,0.0,0.0,340.0,141149.26143037423,2747.8141971859554,0.0009244481334462762,-640121.0075401791,-1255.281986035166,373558.2253031925,-2441.9433337749065,-4.6054567047525135,1259.910475651954,2966444.395588872,-598417.1196335269,1784013.6379776725,0
8051.6835937554715,phase0-forces,D,nominal,Kerbin,3531599999999.9995,600000.0,17822.0,0.0,0.0,340.0,142520.51704465656,2744.609834000488,0.0009182797512039542,-641341.2859153124,-1257.583354872051,374187.77598535083,-2439.171955629765,-4.600022209970924,1258.2933487693247,2966444.3949856306,-598417.1196337256,1784013.6376759524,0
8052.223593755483,phase0-forces,D,nominal,Kerbin,3531599999999.9995,600000.0,17822.0,0.0,0.0,340.0,143999.68227527745,2741.1623741208437,0.0009116524597629905,-642657.6331326014,-1260.0657871602775,374866.78438657196,-2436.1901611530193,-4.594175544189286,1256.5538402902257,2966444.3945441195,-598417.1196338304,1784013.6374551444,0
8052.743593755495,phase0-forces,D,nominal,Kerbin,3531599999999.9995,600000.0,17822.0,0.0,0.0,340.0,145422.3126456868,2737.8555147838933,0.0009053371613845229,-643923.7078302746,-1262.4532993486548,375519.7583294681,-2433.3298122613887,-4.588567437842881,1254.885568345337,2966444.3946194225,-598417.1196337219,1784013.6374928502,0
8053.263593755506,phase0-forces,D,nominal,Kerbin,3531599999999.9995,600000.0,17822.0,0.0,0.0,340.0,146843.23171351524,2734.5612398164767,0.0008990959031507373,-645188.2979386629,-1264.8379009049686,376171.8664977258,-2430.4801895002356,-4.58298078073887,1253.2239301260925,2966444.394483296,-598417.1196339815,1784013.6374246574,0
8053.763593755517,phase0-forces,D,nominal,Kerbin,3531599999999.9995,600000.0,17822.0,0.0,0.0,340.0,148207.89225237002,2731.405454722394,0.0008931469055823982,-646402.8551028721,-1267.128052501472,376798.08031635184,-2427.7502148019294,-4.577629084770164,1251.6324132621353,2966444.394570231,-598417.1196340703,1784013.6374680803,0
8054.263593755528,phase0-forces,D,nominal,Kerbin,3531599999999.9995,600000.0,17822.0,0.0,0.0,340.0,149570.98233180807,2728.2611481403605,0.0008872543112374842,-647616.0497300904,-1269.4155331484542,377423.499891129,-2425.030024998553,-4.572296952268901,1250.0469448817737,2966444.3947369223,-598417.1196340253,1784013.6375514485,0
8054.80359375554,phase0-forces,D,nominal,Kerbin,3531599999999.9995,600000.0,17822.0,0.0,0.0,340.0,151041.3622418784,2724.8781025047265,0.0008809604332782328,-648924.7751472861,-1271.8830234753098,378098.06441154255,-2422.1031368127105,-4.566560073861799,1248.3413854714897,2966444.394633222,-598417.1196338644,1784013.6374996786,0
8055.3035937555505,phase0-forces,D,nominal,Kerbin,3531599999999.9995,600000.0,17822.0,0.0,0.0,340.0,152401.20396022662,2721.7574299040516,0.0008751816931180656,-650135.1512785966,-1274.1649796983859,378721.8415887304,-2419.4030958995604,-4.561268220908143,1246.7683672686544,2966444.3949289927,-598417.119633832,1784013.6376475804,0
8055.823593755562,phase0-forces,D,nominal,Kerbin,3531599999999.9995,600000.0,17822.0,0.0,0.0,340.0,153813.7919582061,2718.5238611569157,0.0008692321134731174,-651392.5129657552,-1276.5354125931817,379369.73713767494,-2416.6052258153723,-4.555785026959184,1245.1387115755924,2966444.394969381,-598417.1196338931,1784013.637667744,0
8056.343593755573,phase0-forces,D,nominal,Kerbin,3531599999999.9995,600000.0,17822.0,0.0,0.0,340.0,155224.70646453288,2715.302375599409,0.0008633495890535414,-652648.4224438027,-1278.9029995906776,380016.78692285833,-2413.8176588544197,-4.550322425440647,1243.5154182012327,2966444.394912676,-598417.1196338031,1784013.6376394364,0
8056.863593755585,phase0-forces,D,nominal,Kerbin,3531599999999.9995,600000.0,17822.0,0.0,0.0,340.0,156633.95371026406,2712.0928915025124,0.0008575082174502313,-653902.8850499985,-1281.2677513569593,380662.99423960765,-2411.040326012227,-4.54488027664139,1241.8984429270304,2966444.39516991,-598417.1196337669,1784013.6377680716,0
8057.403593755596,phase0-forces,D,nominal,Kerbin,3531599999999.9995,600000.0,17822.0,0.0,0.0,340.0,158095.6447294813,2708.7725815567387,0.0008515171357430518,-655204.0704889206,-1283.7204655787373,381333.16749834875,-2408.1669314317683,-4.5392503138391325,1240.2259165807848,2966444.39506088,-598417.119633919,1784013.6377134805,0
8057.903593755607,phase0-forces,D,nominal,Kerbin,3531599999999.9995,600000.0,17822.0,0.0,0.0,340.0,159447.4711483135,2705.7096043440743,0.0008460237295366824,-656407.490829506,-1285.9887915279573,381952.89454238804,-2405.516089658666,-4.534056784705292,1238.6832717697139,2966444.3948193206,-598417.1196339038,1784013.6375927085,0
8058.423593755619,phase0-forces,D,nominal,Kerbin,3531599999999.9995,600000.0,17822.0,0.0,0.0,340.0,160851.7535993025,2702.5356416951076,0.0008403523243032396,-657657.6445044869,-1288.3451009172022,382596.59400842106,-2402.769051389608,-4.528675168745619,1237.0849895693843,2966444.394627583,-598417.1196339082,1784013.6374968376,0
8058.94359375563,phase0-forces,D,nominal,Kerbin,3531599999999.9995,600000.0,17822.0,0.0,0.0,340.0,162254.39331122953,2699.3733611874086,0.0008347441325895488,-658906.372314601,-1290.6986170485864,383239.4639681084,-2400.0319775909848,-4.523313459714573,1235.4928527774905,2966444.394431908,-598417.1196340399,1784013.637398934,0
8059.463593755641,phase0-forces,D,nominal,Kerbin,3531599999999.9995,600000.0,17822.0,0.0,0.0,340.0,163655.3963089122,2696.2226849083645,0.000829181692097336,-660153.6794217891,-1293.0493502386898,383881.50760485104,-2397.3048024619443,-4.517971524453935,1233.9068192698633,2966444.3941655047,-598417.1196340766,1784013.6372657141,0
8059.963593755652,phase0-forces,D,nominal,Kerbin,3531599999999.9995,600000.0,17822.0,0.0,0.0,340.0,165000.97665334388,2693.2040600083174,0.0008238850859925151,-661351.6781668876,-1295.3070557100596,384498.08093935,-2394.6917929399788,-4.51285357302065,1232.387503922294,2966444.3941919846,-598417.1196339893,1784013.6372789976,0
8060.503593755664,phase0-forces,D,nominal,Kerbin,3531599999999.9995,600000.0,17822.0,0.0,0.0,340.0,166452.51607692114,2689.955837150141,0.0008182243909686804,-662644.052019756,-1297.7425087192441,385163.12854148296,-2391.8798881450875,-4.507346448983122,1230.7528957240565,2966444.3940105,-598417.1196339878,1784013.637188256,0
8061.023593755675,phase0-forces,D,nominal,Kerbin,3531599999999.9995,600000.0,17822.0,0.0,0.0,340.0,167848.64470232395,2686.839513517924,0.0008128206827677786,-663887.1276692667,-1300.084954299556,385802.7121021288,-2389.182020422367,-4.502063048805555,1229.1849234838653,2966444.3939592238,-598417.1196339064,1784013.6371626586,0
8061.543593755687,phase0-forces,D,nominal,Kerbin,3531599999999.9995,600000.0,17822.0,0.0,0.0,340.0,169243.16032833292,2683.734489831636,0.0008074718061834574,-665128.8029376293,-1302.424657524352,386441.4818632817,-2386.493794319568,-4.496798902356664,1227.62289013593,2966444.39399999,-598417.1196338772,1784013.6371830564,0
8062.063593755698,phase0-forces,D,nominal,Kerbin,3531599999999.9995,600000.0,17822.0,0.0,0.0,340.0,170636.06878423062,2680.6406917843865,0.0008021744433790445,-666369.0828206269,-1304.761628370611,387079.44090212695,-2383.8151470502053,-4.491553882745929,1226.0667555594189,2966444.3938498544,-598417.1196340041,1784013.6371079253,0
8062.583593755709,phase0-forces,D,nominal,Kerbin,3531599999999.9995,600000.0,17822.0,0.0,0.0,340.0,172027.37586383976,2677.558045824377,0.0007969230646267533,-667607.9722842241,-1307.0958767512652,387716.5922760102,-2381.146016467736,-4.486327864099825,1224.5164800365028,2966444.3938218104,-598417.1196341407,1784013.6370938348,0
8063.103593755721,phase0-forces,D,nominal,Kerbin,3531599999999.9995,600000.0,17822.0,0.0,0.0,340.0,173417.0873227435,2674.486479054545,0.0007917237817309797,-668845.4762616956,-1309.427412517557,388352.9390218555,-2378.486340975862,-4.481120721879036,1222.972024207385,2966444.393868678,-598417.1196339927,1784013.6371173426,0
8063.643593755733,phase0-forces,D,nominal,Kerbin,3531599999999.9995,600000.0,17822.0,0.0,0.0,340.0,174858.56649370526,2671.3084242409373,0.0007863800856284797,-670129.1153552539,-1311.8457621033426,389012.9122311509,-2375.734312395602,-4.475733152145323,1221.374284214117,2966444.393691265,-598417.1196340284,1784013.6370286183,0
8064.163593755744,phase0-forces,D,nominal,Kerbin,3531599999999.9995,600000.0,17822.0,0.0,0.0,340.0,176245.0430041398,2668.259219047609,0.0007812696858309209,-671363.8102131203,-1314.1717985336936,389647.6280912076,-2373.0937223232736,-4.470564108109151,1219.8415713357945,2966444.3935526423,-598417.1196340688,1784013.6369592869,0
8064.683593755755,phase0-forces,D,nominal,Kerbin,3531599999999.9995,600000.0,17822.0,0.0,0.0,340.0,177629.94115077006,2665.2208757169574,0.0007762209861539304,-672597.1343779371,-1316.4951518804783,390281.5484253034,-2370.462403656023,-4.4654135691205985,1218.3145608965,2966444.393435587,-598417.1196340736,1784013.6369007567,0
8065.203593755767,phase0-forces,D,nominal,Kerbin,3531599999999.9995,600000.0,17822.0,0.0,0.0,340.0,179013.26653941395,2662.19332406523,0.0007712104707024992,-673829.0926557825,-1318.8158317334528,390914.67618892854,-2367.840297065965,-4.4602814153641965,1216.7932150442566,2966444.3933541407,-598417.1196341107,1784013.636860015,0
8065.723593755778,phase0-forces,D,nominal,Kerbin,3531599999999.9995,600000.0,17822.0,0.0,0.0,340.0,180395.02473773388,2659.176494573758,0.0007662441348657012,-675059.68982027,-1321.1338476192584,391547.01431695995,-2365.22734379145,-4.455167527898981,1215.2774962769286,2966444.393428978,-598417.1196338583,1784013.63689756,0
8066.243593755789,phase0-forces,D,nominal,Kerbin,3531599999999.9995,600000.0,17822.0,0.0,0.0,340.0,181775.22128016443,2656.170318299268,0.0007613367633894086,-676288.9306165419,-1323.4492090091403,392178.56572660326,-2362.623485532176,-4.4500717890848405,1213.767367450163,2966444.3931959704,-598417.1196339244,1784013.636781023,0
8066.763593755801,phase0-forces,D,nominal,Kerbin,3531599999999.9995,600000.0,17822.0,0.0,0.0,340.0,183153.86166217586,2653.174727027533,0.0007564604165963829,-677516.8197568883,-1325.7619253040605,392809.33331351494,-2360.0286646214377,-4.44499408232369,1212.2627917784116,2966444.3930268567,-598417.1196339984,1784013.6366964292,0
8067.283593755812,phase0-forces,D,nominal,Kerbin,3531599999999.9995,600000.0,17822.0,0.0,0.0,340.0,184530.95135035785,2650.1896531010425,0.0007516351179219782,-678743.3619289072,-1328.072005857595,393439.31995784224,-2357.4428238532196,-4.439934292055448,1210.7637327944142,2966444.3927523894,-598417.1196339268,1784013.6365592314,0
8067.783593755823,phase0-forces,D,nominal,Kerbin,3531599999999.9995,600000.0,17822.0,0.0,0.0,340.0,185853.6187246727,2647.3292457543785,0.0007470297277905047,-679921.4634794296,-1330.2907601723768,394044.34254173393,-2354.9648545100736,-4.435085898623851,1209.3274988446537,2966444.3931270353,-598417.119633744,1784013.6367466457,0
8068.323593755835,phase0-forces,D,nominal,Kerbin,3531599999999.9995,600000.0,17822.0,0.0,0.0,340.0,187280.5003185477,2644.2507899741604,0.0007421165355481207,-681192.4239545909,-1332.684296817097,394696.9618343379,-2352.297856697199,-4.429868003932726,1207.7820208656044,2966444.3930275836,-598417.1196336929,1784013.6366969454,0
8068.823593755846,phase0-forces,D,nominal,Kerbin,3531599999999.9995,600000.0,17822.0,0.0,0.0,340.0,188600.21135403868,2641.4102908816308,0.0007375989225693047,-682367.9572772214,-1334.8980264751692,395300.49617500545,-2349.8368884322954,-4.425053522923133,1206.3562249350432,2966444.393077961,-598417.1196335609,1784013.6367222,0
8069.343593755857,phase0-forces,D,nominal,Kerbin,3531599999999.9995,600000.0,17822.0,0.0,0.0,340.0,189971.21091490518,2638.4662292108255,0.0007329526706598699,-683589.2088407449,-1337.197756119288,395927.41700090334,-2347.2860709345528,-4.4200635942873046,1204.878668962334,2966444.3928756537,-598417.119633793,1784013.6366209304,0
8069.863593755868,phase0-forces,D,nominal,Kerbin,3531599999999.9995,600000.0,17822.0,0.0,0.0,340.0,191340.68637674174,2635.532358378761,0.0007283297018148005,-684809.1362448876,-1339.494895518961,396553.57088818215,-2344.7439574438395,-4.415091024224351,1203.4064538065945,2966444.3928980925,-598417.1196338608,1784013.6366321158,0
8070.38359375588,phase0-forces,D,nominal,Kerbin,3531599999999.9995,600000.0,17822.0,0.0,0.0,340.0,192708.6429993495,2632.6086142955305,0.0007237676763907075,-686027.7440016002,-1341.789453671587,397178.9606046715,-2342.2104937430677,-4.410135703227138,1201.9395449713636,2966444.392738802,-598417.1196338838,1784013.636552459,0
8070.883593755891,phase0-forces,D,nominal,Kerbin,3531599999999.9995,600000.0,17822.0,0.0,0.0,340.0,194022.55843478988,2629.8068128428185,0.000719405768904835,-687198.2419136134,-1343.993333674536,397779.57878212805,-2339.782578140791,-4.4053871372767786,1200.5340280339856,2966444.392651167,-598417.1196340957,1784013.6365085358,0
8071.423593755902,phase0-forces,D,nominal,Kerbin,3531599999999.9995,600000.0,17822.0,0.0,0.0,340.0,195440.0206009245,2626.79125316668,0.0007147403084672987,-688461.0184789213,-1346.3708619453855,398427.4585091593,-2337.1693014944094,-4.4002763758470635,1199.0215099959328,2966444.392828645,-598417.1196341573,1784013.636597244,0
8071.943593755914,phase0-forces,D,nominal,Kerbin,3531599999999.9995,600000.0,17822.0,0.0,0.0,340.0,196803.45193397277,2623.8975108499862,0.0007102999952621758,-689675.6940822576,-1348.6577297759327,399050.5721439065,-2334.6614669614937,-4.395372155621778,1197.5703164464187,2966444.392715717,-598417.1196342849,1784013.6365407163,0
8072.463593755925,phase0-forces,D,nominal,Kerbin,3531599999999.9995,600000.0,17822.0,0.0,0.0,340.0,198165.3851436132,2621.0136448035146,0.000705887156073004,-690889.0678101347,-1350.9420517949352,399672.93250540266,-2332.162070298233,-4.390484756601043,1196.1242944410355,2966444.3925676337,-598417.1196343843,1784013.6364666247,0
8072.983593755936,phase0-forces,D,nominal,Kerbin,3531599999999.9995,600000.0,17822.0,0.0,0.0,340.0,199525.82532471104,2618.1395938192863,0.0007015187875367701,-692101.1440339462,-1353.2238367163936,400294.5422727007,-2329.6710597084257,-4.385614074226569,1194.6834110635466,2966444.3925268142,-598417.1196345653,1784013.6364461244,0
8073.503593755948,phase0-forces,D,nominal,Kerbin,3531599999999.9995,600000.0,17822.0,0.0,0.0,340.0,200884.77754572744,2615.2752972010526,0.0006971878465265036,-693311.9271026801,-1355.5030932087016,400915.40411039523,-2327.188383833088,-4.3807600047565645,1193.2476336637646,2966444.392532343,-598417.1196344803,1784013.6364489314,0
8074.023593755959,phase0-forces,D,nominal,Kerbin,3531599999999.9995,600000.0,17822.0,0.0,0.0,340.0,202242.24684085092,2612.4206947821367,0.0006928971852175891,-694521.4213363162,-1357.779829882869,401535.5206643288,-2324.7139917439213,-4.375922445634841,1191.8169299094457,2966444.3923874805,-598417.1196345455,1784013.6363764675,0
8074.5435937559705,phase0-forces,D,nominal,Kerbin,3531599999999.9995,600000.0,17822.0,0.0,0.0,340.0,203598.23821370164,2609.575726968945,0.0006886416813358665,-695729.6310285355,-1360.0540552954315,402154.8945643081,-2322.24783300356,-4.371101294879837,1190.391267764191,2966444.3922944968,-598417.1196346827,1784013.636329907,0
8075.063593755982,phase0-forces,D,nominal,Kerbin,3531599999999.9995,600000.0,17822.0,0.0,0.0,340.0,204952.75663799222,2606.740334657121,0.0006844252347946167,-696936.560447699,-1362.3257779549592,402773.52842373867,-2319.789857585275,-4.366296451557148,1188.9706154603252,2966444.3921294003,-598417.1196347916,1784013.6362473043,0
8075.583593755993,phase0-forces,D,nominal,Kerbin,3531599999999.9995,600000.0,17822.0,0.0,0.0,340.0,206305.80705895205,2603.9144592886355,0.0006802447605878115,-698142.21383793,-1364.5950063156802,403391.42484060186,-2317.3400159205703,-4.361507815709955,1187.5549415312337,2966444.3920611455,-598417.1196348324,1784013.6362131566,0
8076.103593756005,phase0-forces,D,nominal,Kerbin,3531599999999.9995,600000.0,17822.0,0.0,0.0,340.0,207657.3943859554,2601.0980428024263,0.000676108174957335,-699346.595412861,-1366.861748775218,404008.5863935449,-2314.8982588554445,-4.356735288102071,1186.1442147885195,2966444.39198911,-598417.1196349373,1784013.6361770863,0
8076.623593756016,phase0-forces,D,nominal,Kerbin,3531599999999.9995,600000.0,17822.0,0.0,0.0,340.0,209007.5235045757,2598.2910276718117,0.0006719855009578168,-700549.7093658305,-1369.126013688054,404625.01564833533,-2312.464537692945,-4.351978770362936,1184.738404321045,2966444.3921839576,-598417.1196348021,1784013.6362745778,0
8077.143593756027,phase0-forces,D,nominal,Kerbin,3531599999999.9995,600000.0,17822.0,0.0,0.0,340.0,210356.19926850824,2595.4933567755074,0.0006679216166958213,-701751.5598631197,-1371.3878093535463,405240.715153422,-2310.0388040591483,-4.347238165206624,1183.3374794736735,2966444.3919700678,-598417.1196349412,1784013.6361675633,0
8077.663593756039,phase0-forces,D,nominal,Kerbin,3531599999999.9995,600000.0,17822.0,0.0,0.0,340.0,211703.4265021598,2592.7049736183308,0.0006638845079578459,-702952.1510459145,-1373.647144022329,405855.6874417217,-2307.621010124494,-4.342513375975464,1181.9414098993307,2966444.391887802,-598417.1196350575,1784013.6361263723,0
8078.18359375605,phase0-forces,D,nominal,Kerbin,3531599999999.9995,600000.0,17822.0,0.0,0.0,340.0,213049.20999873604,2589.9258221237887,0.0006598804029636085,-704151.4870288942,-1375.904025891466,406469.93502924335,-2305.211108404701,-4.3378043068493675,1180.5501654927452,2966444.3917653626,-598417.1196351178,1784013.6360651224,0
8078.703593756061,phase0-forces,D,nominal,Kerbin,3531599999999.9995,600000.0,17822.0,0.0,0.0,340.0,214393.55452536955,2587.155846724812,0.0006559167522937059,-705349.5719047094,-1378.1584631093958,407083.4604175901,-2302.8090518425283,-4.333110862997817,1179.1637164298868,2966444.3917136597,-598417.1196351903,1784013.6360392347,0
8079.223593756073,phase0-forces,D,nominal,Kerbin,3531599999999.9995,600000.0,17822.0,0.0,0.0,340.0,215736.46481982525,2584.3949923097884,0.000651982263661921,-706546.4097408354,-1380.410463778762,407696.26609282685,-2300.4147937659086,-4.328432950374146,1177.7820331313676,2966444.3916033143,-598417.1196351545,1784013.63598408,0
8079.743593756084,phase0-forces,D,nominal,Kerbin,3531599999999.9995,600000.0,17822.0,0.0,0.0,340.0,217077.94559152308,2581.6432042865763,0.0006480764714069664,-707742.0045806814,-1382.6600359528875,408308.3545256058,-2298.028287937166,-4.323770475567149,1176.4050863068014,2966444.3917260743,-598417.1196350822,1784013.636045496,0
8080.263593756095,phase0-forces,D,nominal,Kerbin,3531599999999.9995,600000.0,17822.0,0.0,0.0,340.0,218418.00152161554,2578.900428486386,0.0006442136946134269,-708936.3604434913,-1384.907187634173,408919.7281714997,-2295.649488474652,-4.319123346191919,1175.0328468969935,2966444.391948009,-598417.1196349578,1784013.6361565257,0
8080.783593756107,phase0-forces,D,nominal,Kerbin,3531599999999.9995,600000.0,17822.0,0.0,0.0,340.0,219756.63726307685,2576.1666111347026,0.0006403945153579116,-710129.4813245873,-1387.1519267792578,409530.38947076007,-2293.2783498205,-4.314491470500734,1173.6652860731517,2966444.391485059,-598417.1196350865,1784013.6359249863,0
8081.303593756118,phase0-forces,D,nominal,Kerbin,3531599999999.9995,600000.0,17822.0,0.0,0.0,340.0,221093.857439809,2573.4416991376083,0.0006365819717757404,-711321.3711945165,-1389.3942612919827,410140.3408480137,-2290.914827006296,-4.309874757617504,1172.3023753462871,2966444.391590732,-598417.1196351723,1784013.63597778,0
8081.823593756129,phase0-forces,D,nominal,Kerbin,3531599999999.9995,600000.0,17822.0,0.0,0.0,340.0,222429.66665083694,2570.7256396551525,0.0006328188464976847,-712512.0340027203,-1391.6341990374365,410749.5847142992,-2288.558875266343,-4.305273117395044,1170.9440863864634,2966444.3917107703,-598417.1196352036,1784013.6360377832,0
8082.32359375614,phase0-forces,D,nominal,Kerbin,3531599999999.9995,600000.0,17822.0,0.0,0.0,340.0,223712.77223337896,2568.1223435923457,0.0006292265024967492,-713655.7485654564,-1393.785732340942,411334.7311390189,-2286.3006356325945,-4.300862594376861,1169.642371729573,2966444.3916154825,-598417.1196353473,1784013.6359900676,0
8082.843593756152,phase0-forces,D,nominal,Kerbin,3531599999999.9995,600000.0,17822.0,0.0,0.0,340.0,225045.8270343286,2565.42349702658,0.0006255248445086181,-714844.0158266851,-1396.0209913912227,411942.5941425928,-2283.9594063711834,-4.296290260895346,1168.2930672715097,2966444.3913700376,-598417.119635476,1784013.635867281,0
8083.363593756163,phase0-forces,D,nominal,Kerbin,3531599999999.9995,600000.0,17822.0,0.0,0.0,340.0,226377.48432821617,2562.733349319478,0.0006218450726009905,-716031.0675848322,-1398.2538766803093,412549.75668887864,-2281.6256179950133,-4.2917327376149155,1166.948302219602,2966444.3914898066,-598417.1196355287,1784013.635927139,0
8083.883593756174,phase0-forces,D,nominal,Kerbin,3531599999999.9995,600000.0,17822.0,0.0,0.0,340.0,227707.7486076915,2560.0518493988125,0.0006182055803947151,-717216.9076986057,-1400.4843958903446,413156.2211318139,-2279.299227228383,-4.287189937522004,1165.6080492038543,2966444.391611247,-598417.1196353066,1784013.63598797,0
8084.403593756186,phase0-forces,D,nominal,Kerbin,3531599999999.9995,600000.0,17822.0,0.0,0.0,340.0,229036.62433678412,2557.3789466444946,0.0006145922816358507,-718401.5400022937,-1402.7125566523387,413761.98981001903,-2276.980191160312,-4.282661774079021,1164.272281131945,2966444.3915392347,-598417.119635499,1784013.6359518678,0
8084.923593756197,phase0-forces,D,nominal,Kerbin,3531599999999.9995,600000.0,17822.0,0.0,0.0,340.0,230364.11595766223,2554.7145908986513,0.0006110108806751668,-719584.9683118357,-1404.9383665593557,414367.06504980644,-2274.6684672976317,-4.2781481616658406,1162.9409711075682,2966444.39150363,-598417.1196352837,1784013.6359341731,0
8085.443593756208,phase0-forces,D,nominal,Kerbin,3531599999999.9995,600000.0,17822.0,0.0,0.0,340.0,231690.22788106173,2552.0587324159064,0.0006074610282666981,-720767.1964160654,-1407.1618331507607,414971.4491612073,-2272.3640134664615,-4.273649015258313,1161.614092513935,2966444.3915653788,-598417.1196353203,1784013.6359650292,0
8085.96359375622,phase0-forces,D,nominal,Kerbin,3531599999999.9995,600000.0,17822.0,0.0,0.0,340.0,233014.9644954435,2549.411321853515,0.0006039311992935836,-721948.2280848991,-1409.3829639289097,415575.14444210974,-2270.066787849444,-4.269164250695652,1160.2916189193102,2966444.391727921,-598417.1196352624,1784013.6360463293,0
8086.483593756231,phase0-forces,D,nominal,Kerbin,3531599999999.9995,600000.0,17822.0,0.0,0.0,340.0,234338.330165165,2546.7723102850173,0.0006004365277476609,-723128.0670680178,-1411.6017663509415,416178.1531768835,-2267.7767489744106,-4.264693784316711,1158.9735241292021,2966444.3920709444,-598417.1196350866,1784013.636217929,0
8087.0035937562425,phase0-forces,D,nominal,Kerbin,3531599999999.9995,600000.0,17822.0,0.0,0.0,340.0,235660.32922712062,2544.1416491340037,0.0005969763733446598,-724306.7170913925,-1413.8182478315198,416780.477635687,-2265.493855655319,-4.260237533428375,1157.6597821564174,2966444.392115714,-598417.1196351101,1784013.636240302,0
8087.523593756254,phase0-forces,D,nominal,Kerbin,3531599999999.9995,600000.0,17822.0,0.0,0.0,340.0,236980.96599130612,2541.519290292796,0.0005935466615483165,-725484.1818580311,-1416.032415739802,417382.12007430394,-2263.218067114275,-4.255795415750518,1156.3503672431216,2966444.3919618106,-598417.1196349999,1784013.6361634054,0
8088.043593756265,phase0-forces,D,nominal,Kerbin,3531599999999.9995,600000.0,17822.0,0.0,0.0,340.0,238300.24474622693,2538.9051860719633,0.0005901357508264482,-726660.4650529063,-1418.2442774018973,417983.082736428,-2260.9493429154327,-4.251367349805595,1155.045253879276,2966444.3919588937,-598417.1196350105,1784013.6361619416,0
8088.5635937562765,phase0-forces,D,nominal,Kerbin,3531599999999.9995,600000.0,17822.0,0.0,0.0,340.0,239618.16975438828,2536.2992891397857,0.0005867512081749737,-727835.5703386015,-1420.4538401051977,418583.3678521875,-2258.687642933237,-4.246953254766869,1153.7444167317697,2966444.3921025135,-598417.1196348148,1784013.6362338492,0
8089.083593756288,phase0-forces,D,nominal,Kerbin,3531599999999.9995,600000.0,17822.0,0.0,0.0,340.0,240934.74525634642,2533.7015525370102,0.0005834079347550869,-729009.5013591122,-1422.6611110953263,419182.9776396672,-2256.432927343337,-4.242553050584767,1152.447830694669,2966444.392280234,-598417.1196347335,1784013.6363227502,0
8089.6235937563,phase0-forces,D,nominal,Kerbin,3531599999999.9995,600000.0,17822.0,0.0,0.0,340.0,242300.5344319261,2531.012490232743,0.000579952378757298,-730227.3445726841,-1424.9508592189532,419804.93691437645,-2254.0988421080538,-4.237998225053066,1151.1058487786113,2966444.3924311087,-598417.1196346324,1784013.6363982381,0
8090.143593756311,phase0-forces,D,nominal,Kerbin,3531599999999.9995,600000.0,17822.0,0.0,0.0,340.0,243614.37204006815,2528.431244323964,0.0005766591639257967,-731398.8930899815,-1427.1534808993192,420403.1768817293,-2251.85824196618,-4.233626091276521,1149.8178515629058,2966444.3921993505,-598417.119635009,1784013.6362821707,0
8090.643593756322,phase0-forces,D,nominal,Kerbin,3531599999999.9995,600000.0,17822.0,0.0,0.0,340.0,244876.41673887242,2525.9568410042757,0.0005735050071962178,-732524.2849350078,-1429.2692455975148,420977.7770041977,-2249.7102937157533,-4.229434991278432,1148.5833312587,2966444.392649907,-598417.1196346581,1784013.6365076245,0
8091.163593756333,phase0-forces,D,nominal,Kerbin,3531599999999.9995,600000.0,17822.0,0.0,0.0,340.0,246187.63611479942,2523.391283917763,0.0005702660419046879,-733693.5549023468,-1431.4674213447263,421574.7073880627,-2247.483124082622,-4.225089561948995,1147.303502711531,2966444.3927718657,-598417.119634508,1784013.6365686788,0
8091.683593756345,phase0-forces,D,nominal,Kerbin,3531599999999.9995,600000.0,17822.0,0.0,0.0,340.0,247497.52681793738,2520.833658140461,0.0005670548998750746,-734861.6685094687,-1433.6633409838255,422170.973335952,-2245.26274461304,-4.220757632440835,1146.0278028353175,2966444.392933158,-598417.1196345066,1784013.6366493257,0
8092.203593756356,phase0-forces,D,nominal,Kerbin,3531599999999.9995,600000.0,17822.0,0.0,0.0,340.0,248806.09294378234,2518.283918954491,0.0005638647126033902,-736028.629276386,-1435.857011513442,422766.5769885973,-2243.049117377389,-4.2164391264522205,1144.7562077308862,2966444.3928980054,-598417.1196344856,1784013.63663176,0
8092.723593756367,phase0-forces,D,nominal,Kerbin,3531599999999.9995,600000.0,17822.0,0.0,0.0,340.0,250113.33856587205,2515.7420220594836,0.000560701300855726,-737194.4407048561,-1438.0484398959568,423361.520474112,-2240.842204798478,-4.212133968324043,1143.4886937251574,2966444.3929630984,-598417.1196343704,1784013.636664364,0
8093.243593756379,phase0-forces,D,nominal,Kerbin,3531599999999.9995,600000.0,17822.0,0.0,0.0,340.0,251419.26773401536,2513.20792347147,0.0005575512768700719,-738359.1062763083,-1440.2376330485442,423955.80590804317,-2238.6419695594263,-4.207842083051225,1142.2252373292565,2966444.393035746,-598417.1196343568,1784013.6367006947,0
8093.76359375639,phase0-forces,D,nominal,Kerbin,3531599999999.9995,600000.0,17822.0,0.0,0.0,340.0,252723.88447441033,2510.6815795349407,0.0005544536979869008,-739522.6294518367,-1442.4245978529182,424549.4353936284,-2236.4483746224637,-4.203563396128228,1140.9658152282127,2966444.392779795,-598417.1196344375,1784013.6365726788,0
8094.283593756401,phase0-forces,D,nominal,Kerbin,3531599999999.9995,600000.0,17822.0,0.0,0.0,340.0,254027.1927976025,2508.1629470250077,0.000551353907212615,-740685.0136793642,-1444.609341160052,425142.41102529963,-2234.261383319736,-4.199297833541723,1139.710404327808,2966444.3927104385,-598417.1196343041,1784013.6365380671,0
8094.803593756413,phase0-forces,D,nominal,Kerbin,3531599999999.9995,600000.0,17822.0,0.0,0.0,340.0,255329.19668160484,2505.65198303728,0.0005482865963131189,-741846.2623790669,-1446.7918697677983,425734.73488017585,-2232.080959245252,-4.195045322210694,1138.4589817240653,2966444.392928378,-598417.1196341164,1784013.6366471308,0
8095.323593756424,phase0-forces,D,nominal,Kerbin,3531599999999.9995,600000.0,17822.0,0.0,0.0,340.0,256629.90008904738,2503.1486449385557,0.0005452515324577689,-743006.378957799,-1448.9721904468176,426326.4090273812,-2229.907066217571,-4.190805789364761,1137.2115246679086,2966444.3930075364,-598417.1196340779,1784013.6366867293,0
8095.843593756435,phase0-forces,D,nominal,Kerbin,3531599999999.9995,600000.0,17822.0,0.0,0.0,340.0,257929.30695863196,2500.6528905072937,0.0005422250833362341,-744165.3668021408,-1451.150309927354,426917.43552299635,-2227.739668413337,-4.186579163032167,1135.968010612548,2966444.393141818,-598417.1196338946,1784013.6367539617,0
8096.343593756446,phase0-forces,D,nominal,Kerbin,3531599999999.9995,600000.0,17822.0,0.0,0.0,340.0,259177.51759203593,2498.2602393419115,0.0005393589963205159,-745278.7168775293,-1453.24258597937,427485.1213679643,-2225.6617242227517,-4.1825272039640895,1134.7760216327722,2966444.3930746093,-598417.1196339354,1784013.636720337,0
8096.863593756458,phase0-forces,D,nominal,Kerbin,3531599999999.9995,600000.0,17822.0,0.0,0.0,340.0,260474.39261053724,2495.779239137726,0.0005363801610656083,-746435.5004322533,-1455.4164071301655,428074.88339776057,-2223.506963987266,-4.178325686774952,1133.5401771465683,2966444.393209521,-598417.1196340261,1784013.6367877475,0
8097.383593756469,phase0-forces,D,nominal,Kerbin,3531599999999.9995,600000.0,17822.0,0.0,0.0,340.0,261769.9826298704,2493.305699422632,0.0005334416055120528,-747591.1651748174,-1457.5880467942382,428664.00379730033,-2221.3585944328597,-4.174136865784903,1132.308209938477,2966444.3931566305,-598417.1196340341,1784013.6367612982,0
8097.90359375648,phase0-forces,D,nominal,Kerbin,3531599999999.9995,600000.0,17822.0,0.0,0.0,340.0,263064.29150431126,2490.8395792785627,0.0005305169033817947,-748745.7144197157,-1459.757511558921,429252.48457749875,-2219.21658082534,-4.169960671206355,1131.0800981886723,2966444.39307157,-598417.1196341407,1784013.6367187146,0
8098.443593756492,phase0-forces,D,nominal,Kerbin,3531599999999.9995,600000.0,17822.0,0.0,0.0,340.0,264407.0295905424,2488.286418003193,0.0005274966824799776,-749899.1514606717,-1461.9248079687345,429840.3277364753,-2216.9988725289727,-4.165637143607762,1129.8088089104338,2966444.3934944314,-598417.1196338565,1784013.6369302876,0
8098.9635937565035,phase0-forces,D,nominal,Kerbin,3531599999999.9995,600000.0,17822.0,0.0,0.0,340.0,265698.73874621233,2485.835296960061,0.0005246262880973518,-751095.777790877,-1464.1731738608835,430450.1075019231,-2214.8697088285826,-4.161486473276501,1128.5884894665705,2966444.3935116543,-598417.1196336721,1784013.6369389913,0
8099.483593756515,phase0-forces,D,nominal,Kerbin,3531599999999.9995,600000.0,17822.0,0.0,0.0,340.0,266989.1783382859,2483.391473070634,0.0005217727739363909,-752246.957787216,-1466.3360702972789,431036.6570421863,-2212.746797154894,-4.157348220366752,1127.3719602050012,2966444.393484564,-598417.1196336315,1784013.6369254664,0
8100.003593756526,phase0-forces,D,nominal,Kerbin,3531599999999.9995,600000.0,17822.0,0.0,0.0,340.0,268278.3521355116,2480.9549066534987,0.0005189487710595131,-753397.0354879042,-1468.496818056381,431622.5749683309,-2210.630103818972,-4.15322231728717,1126.1591999720877,2966444.393150184,-598417.1196336678,1784013.636758258,0
8100.523593756538,phase0-forces,D,nominal,Kerbin,3531599999999.9995,600000.0,17822.0,0.0,0.0,340.0,269566.26388580387,2478.5255584591137,0.0005161330918781459,-754546.014116826,-1470.6554235400515,432207.8632340596,-2208.519595503378,-4.149108696814548,1124.9501878348567,2966444.393337267,-598417.1196334928,1784013.636851887,0
8101.043593756549,phase0-forces,D,nominal,Kerbin,3531599999999.9995,600000.0,17822.0,0.0,0.0,340.0,270852.9173198844,2476.1033893625304,0.0005133443046361208,-755693.8968830353,-1472.8118931230279,432792.5237841028,-2206.4152389783103,-4.145007292390658,1123.7449029612733,2966444.393304948,-598417.1196335058,1784013.6368357213,0
8101.56359375656,phase0-forces,D,nominal,Kerbin,3531599999999.9995,600000.0,17822.0,0.0,0.0,340.0,272138.31614424125,2473.688360679353,0.0005105780437588692,-756840.6869750895,-1474.9662331357663,433376.55854995013,-2204.317001402061,-4.140918037735336,1122.5433247265494,2966444.3934748066,-598417.1196333979,1784013.6369207043,0
8102.083593756572,phase0-forces,D,nominal,Kerbin,3531599999999.9995,600000.0,17822.0,0.0,0.0,340.0,273422.4640496705,2471.2804339627505,0.0005078240646980703,-757986.3875681056,-1477.1184498826015,433959.96945471433,-2202.2248501268446,-4.1368408674615935,1121.3454326471187,2966444.393783625,-598417.1196331037,1784013.6370752607,0
8102.603593756583,phase0-forces,D,nominal,Kerbin,3531599999999.9995,600000.0,17822.0,0.0,0.0,340.0,274705.3647039877,2468.8795710597988,0.0005051054176874459,-759131.0018175193,-1479.2685496266677,434542.7584093697,-2200.138752749948,-4.13277571637313,1120.151206404385,2966444.394089391,-598417.1196327094,1784013.6372283408,0
8103.123593756594,phase0-forces,D,nominal,Kerbin,3531599999999.9995,600000.0,17822.0,0.0,0.0,340.0,275987.02175810013,2466.485734110304,0.000502406619489193,-760274.532864337,-1481.4165386053494,435124.9273157993,-2198.058677112337,-4.128722519983471,1118.960625844878,2966444.394289186,-598417.1196324661,1784013.63732836,0
8103.643593756606,phase0-forces,D,nominal,Kerbin,3531599999999.9995,600000.0,17822.0,0.0,0.0,340.0,277267.4388399763,2464.098885536491,0.0004997290670871735,-761416.9838300747,-1483.5624230150913,435706.4780635015,-2195.9845912974356,-4.124681214118943,1117.7736709599549,2966444.3941466464,-598417.1196323959,1784013.6372571252,0
8104.163593756617,phase0-forces,D,nominal,Kerbin,3531599999999.9995,600000.0,17822.0,0.0,0.0,340.0,278546.61955846846,2461.7189881263494,0.0004970664158463478,-762558.3578198705,-1485.7062090194229,436287.4125318482,-2193.9164637009453,-4.120651735205731,1116.59032193237,2966444.394123024,-598417.1196323985,1784013.6372453128,0
8104.683593756628,phase0-forces,D,nominal,Kerbin,3531599999999.9995,600000.0,17822.0,0.0,0.0,340.0,279824.56750912766,2459.3460048757343,0.0004944280372001231,-763698.6579274498,-1487.8479027603532,436867.7325931202,-2191.8542628885657,-4.116634020117108,1115.4105590677375,2966444.3940892536,-598417.119632527,1784013.6372283634,0
8105.20359375664,phase0-forces,D,nominal,Kerbin,3531599999999.9995,600000.0,17822.0,0.0,0.0,340.0,281101.2862616001,2456.97989910622,0.0004918025224469602,-764837.8872245201,-1489.987510333551,437447.44010566256,-2189.7979577083242,-4.112628006334735,1114.2343628336653,2966444.3941895273,-598417.1196325005,1784013.6372785133,0
8105.723593756651,phase0-forces,D,nominal,Kerbin,3531599999999.9995,600000.0,17822.0,0.0,0.0,340.0,282376.7793676321,2454.6206343944864,0.0004891984863206744,-765976.0487673997,-1492.12503780532,438026.53691842535,-2187.7475172184663,-4.108633631542221,1113.061713845782,2966444.3943702197,-598417.1196322672,1784013.6373689764,0
8106.243593756662,phase0-forces,D,nominal,Kerbin,3531599999999.9995,600000.0,17822.0,0.0,0.0,340.0,283651.0503650465,2452.2681745548907,0.00048662046901881695,-767113.1456006906,-1494.2604912169168,438605.0248725475,-2185.7029106674895,-4.104650834218946,1111.8925928685603,2966444.3943125214,-598417.1196323086,1784013.6373401065,0
8106.763593756674,phase0-forces,D,nominal,Kerbin,3531599999999.9995,600000.0,17822.0,0.0,0.0,340.0,284924.1027713624,2449.9224837688166,0.00048405438428744674,-768249.1807516585,-1496.3938765764985,439182.9057983386,-2183.664107631392,-4.100679553156819,1110.7269808308279,2966444.3944923007,-598417.1196322123,1784013.6374300441,0
8107.283593756685,phase0-forces,D,nominal,Kerbin,3531599999999.9995,600000.0,17822.0,0.0,0.0,340.0,286195.94007796736,2447.5835263852355,0.0004815191787201911,-769384.1572248947,-1498.5251998468234,439760.18151287426,-2181.63107780938,-4.096719727553637,1109.564858787508,2966444.3943463177,-598417.1196324533,1784013.6373569323,0
8107.8035937566965,phase0-forces,D,nominal,Kerbin,3531599999999.9995,600000.0,17822.0,0.0,0.0,340.0,287466.56576656527,2445.2512671445197,0.00047898414777591825,-770518.0780171391,-1500.654466972981,440336.8538272103,-2179.6037912568763,-4.092771297120232,1108.4062079552066,2966444.3945367583,-598417.1196321829,1784013.6374522876,0
8108.323593756708,phase0-forces,D,nominal,Kerbin,3531599999999.9995,600000.0,17822.0,0.0,0.0,340.0,288735.9832981656,2442.925670921371,0.00047649024054408073,-771650.9461073088,-1502.7816838641195,440912.9245416414,-2177.582218112382,-4.088834202111253,1107.251009682202,2966444.3945241235,-598417.1196321158,1784013.637446004,0
8108.843593756719,phase0-forces,D,nominal,Kerbin,3531599999999.9995,600000.0,17822.0,0.0,0.0,340.0,290004.1961144422,2440.6067029124556,0.00047401015763171017,-772782.7644578011,-1504.906856399906,441488.3954461617,-2175.566328801473,-4.084908383081227,1106.09924546127,2966444.3942675316,-598417.119632153,1784013.6373176894,0
8109.34359375673,phase0-forces,D,nominal,Kerbin,3531599999999.9995,600000.0,17822.0,0.0,0.0,340.0,291222.49860125454,2438.3831446161676,0.0004716223629657179,-773870.064125007,-1506.948369052627,442041.16886420635,-2173.6333065590115,-4.0811441360118765,1104.995001268381,2966444.394456909,-598417.1196319399,1784013.6374124845,0
8109.8635937567415,phase0-forces,D,nominal,Kerbin,3531599999999.9995,600000.0,17822.0,0.0,0.0,340.0,292488.3582556731,2436.077078071849,0.00046918814769014716,-774999.8319214241,-1509.069548467078,442615.4683839786,-2171.6284812945532,-4.077240264587839,1103.849919893649,2966444.3942075754,-598417.1196320603,1784013.6372877576,0
8110.403593756753,phase0-forces,D,nominal,Kerbin,3531599999999.9995,600000.0,17822.0,0.0,0.0,340.0,293801.640437727,2433.689224324362,0.0004666526219807565,-776171.9504814144,-1511.270166209266,443211.2270662077,-2169.5524716624645,-4.073197995017989,1102.664374301582,2966444.394452445,-598417.1196320028,1784013.6374102212,0
8110.923593756765,phase0-forces,D,nominal,Kerbin,3531599999999.9995,600000.0,17822.0,0.0,0.0,340.0,295065.0684683246,2431.396426471561,0.00046424588072113693,-777299.5992058951,-1513.387219503665,443784.316448526,-2167.5590264343414,-4.069316695089925,1101.52616412109,2966444.3944156724,-598417.1196320073,1784013.6373918324,0
8111.443593756776,phase0-forces,D,nominal,Kerbin,3531599999999.9995,600000.0,17822.0,0.0,0.0,340.0,296327.30873114034,2429.11008671184,0.0004618552338797599,-778426.212779925,-1515.5022573819886,444356.81483152695,-2165.571120446889,-4.065446380967919,1100.3912975834241,2966444.3943198444,-598417.1196320911,1784013.6373438768,0
8111.963593756787,phase0-forces,D,nominal,Kerbin,3531599999999.9995,600000.0,17822.0,0.0,0.0,340.0,297588.3645635251,2426.8301717988584,0.00045947483158670366,-779551.7940768818,-1517.6152855409532,444928.72394933493,-2163.58872544031,-4.061586995846142,1099.2597570237554,2966444.39440631,-598417.1196321556,1784013.637387077,0
8112.483593756799,phase0-forces,D,nominal,Kerbin,3531599999999.9995,600000.0,17822.0,0.0,0.0,340.0,298848.23928406136,2424.5566486926346,0.00045711162965744734,-780676.3459539093,-1519.7263096466615,445500.045526432,-2161.611813329232,-4.057738483332333,1098.1315248883302,2966444.3945451374,-598417.1196320028,1784013.6374565673,0
8113.00359375681,phase0-forces,D,nominal,Kerbin,3531599999999.9995,600000.0,17822.0,0.0,0.0,340.0,300106.9361968001,2422.289484612809,0.00045476946979761124,-781799.8712559602,-1521.835335341553,446070.78127912234,-2159.640356241243,-4.053900787525283,1097.0065837762277,2966444.3947861893,-598417.1196318455,1784013.637577172,0
8113.523593756821,phase0-forces,D,nominal,Kerbin,3531599999999.9995,600000.0,17822.0,0.0,0.0,340.0,301364.45859038236,2420.0286469872312,0.0004524473624769598,-782922.3728148572,-1523.9423682357549,446640.9329154073,-2157.674326481762,-4.0500738528419,1095.8849163950158,2966444.3949151225,-598417.1196317209,1784013.637641701,0
8114.043593756833,phase0-forces,D,nominal,Kerbin,3531599999999.9995,600000.0,17822.0,0.0,0.0,340.0,302620.80973080115,2417.7741035192494,0.0004501493531279266,-784043.8534427874,-1526.0474139112005,447210.50213178416,-2155.713696588301,-4.046257624301949,1094.7665056025194,2966444.3949430017,-598417.1196317363,1784013.6376556328,0
8114.563593756844,phase0-forces,D,nominal,Kerbin,3531599999999.9995,600000.0,17822.0,0.0,0.0,340.0,303875.9928718471,2415.525822146987,0.00044784878264181316,-785164.3159417325,-1528.150477918992,447779.490617799,-2153.7584393029633,-4.042452047129012,1093.6513343710544,2966444.3949354338,-598417.1196316247,1784013.6376519045,0
8115.083593756855,phase0-forces,D,nominal,Kerbin,3531599999999.9995,600000.0,17822.0,0.0,0.0,340.0,305130.0112467018,2413.2837710607805,0.0004455742018762976,-786283.7630959052,-1530.251565780202,448347.9000523394,-2151.8085275722915,-4.038657067089296,1092.5393858262512,2966444.3950495105,-598417.1196316502,1784013.63770893,0
8115.603593756867,phase0-forces,D,nominal,Kerbin,3531599999999.9995,600000.0,17822.0,0.0,0.0,340.0,306382.8680772111,2411.047918595409,0.00044332697871141136,-787402.1976799242,-1532.3506829963167,448915.73210802145,-2149.8639344653266,-4.0348726302120514,1091.4306431704113,2966444.394757948,-598417.1196318977,1784013.637563025,0
8116.123593756878,phase0-forces,D,nominal,Kerbin,3531599999999.9995,600000.0,17822.0,0.0,0.0,340.0,307634.56656696124,2408.818233467626,0.0004410776891745627,-788519.622452873,-1534.4478350358565,449482.9884476338,-2147.924633389056,-4.031098683014416,1090.3250897828557,2966444.394824586,-598417.119631778,1784013.637596404,0
8116.623593756889,phase0-forces,D,nominal,Kerbin,3531599999999.9995,600000.0,17822.0,0.0,0.0,340.0,308837.0334056858,2406.6800924899435,0.0004389402165543288,-789593.1196072402,-1536.462479193352,450027.8858488706,-2146.064886724918,-4.027479730378115,1089.2650499124586,2966444.394668756,-598417.1196318305,1784013.6375184627,0
8117.1435937569,phase0-forces,D,nominal,Kerbin,3531599999999.9995,600000.0,17822.0,0.0,0.0,340.0,310086.4690080164,2404.46241449135,0.00043673362233676016,-790708.5715573264,-1538.5557922417108,450594.0176958922,-2144.1358893194138,-4.023726205097531,1088.1657045052684,2966444.3946242295,-598417.1196318431,1784013.6374961932,0
8117.663593756912,phase0-forces,D,nominal,Kerbin,3531599999999.9995,600000.0,17822.0,0.0,0.0,340.0,311334.75566123927,2402.2508122314307,0.00043453395483084023,-791823.0217853753,-1540.6471561459975,451159.5787004283,-2142.2121060334603,-4.019983013222653,1087.0694997868482,2966444.3947388884,-598417.1196316723,1784013.637553608,0
8118.183593756923,phase0-forces,D,nominal,Kerbin,3531599999999.9995,600000.0,17822.0,0.0,0.0,340.0,312581.8965060038,2400.0452551791373,0.00043236283818259835,-792936.4729966836,-1542.7365762652444,451724.57049172185,-2140.2935108903553,-4.016250102878815,1085.976419579927,2966444.3945877105,-598417.1196316478,1784013.6374780312,0
8118.683593756934,phase0-forces,D,nominal,Kerbin,3531599999999.9995,600000.0,17822.0,0.0,0.0,340.0,313779.9927528559,2397.9302000277744,0.00043028275831602514,-794006.1595472067,-1544.7438059577432,452267.2965438461,-2138.4535766030026,-4.012670413841493,1084.9283125604286,2966444.394552458,-598417.1196316257,1784013.6374604162,0
8119.223593756946,phase0-forces,D,nominal,Kerbin,3531599999999.9995,600000.0,17822.0,0.0,0.0,340.0,315072.75325161987,2395.652155991296,0.00042805232806131244,-795160.3891203234,-1546.9096064576295,452852.8529094029,-2136.4717823609826,-4.008814920521139,1083.7995686860022,2966444.394546441,-598417.1196315303,1784013.6374574553,0
8119.743593756957,phase0-forces,D,nominal,Kerbin,3531599999999.9995,600000.0,17822.0,0.0,0.0,340.0,316316.47535170475,2393.4645539897842,0.0004259175912011415,-796270.8593730854,-1548.993227114327,453416.1467506441,-2134.5685980458697,-4.0051125464316035,1082.7157662634718,2966444.394674838,-598417.1196314195,1784013.6375217093,0
8120.2635937569685,phase0-forces,D,nominal,Kerbin,3531599999999.9995,600000.0,17822.0,0.0,0.0,340.0,317559.06404704973,2391.2828774688455,0.0004238021210767329,-797380.3412941323,-1551.074925159855,453978.87781165267,-2132.6705000206166,-4.001420249529183,1081.635024882923,2966444.394731052,-598417.1196313278,1784013.6375498623,0
8120.78359375698,phase0-forces,D,nominal,Kerbin,3531599999999.9995,600000.0,17822.0,0.0,0.0,340.0,318800.52239914157,2389.1070970146757,0.0004217101668473333,-798488.8375211332,-1553.1547058189951,454541.0476794638,-2130.7774632541455,-3.9977379796797257,1080.5573289674014,2966444.3946156255,-598417.1196315483,1784013.6374920385,0
8121.303593756991,phase0-forces,D,nominal,Kerbin,3531599999999.9995,600000.0,17822.0,0.0,0.0,340.0,320040.853453854,2386.9371834486033,0.0004196272639092058,-799596.3506781849,-1555.2325742914795,455102.6579332021,-2128.8894629253814,-3.9940656871870104,1079.4826630447194,2966444.3944448293,-598417.1196316923,1784013.6374065685,0
8121.8235937570025,phase0-forces,D,nominal,Kerbin,3531599999999.9995,600000.0,17822.0,0.0,0.0,340.0,321280.06024735724,2384.7731078207985,0.00041754302219487727,-800702.8833813539,-1557.3085357600478,455663.7101462926,-2127.006474403125,-3.9904033225392905,1078.411011773239,2966444.3945981176,-598417.1196316244,1784013.6374832466,0
8122.343593757014,phase0-forces,D,nominal,Kerbin,3531599999999.9995,600000.0,17822.0,0.0,0.0,340.0,322518.1457940709,2382.614841310816,0.00041549120214767754,-801808.4382279988,-1559.3825953672333,456224.2058808691,-2125.12847315721,-3.9867508366637097,1077.342359897185,2966444.3946988555,-598417.1196316158,1784013.6375336198,0
8122.863593757025,phase0-forces,D,nominal,Kerbin,3531599999999.9995,600000.0,17822.0,0.0,0.0,340.0,323755.1130961713,2380.4623553347224,0.00041344878263771534,-802913.0178047692,-1561.4547582406183,456784.1466929391,-2123.2554348625704,-3.983108180847398,1076.2766922782969,2966444.39469277,-598417.1196316222,1784013.6375305739,0
8123.383593757037,phase0-forces,D,nominal,Kerbin,3531599999999.9995,600000.0,17822.0,0.0,0.0,340.0,324990.9651420715,2378.3156215552553,0.000411420565797016,-804016.6246869026,-1563.5250294780553,457343.534130552,-2121.387335405567,-3.9794753067018678,1075.2139939058243,2966444.3949246216,-598417.1196315275,1784013.637646547,0
8124.230000007038,phase0-forces,D,nominal,Kerbin,3531599999999.9995,600000.0,17822.0,0.0,0.0,340.0,327047.6306006091,2374.75150686596,0.0,-805853.2632967726,-1566.970257047318,458274.34145974123,-2118.2856765222505,-3.973443931686586,1073.4499167386157,2966444.394942899,-598417.1196314958,1784013.6376557015,0
8126.131093757038,phase0-forces,D,nominal,Kerbin,3531599999999.9995,600000.0,17822.0,0.0,0.0,340.0,331549.6713721487,2366.986079776409,0.0,-809873.8884808215,-1574.5116354708896,460311.4118763751,-2111.5272050813214,-3.9603033341874063,1069.6075355261191,2966444.394942899,-598417.1196314958,1784013.6376557015,0
8128.719531257046,phase0-forces,D,nominal,Kerbin,3531599999999.9995,600000.0,17822.0,0.0,0.0,340.0,337655.89343027107,2356.532646505661,0.0,-815327.6429113504,-1584.7396905606017,463073.3179413974,-2102.427912480786,-3.9426150889066984,1064.43761801945,2966444.394942899,-598417.1196314958,1784013.6376557015,0
8131.319531257055,phase0-forces,D,nominal,Kerbin,3531599999999.9995,600000.0,17822.0,0.0,0.0,340.0,343762.3896425406,2346.1683440806237,0.0,-820782.2001934146,-1594.967643040918,465834.1808279784,-2093.4046495991133,-3.9250787687175,1059.314620667292,2966444.394942899,-598417.1196314958,1784013.6376557015,0
8133.919531257065,phase0-forces,D,nominal,Kerbin,3531599999999.9995,600000.0,17822.0,0.0,0.0,340.0,349842.1714822602,2335.936964249907,0.0,-826213.4460618454,-1605.150296021007,468581.81331041077,-2084.495592231694,-3.9077684346210235,1054.2600989611485,2966444.394942899,-598417.1196314958,1784013.6376557015,0
8136.519531257074,phase0-forces,D,nominal,Kerbin,3531599999999.9995,600000.0,17822.0,0.0,0.0,340.0,355895.5792715729,2325.835403731924,0.0,-831621.67397922,-1615.2882301395164,471316.3912732818,-2075.6980968367584,-3.8906787958262847,1049.2724139419706,2966444.394942899,-598417.1196314958,1784013.6376557015,0
8139.1195312570835,phase0-forces,D,nominal,Kerbin,3531599999999.9995,600000.0,17822.0,0.0,0.0,340.0,361922.9454288882,2315.860662399606,0.0,-837007.1706398806,-1625.3820125942455,474038.08641640056,-2067.009607142358,-3.873804737777205,1044.3499821745536,2966444.394942899,-598417.1196314958,1784013.6376557015,0
8141.719531257093,phase0-forces,D,nominal,Kerbin,3531599999999.9995,600000.0,17822.0,0.0,0.0,340.0,367924.59477619955,2306.009838854537,0.0,-842370.2162419345,-1635.4321973507629,476747.066401792,-2058.427650423871,-3.857141314578663,1039.4912733280976,2966444.394942899,-598417.1196314958,1784013.6376557015,0
8144.319531257102,phase0-forces,D,nominal,Kerbin,3531599999999.9995,600000.0,17822.0,0.0,0.0,340.0,373900.84475782036,2296.280126232858,0.0,-847711.0846702679,-1645.439325798057,479443.4949778537,-2049.94983397543,-3.840683741819697,1034.6948078851524,2966444.394942899,-598417.1196314958,1784013.6376557015,0
8146.93320313211,phase0-forces,D,nominal,Kerbin,3531599999999.9995,600000.0,17822.0,0.0,0.0,340.0,379883.233512684,2286.6185761828337,0.0,-853057.9554765028,-1655.4562137012706,482141.6134106729,-2041.5300624646545,-3.8243424310009764,1029.9344112138617,2966444.394942899,-598417.1196314958,1784013.6376557015,0
8150.40214844461,phase0-forces,D,nominal,Kerbin,3531599999999.9995,600000.0,17822.0,0.0,0.0,340.0,387784.61397697055,2273.9756833203796,0.0,-860120.7473242541,-1668.6854614501224,485703.5712457034,-2030.5101066279365,-3.8029600057979827,1023.7087733869371,2966444.394942899,-598417.1196314958,1784013.6376557015,0
8155.190625007109,phase0-forces,D,nominal,Kerbin,3531599999999.9995,600000.0,17822.0,0.0,0.0,340.0,398620.36399097554,2256.8510867665736,0.0,-869807.9230747219,-1686.826257157825,490585.3268811505,-2015.5800895864454,-3.7740004880589515,1015.2829591904303,2966444.394942899,-598417.1196314958,1784013.6376557015,0
8160.390625007104,phase0-forces,D,nominal,Kerbin,3531599999999.9995,600000.0,17822.0,0.0,0.0,340.0,410295.7139102105,2238.66904990489,0.0,-880247.5548681741,-1706.3708130007014,495841.46659249003,-1999.7235371132288,-3.7432560503556225,1006.3453076114386,2966444.394942899,-598417.1196314958,1784013.6376557015,0
8165.3906250070995,phase0-forces,D,nominal,Kerbin,3531599999999.9995,600000.0,17822.0,0.0,0.0,340.0,421434.02577159053,2221.5766414062855,0.0,-890208.7615676856,-1725.0145808940158,500852.1280345941,-1984.8129224016484,-3.714357218338822,997.9512213830467,2966444.394942899,-598417.1196314958,1784013.6376557015,0
8170.666210944599,phase0-forces,D,nominal,Kerbin,3531599999999.9995,600000.0,17822.0,0.0,0.0,340.0,433094.81540383643,2203.940036769233,0.0,-900639.0661777897,-1744.531045008205,506093.9899861674,-1969.4231835463343,-3.684541473720889,989.2979500326066,2966444.394942899,-598417.1196314958,1784013.6376557015,0
8174.610351569598,phase0-forces,D,nominal,Kerbin,3531599999999.9995,600000.0,17822.0,0.0,0.0,340.0,441752.5744797486,2191.0115367388603,0.0,-908384.4337093886,-1759.0201759522186,509983.38490354584,-1958.13891425023,-3.66268711994931,982.9598828765968,2966444.394942899,-598417.1196314958,1784013.6376557015,0
8176.922226569596,phase0-forces,D,nominal,Kerbin,3531599999999.9995,600000.0,17822.0,0.0,0.0,340.0,446803.8415278173,2183.532612409532,0.0,-912903.8471474869,-1767.4732141678558,512251.62229040416,-1951.6100567679339,-3.650045531191005,979.2954267971832,2966444.394942899,-598417.1196314958,1784013.6376557015,0
8178.125195319596,phase0-forces,D,nominal,Kerbin,3531599999999.9995,600000.0,17822.0,0.0,0.0,340.0,449425.43123611645,2179.6694407182413,0.0,-915249.5427410812,-1771.8601741006003,513428.5449299389,-1948.2373197847514,-3.643515859593932,977.4031621552485,2966444.394942899,-598417.1196314958,1784013.6376557015,0
8179.043945319598,phase0-forces,D,nominal,Kerbin,3531599999999.9995,600000.0,17822.0,0.0,0.0,340.0,451424.5151484085,2176.731960452517,0.0,-917038.3068722925,-1775.2053721206648,514325.8727983179,-1945.6726134194762,-3.638550929090009,975.9645843943415,2966444.394854544,-598417.119631563,1784013.6376114907,0
8182.338476569599,phase0-forces,D,nominal,Kerbin,3531599999999.9995,600000.0,17822.0,0.0,0.0,340.0,458570.965710541,2166.2895239737377,0.0,-923433.3324305211,-1787.1635531442626,517532.7777523318,-1936.5543489231013,-3.620901846992227,970.8524318428628,2966444.394854544,-598417.119631563,1784013.6376114907,0
8186.9794921945995,phase0-forces,D,nominal,Kerbin,3531599999999.9995,600000.0,17822.0,0.0,0.0,340.0,468580.43288146425,2151.81540706561,0.0,-932391.486394263,-1803.9112738626463,522022.03357784677,-1923.9130670347884,-3.5964405812512714,963.7713018101733,2966444.394854544,-598417.119631563,1784013.6376114907,0
8192.179492194595,phase0-forces,D,nominal,Kerbin,3531599999999.9995,600000.0,17822.0,0.0,0.0,340.0,479716.63763244427,2135.915514928752,0.0,-942359.597196116,-1822.5426647322638,527013.3636739398,-1910.0230983981526,-3.5695722792389337,955.9990108010677,2966444.394854544,-598417.119631563,1784013.6376114907,0
8197.579492194614,phase0-forces,D,nominal,Kerbin,3531599999999.9995,600000.0,17822.0,0.0,0.0,340.0,491194.7285171554,2119.7461854113344,0.0,-952635.4407785785,-1841.7443274515135,532154.3577704354,-1895.8940443717902,-3.5422513851073,948.1018487148968,2966444.394854544,-598417.119631563,1784013.6376114907,0
8202.779492194633,phase0-forces,D,nominal,Kerbin,3531599999999.9995,600000.0,17822.0,0.0,0.0,340.0,502166.17333308887,2104.492755368908,0.0,-962459.3120839492,-1860.096806194113,537065.0670658697,-1882.5618944624052,-3.516480574898677,940.6583361044039,2966444.394854544,-598417.119631563,1784013.6376114907,0
8207.979492194652,phase0-forces,D,nominal,Kerbin,3531599999999.9995,600000.0,17822.0,0.0,0.0,340.0,513059.2279551078,2089.5388670754464,0.0,-972214.5326488739,-1878.3166067259772,541937.468135464,-1869.4883302279814,-3.4912182142429713,933.3669543945267,2966444.394854544,-598417.119631563,1784013.6376114907,0
8213.179492194671,phase0-forces,D,nominal,Kerbin,3531599999999.9995,600000.0,17822.0,0.0,0.0,340.0,523875.4171766238,2074.873748426453,0.0,-981902.4228905307,-1896.4063250678046,546772.3373568618,-1856.6641242097278,-3.466445969621507,926.2221037818651,2966444.394854544,-598417.119631563,1784013.6376114907,0
8218.37949219469,phase0-forces,D,nominal,Kerbin,3531599999999.9995,600000.0,17822.0,0.0,0.0,340.0,534616.2115212926,2060.4871762886924,0.0,-991524.2565612588,-1914.3684641974432,551570.4227847584,-1844.0805162970837,-3.4421464436870486,919.2184749511346,2966444.394854544,-598417.119631563,1784013.6376114907,0
8223.579492194709,phase0-forces,D,nominal,Kerbin,3531599999999.9995,600000.0,17822.0,0.0,0.0,340.0,545283.0297685727,2046.3694405619713,0.0,-1001081.2628807775,-1932.2054388182623,556332.4455458724,-1831.7291832924072,-3.418303113880682,912.351029782215,2966444.394854544,-598417.119631563,1784013.6376114907,0
8228.779492194728,phase0-forces,D,nominal,Kerbin,3531599999999.9995,600000.0,17822.0,0.0,0.0,340.0,555877.2416763362,2032.511311098092,0.0,-1010574.6288977402,-1949.9195800083144,561059.1012247475,-1819.6022108843058,-3.3949002759352194,905.6149836098937,2966444.394854544,-598417.119631563,1784013.6376114907,0
8233.979492194747,phase0-forces,D,nominal,Kerbin,3531599999999.9995,600000.0,17822.0,0.0,0.0,340.0,566400.1705615027,2018.9040072107775,0.0,-1020005.5016933796,-1967.513139273451,565751.0612391166,-1807.692067806123,-3.3719229918093654,899.0057888900913,2966444.394854544,-598417.119631563,1784013.6376114907,0
8238.979492194765,phase0-forces,D,nominal,Kerbin,3531599999999.9995,600000.0,17822.0,0.0,0.0,340.0,576452.3388497876,2006.048815767131,0.0,-1029015.746896469,-1984.3183346050246,570230.4452631273,-1796.4378075234279,-3.3502175225917625,892.7663921674468,2966444.394854544,-598417.119631563,1784013.6376114907,0
8244.179492194784,phase0-forces,D,nominal,Kerbin,3531599999999.9995,600000.0,17822.0,0.0,0.0,340.0,586839.1179564313,1992.9096036669127,0.0,-1038327.2230026805,-2001.6816196697218,574856.2108508834,-1784.9324656479146,-3.3280343035086664,886.393651630889,2966444.394854544,-598417.119631563,1784013.6376114907,0
8249.179492194802,phase0-forces,D,nominal,Kerbin,3531599999999.9995,600000.0,17822.0,0.0,0.0,340.0,596762.6254780374,1980.4900901926471,0.0,-1047224.617296205,-2018.2692288415892,579273.0869453733,-1774.0550683545948,-3.3070678489247682,880.3741676690065,2966444.394854544,-598417.119631563,1784013.6376114907,0
8254.579492194822,phase0-forces,D,nominal,Kerbin,3531599999999.9995,600000.0,17822.0,0.0,0.0,340.0,607410.9846010976,1967.3055073146713,0.0,-1056773.2390694548,-2036.0671251671774,584009.8127195352,-1762.505197973274,-3.2848116046879836,873.988327290787,2966444.394854544,-598417.119631563,1784013.6376114907,0
8259.979492194841,phase0-forces,D,nominal,Kerbin,3531599999999.9995,600000.0,17822.0,0.0,0.0,340.0,617988.8858210449,1954.3506376177158,0.0,-1066260.0313523666,-2053.7458953516943,588712.3692023454,-1751.1541514468884,-3.262944925507194,867.718217981802,2966444.394854544,-598417.119631563,1784013.6376114907,0
8265.17949219486,phase0-forces,D,nominal,Kerbin,3531599999999.9995,600000.0,17822.0,0.0,0.0,340.0,628109.5572834823,1942.0857717744343,0.0,-1075338.0102573812,-2070.6592389600737,593209.0363076435,-1740.4054871440983,-3.242244555641383,861.7861527650903,2966444.394854544,-598417.119631563,1784013.6376114907,0
8269.979492194878,phase0-forces,D,nominal,Kerbin,3531599999999.9995,600000.0,17822.0,0.0,0.0,340.0,637395.638155973,1930.941859640806,0.0,-1083668.454896891,-2086.1767619507773,597332.6485764284,-1730.6373490183948,-3.223437494123594,856.3996969560403,2966444.394854544,-598417.119631563,1784013.6376114907,0
8275.579492194898,phase0-forces,D,nominal,Kerbin,3531599999999.9995,600000.0,17822.0,0.0,0.0,340.0,648162.458385498,1918.14948851733,0.0,-1093328.5317501472,-2104.1673918025954,602111.1331503381,-1719.422087922588,-3.2018500351766765,850.2204961182568,2966444.394854544,-598417.119631563,1784013.6376114907,0
8282.445117194906,phase0-forces,D,nominal,Kerbin,3531599999999.9995,600000.0,17822.0,0.0,0.0,340.0,661265.9885754057,1902.7628075655336,0.0,-1105086.9614265421,-2126.0606552021964,607922.8417227285,-1705.9292786761052,-3.1758869213371734,842.7938726358648,2966444.394854544,-598417.119631563,1784013.6376114907,0
8299.409179694905,phase0-forces,D,nominal,Kerbin,3531599999999.9995,600000.0,17822.0,0.0,0.0,340.0,693199.904732709,1866.0705527746395,0.0,-1133751.1715555964,-2179.4071373599036,622068.7460253327,-1673.7397369756873,-3.1139834955197756,825.109025467541,2966444.394854544,-598417.119631563,1784013.6376114907,0
8325.430273444901,phase0-forces,D,nominal,Kerbin,3531599999999.9995,600000.0,17822.0,0.0,0.0,340.0,741014.51880184,1813.1397598736696,0.0,-1176691.8945412466,-2259.260771240519,643203.716328684,-1627.2707560210904,-3.024709448448274,799.660256962949,2966444.394854544,-598417.119631563,1784013.6376114907,0
8364.826757819901,phase0-forces,D,nominal,Kerbin,3531599999999.9995,600000.0,17822.0,0.0,0.0,340.0,810909.1908114296,1739.698935616764,0.0,-1239508.026073962,-2375.9432317870123,674002.1905811231,-1562.7299348737333,-2.900892647878791,764.4731009378186,2966444.394854544,-598417.119631563,1784013.6376114907,0
8415.563085944901,phase0-forces,D,nominal,Kerbin,3531599999999.9995,600000.0,17822.0,0.0,0.0,340.0,896904.4742671626,1654.9792414792096,0.0,-1316867.214861425,-2519.430584158228,711742.5067913926,-1488.18242856699,-2.758132628970315,724.059211484777,2966444.394854544,-598417.119631563,1784013.6376114907,0
8465.563085944901,phase0-forces,D,nominal,Kerbin,3531599999999.9995,600000.0,17822.0,0.0,0.0,340.0,977680.7847541124,1580.3069305291522,0.0,-1389603.0954806125,-2654.137774671839,747042.7371748715,-1422.3919956089992,-2.6323677930979494,688.5957276557276,2966444.394854544,-598417.119631563,1784013.6376114907,0
8517.563085944901,phase0-forces,D,nominal,Kerbin,3531599999999.9995,600000.0,17822.0,0.0,0.0,340.0,1057931.5958975996,1510.1876908248594,0.0,-1461933.0779588216,-2787.9008476393683,781972.5569700457,-1360.5415758083695,-2.514326528284003,655.428989424414,2966444.394854544,-598417.119631563,1784013.6376114907,0
8565.563085944901,phase0-forces,D,nominal,Kerbin,3531599999999.9995,600000.0,17822.0,0.0,0.0,340.0,1128919.913564465,1451.1181437730393,0.0,-1525969.9992937257,-2906.169476713465,812755.3032458399,-1308.3841244922294,-2.4149282854050753,627.5898486156302,2966444.394854544,-598417.119631563,1784013.6376114907,0
8619.563085944901,phase0-forces,D,nominal,Kerbin,3531599999999.9995,600000.0,17822.0,0.0,0.0,340.0,1205540.9188241009,1390.0994879334594,0.0,-1595145.8222374702,-3033.764139856623,845859.6879043636,-1254.4541154810272,-2.3122901787104793,598.9291375611219,2966444.394854544,-598417.119631563,1784013.6376114907,0
8677.563085944901,phase0-forces,D,nominal,Kerbin,3531599999999.9995,600000.0,17822.0,0.0,0.0,340.0,1284327.946088283,1329.9664758540832,0.0,-1666339.6878789905,-3164.9028861182196,879769.1949587446,-1201.2556396875448,-2.2111815349685617,570.780891140214,2966444.394854544,-598417.119631563,1784013.6376114907,0
8729.563085944901,phase0-forces,D,nominal,Kerbin,3531599999999.9995,600000.0,17822.0,0.0,0.0,340.0,1352113.795619805,1280.097813177389,0.0,-1727643.541700013,-3277.679212297724,908837.3455632089,-1157.099245014939,-2.1273614384472284,547.5100207491203,2966444.394854544,-598417.119631563,1784013.6376114907,0
8781.563085944901,phase0-forces,D,nominal,Kerbin,3531599999999.9995,600000.0,17822.0,0.0,0.0,340.0,1417395.7959799194,1233.517773517194,0.0,-1786727.8885063217,-3386.244620527552,936737.8413508034,-1115.8231503220638,-2.0490933575984664,525.8332397296433,2966444.394854544,-598417.119631563,1784013.6376114907,0
8835.563085944901,phase0-forces,D,nominal,Kerbin,3531599999999.9995,600000.0,17822.0,0.0,0.0,340.0,1482709.2904011023,1188.1795182604585,0.0,-1845885.4014327724,-3494.8174295084937,964558.3752949168,-1075.6180724338192,-1.97293444751658,504.78949810497875,2966444.394854544,-598417.119631563,1784013.6376114907,0
8887.563085944901,phase0-forces,D,nominal,Kerbin,3531599999999.9995,600000.0,17822.0,0.0,0.0,340.0,1543360.189339986,1147.0854857484446,0.0,-1900860.443285476,-3595.598503078745,990307.8047109838,-1039.1516180510093,-1.903924153351357,485.7627006981215,2966444.394854544,-598417.119631563,1784013.6376114907,0
8937.563085944901,phase0-forces,D,nominal,Kerbin,3531599999999.9995,600000.0,17822.0,0.0,0.0,340.0,1599718.5309264427,1109.6733691178974,0.0,-1951980.4219598782,-3689.210776056574,1014159.9663319252,-1005.931689330464,-1.8411127978671082,468.4794903022861,2966444.394854544,-598417.119631563,1784013.6376114907,0
8991.563085944901,phase0-forces,D,nominal,Kerbin,3531599999999.9995,600000.0,17822.0,0.0,0.0,340.0,1658540.7923635133,1071.329859586173,0.0,-2005372.9097728562,-3786.877799000071,1038976.2572242406,-971.8641426418117,-1.7767532590806898,450.8043915445832,2966444.394854544,-598417.119631563,1784013.6376114907,0
9043.563085944901,phase0-forces,D,nominal,Kerbin,3531599999999.9995,600000.0,17822.0,0.0,0.0,340.0,1713276.9726640256,1036.218892878833,0.0,-2055091.8818383222,-3877.72475906782,1061994.6669878135,-940.6503201539005,-1.7178332391971047,434.65344609511726,2966444.394854544,-598417.119631563,1784013.6376114907,0
9095.563085944901,phase0-forces,D,nominal,Kerbin,3531599999999.9995,600000.0,17822.0,0.0,0.0,340.0,1766230.3565529338,1002.7062024755738,0.0,-2103224.8752989476,-3965.579131569193,1084193.4782955036,-910.8409701164816,-1.6616074165336534,419.2680463629997,2966444.394854544,-598417.119631563,1784013.6376114907,0
9147.563085944901,phase0-forces,D,nominal,Kerbin,3531599999999.9995,600000.0,17822.0,0.0,0.0,340.0,1817479.855530974,970.6384667293996,0.0,-2149841.3498325367,-4050.5741221564276,1105610.5169984396,-882.301842939825,-1.6078168377143682,404.5737336565545,2966444.394854544,-598417.119631563,1784013.6376114907,0
9199.563085944901,phase0-forces,D,nominal,Kerbin,3531599999999.9995,600000.0,17822.0,0.0,0.0,340.0,1867096.953428241,939.88231346959,0.0,-2195004.2502221894,-4132.830373968409,1126280.0001929062,-854.9160842100996,-1.5562362885642316,390.5058645659917,2966444.394854544,-598417.119631563,1784013.6376114907,0
9251.563085944901,phase0-forces,D,nominal,Kerbin,3531599999999.9995,600000.0,17822.0,0.0,0.0,340.0,1915146.6532730833,910.3210365465518,0.0,-2238770.8338003918,-4212.457574095057,1146233.002664239,-828.5813799079443,-1.5066687338451397,377.0079792237319,2966444.394854544,-598417.119631563,1784013.6376114907,0
9303.563085944901,phase0-forces,D,nominal,Kerbin,3531599999999.9995,600000.0,17822.0,0.0,0.0,340.0,1961688.2714158287,881.8519547607157,0.0,-2281193.3649498085,-4289.555798258112,1165497.8469861879,-803.2076586325996,-1.4589408457919084,364.03049147130673,2966444.394854544,-598417.119631563,1784013.6376114907,0
9355.563085944901,phase0-forces,D,nominal,Kerbin,3531599999999.9995,600000.0,17822.0,0.0,0.0,340.0,2006776.1072732992,854.3842689322049,0.0,-2322319.7008682927,-4364.216643776224,1184100.4324055556,-778.7152260384147,-1.4128993767488627,351.52962812558224,2966444.394854544,-598417.119631563,1784013.6376114907,0
9407.563085944901,phase0-forces,D,nominal,Kerbin,3531599999999.9995,600000.0,17822.0,0.0,0.0,340.0,2050460.0145183373,827.8373091322352,0.0,-2362193.7916364083,-4436.524196590708,1202064.5143119423,-755.0332379999273,-1.3684081927700964,339.46656295674086,2966444.394854544,-598417.119631563,1784013.6376114907,0
9461.563085944901,phase0-forces,D,nominal,Kerbin,3531599999999.9995,600000.0,17822.0,0.0,0.0,340.0,2094387.2696291255,801.1667494698268,0.0,-2402319.433914686,-4509.204916919993,1220067.1142385302,-731.2304668565431,-1.3237166046154192,327.3658695880818,2966444.394854544,-598417.119631563,1784013.6376114907,0
9515.563085944901,phase0-forces,D,nominal,Kerbin,3531599999999.9995,600000.0,17822.0,0.0,0.0,340.0,2136897.3529827646,775.3394348232578,0.0,-2441180.0420464706,-4579.511129822062,1237427.2306507027,-708.1701316770855,-1.280444315353604,315.66543088349636,2966444.394854544,-598417.119631563,1784013.6376114907,0
9567.563085944901,phase0-forces,D,nominal,Kerbin,3531599999999.9995,600000.0,17822.0,0.0,0.0,340.0,2176534.3779912605,751.2053157734853,0.0,-2477441.7380412007,-4645.037985767649,1253556.544556655,-686.6124920753305,-1.2400143131058108,304.747722775658,2966444.394854544,-598417.119631563,1784013.6376114907,0
9619.563085944901,phase0-forces,D,nominal,Kerbin,3531599999999.9995,600000.0,17822.0,0.0,0.0,340.0,2214933.8839209713,727.7412425363269,0.0,-2512597.965254187,-4708.492154087351,1269126.4972210443,-665.6448483569732,-1.2007116519866026,294.147599404904,2966444.394854544,-598417.119631563,1784013.6376114907,0
9671.563085944901,phase0-forces,D,nominal,Kerbin,3531599999999.9995,600000.0,17822.0,0.0,0.0,340.0,2252129.3985034046,704.9001348771054,0.0,-2546678.307915232,-4769.930157388972,1284153.0086277486,-645.2257322453916,-1.1624569059788772,283.84256779437,2966444.394854544,-598417.119631563,1784013.6376114907,0
9723.563085944901,phase0-forces,D,nominal,Kerbin,3531599999999.9995,600000.0,17822.0,0.0,0.0,340.0,2288152.115469658,682.6392012253212,0.0,-2579710.293748897,-4829.404581274317,1298650.8842907818,-625.3174287253167,-1.125177881376497,273.81221002109885,2966444.394854544,-598417.119631563,1784013.6376114907,0
9775.563085944901,phase0-forces,D,nominal,Kerbin,3531599999999.9995,600000.0,17822.0,0.0,0.0,340.0,2323031.1026131227,660.919429925071,0.0,-2611719.5764937573,-4886.964425529764,1312633.9162849863,-605.8855308949003,-1.0888087560016564,264.03793439613634,2966444.394854544,-598417.119631563,1784013.6376114907,0
9829.563085944901,phase0-forces,D,nominal,Kerbin,3531599999999.9995,600000.0,17822.0,0.0,0.0,340.0,2358070.09174187,638.8988613384556,0.0,-2643903.174740199,-4944.760645832346,1326623.616403163,-586.1767751588043,-1.0519394143380554,254.14058453436405,2966444.394854544,-598417.119631563,1784013.6376114907,0
9939.504492194901,phase0-forces,D,nominal,Kerbin,3531599999999.9995,600000.0,17822.0,0.0,0.0,340.0,2425802.154855975,595.6021024116567,0.0,-2706200.9551058905,-5056.397615875529,1353487.9030704997,-547.4022059630971,-0.979456204884713,234.7162754677726,2966444.394854544,-598417.119631563,1784013.6376114907,0
11294.149023444901,phase0-forces,D,nominal,Kerbin,3531599999999.9995,600000.0,17822.0,0.0,0.0,340.0,2921412.327073821,161.87911763581096,0.0,-3169747.563301167,-5865.515317405985,1533952.6583124516,-156.2625891930082,-0.25215973892762245,42.270419452756116,2966444.394854544,-598417.119631563,1784013.6376114907,0
15097.391210944901,phase0-forces,D,nominal,Kerbin,3531599999999.9995,600000.0,17822.0,0.0,0.0,340.0,1217350.742566742,1380.9254865625635,0.0,-1670615.5112056788,-2988.169432606028,715401.0106718601,1245.402859858473,2.2978073700109776,-596.5916829588555,2966444.394854544,-598417.119631563,1784013.6376114907,0
15664.711523444901,phase0-forces,D,nominal,Kerbin,3531599999999.9995,600000.0,17822.0,0.0,0.0,340.0,167232.97329458094,2688.212812874103,0.0,-716572.4816879882,-1245.445640529917,274169.2226766484,2458.172382450374,4.436115053234404,-1088.0519226314445,2966444.394854544,-598417.119631563,1784013.6376114907,0
15683.711523444901,phase0-forces,D,nominal,Kerbin,3531599999999.9995,600000.0,17822.0,0.0,0.0,340.0,115094.82130418054,2810.2865011582603,0.0,-668807.5677893142,-1159.3193645136816,253092.2691478565,2572.4192173423016,4.634417212351791,-1131.5246842280808,2966444.394854544,-598417.119631563,1784013.6376114907,0
15692.711523444901,phase0-forces,D,nominal,Kerbin,3531599999999.9995,600000.0,17822.0,0.0,0.0,340.0,89552.03479548963,2874.6461663030677,0.0,-645387.7661430666,-1117.1452226298316,242807.3145315312,2632.7195361476706,4.738868792027068,-1154.2772494292221,2966444.394854544,-598417.119631563,1784013.6376114907,0
15699.67152344491,phase0-forces,D,nominal,Kerbin,3531599999999.9995,600000.0,17822.0,0.0,0.0,340.0,69448.80453000544,2927.6589247573957,0.3259810507297516,-626947.2907210655,-1083.9619858142187,234728.8256064486,2682.430142248192,4.824854347731331,-1172.9160381077997,2966441.8756956146,-598417.119623966,1784012.3780358243,0
15700.211523444921,phase0-forces,D,nominal,Kerbin,3531599999999.9995,600000.0,17822.0,0.0,0.0,339.99981689453125,67868.9826835281,2931.916446111128,0.0016332815866917372,-625497.6645822371,-1081.354633202313,234095.0240928993,2686.4231878440764,4.831755776531106,-1174.4109829726106,2966423.4379848912,-598417.1144985823,1784003.1617431545,0
15700.711523444932,phase0-forces,D,nominal,Kerbin,3531599999999.9995,600000.0,17822.0,0.0,0.0,339.99951171875,66404.1373973419,2935.873912896067,0.0022162077948451042,-624153.4917298022,-1078.937089716726,233507.44955257289,2690.13471153751,4.838164569233651,-1175.8007732470066,2966377.864549019,-598417.0954191327,1783980.3845649431,0
15701.231523444943,phase0-forces,D,nominal,Kerbin,3531599999999.9995,600000.0,17822.0,0.0,0.0,339.9990234375,64878.60224026709,2940.004693480647,0.0029658323619514704,-622753.5796868813,-1076.4194412423449,232895.63333247157,2694.0085165668684,4.844844377402558,-1177.2519857007549,2966293.256257906,-598417.0532823069,1783938.1014877995,0
15701.751523444955,phase0-forces,D,nominal,Kerbin,3531599999999.9995,600000.0,17822.0,0.0,0.0,339.99847412109375,63350.92209339421,2944.1510711229043,0.003697438631206751,-621351.6494353414,-1073.8983156944719,232283.06078692983,2697.8965748739724,4.851537211836746,-1178.7094906990928,2966172.00870509,-598416.9830440852,1783877.5128305024,0
15702.271523444966,phase0-forces,D,nominal,Kerbin,3531599999999.9995,600000.0,17822.0,0.0,0.0,339.99786376953125,61821.08884308115,2948.3133661285665,0.004420916549861431,-619947.6934915547,-1071.3737066272547,231669.72855840172,2701.799109793789,4.858241857679913,-1180.1735773588143,2966015.7383648315,-598416.8808838561,1783799.4287404877,0
15702.771523444977,phase0-forces,D,nominal,Kerbin,3531599999999.9995,600000.0,17822.0,0.0,0.0,339.9971008300781,60348.057313695084,2952.3301081774953,0.005287552252411842,-618595.8186081753,-1068.942907681982,231079.26639902755,2705.5646483866244,4.864696722286945,-1181.587633558215,2965825.716041268,-598416.7473777195,1783704.484331774,0
15703.311523444989,phase0-forces,D,nominal,Kerbin,3531599999999.9995,600000.0,17822.0,0.0,0.0,339.99603271484375,58754.9313381674,2956.6823019504095,0.0066773174330592155,-617133.6755367154,-1066.3140192592987,230440.77125220303,2709.643823530913,4.871668350605553,-1183.1216552472656,2965554.6315222625,-598416.5517196765,1783569.0399012929,0
15703.811523445,phase0-forces,D,nominal,Kerbin,3531599999999.9995,600000.0,17822.0,0.0,0.0,339.99468994140625,57277.723401888274,2960.7237692631998,0.008304358460009098,-615777.8726221343,-1063.876508396721,229848.8317048898,2713.430702744876,4.878115451548116,-1184.54854829643,2965225.81229297,-598416.308778025,1783404.7517574723,0
15704.331523445011,phase0-forces,D,nominal,Kerbin,3531599999999.9995,600000.0,17822.0,0.0,0.0,339.99285888671875,55739.288316896535,2964.9376715389194,0.010286745615303516,-614365.8266562854,-1061.3380816107228,229232.45590615092,2717.377774125771,4.884803936544225,-1186.0394460086063,2964790.6377896126,-598415.9785589076,1783187.3296153524,0
15704.871523445023,phase0-forces,D,nominal,Kerbin,3531599999999.9995,600000.0,17822.0,0.0,0.0,339.9903869628906,54139.36899290711,2969.3237658963953,0.012753560207784176,-612897.2966278598,-1058.6983491546378,228591.550610484,2721.484248799261,4.891720932275625,-1187.5955461860713,2964219.873763563,-598415.5327064627,1782902.1705285502,0
15705.391523445034,phase0-forces,D,nominal,Kerbin,3531599999999.9995,600000.0,17822.0,0.0,0.0,339.98724365234375,52596.47364758153,2973.554921451213,0.015697935596108437,-611481.0593658998,-1056.15286523861,227973.58617862003,2725.443310186697,4.898339022069073,-1189.1020309965556,2963529.774190947,-598414.9783168834,1782557.3979370317,0
15705.911523445046,phase0-forces,D,nominal,Kerbin,3531599999999.9995,600000.0,17822.0,0.0,0.0,339.983154296875,51051.385329281795,2977.790305989329,0.019408520311117172,-610062.7629556337,-1053.6039555692548,227354.83613246502,2729.4033375741765,4.904895668858001,-1190.6168440272663,2962666.125902259,-598414.2684739451,1782125.9287141568,0
15706.431523445057,phase0-forces,D,nominal,Kerbin,3531599999999.9995,600000.0,17822.0,0.0,0.0,339.97784423828125,49504.10328118445,2982.0255784994742,0.0241433996707201,-608642.4081480402,-1051.0516583635767,226735.29604642815,2733.3594598477025,4.91136693277273,-1192.140299025686,2961580.2860939954,-598413.3648271122,1781583.4606334416,0
15706.971523445069,phase0-forces,D,nominal,Kerbin,3531599999999.9995,600000.0,17822.0,0.0,0.0,339.9708557128906,47894.99060587573,2986.4174210126203,0.030440742149949074,-607165.2496148978,-1048.3976661215672,226091.08645543814,2737.456830599942,4.917966570635468,-1193.7315136722332,2960148.677374083,-598412.1756752676,1780868.2508494076,0
15707.49152344508,phase0-forces,D,nominal,Kerbin,3531599999999.9995,600000.0,17822.0,0.0,0.0,339.96185302734375,46283.520371615654,2990.7954701765284,0.038320329040288925,-605684.5688069729,-1045.740152635297,225449.54699571454,2741.528099589853,4.924407977196472,-1195.3480555025653,2958326.205901263,-598410.6776223272,1779957.7641394679,0
15707.49152344508,phase0-forces,D,nominal,Kerbin,3531599999999.9995,600000.0,17822.0,0.0,0.0,339.96185302734375,46283.520371615654,2990.7954701765284,0.038320329040288925,-605684.5688069729,-1045.740152635297,225449.54699571454,2741.528099589853,4.924407977196472,-1195.3480555025653,2958326.205901263,-598410.6776223272,1779957.7641394679,0
15707.49152344508,phase0-forces,D,nominal,Kerbin,3531599999999.9995,600000.0,17822.0,0.0,0.0,339.96185302734375,46283.520371615654,2990.7954701765284,0.038320329040288925,-605684.5688069729,-1045.740152635297,225449.54699571454,2741.528099589853,4.924407977196472,-1195.3480555025653,2958326.205901263,-598410.6776223272,1779957.7641394679,0
15707.49152344508,phase0-forces,D,nominal,Kerbin,3531599999999.9995,600000.0,17822.0,0.0,0.0,339.96185302734375,46283.520371615654,2990.7954701765284,0.038320329040288925,-605684.5688069729,-1045.740152635297,225449.54699571454,2741.528099589853,4.924407977196472,-1195.3480555025653,2958326.205901263,-598410.6776223272,1779957.7641394679,0
15707.49152344508,phase0-forces,D,nominal,Kerbin,3531599999999.9995,600000.0,17822.0,0.0,0.0,339.96185302734375,46283.520371615654,2990.7954701765284,0.038320329040288925,-605684.5688069729,-1045.740152635297,225449.54699571454,2741.528099589853,4.924407977196472,-1195.3480555025653,2958326.205901263,-598410.6776223272,1779957.7641394679,0
15707.49152344508,phase0-forces,D,nominal,Kerbin,3531599999999.9995,600000.0,17822.0,0.0,0.0,339.96185302734375,46283.520371615654,2990.7954701765284,0.038320329040288925,-605684.5688069729,-1045.740152635297,225449.54699571454,2741.528099589853,4.924407977196472,-1195.3480555025653,2958326.205901263,-598410.6776223272,1779957.7641394679,0
15707.49152344508,phase0-forces,D,nominal,Kerbin,3531599999999.9995,600000.0,17822.0,0.0,0.0,339.96185302734375,46283.520371615654,2990.7954701765284,0.038320329040288925,-605684.5688069729,-1045.740152635297,225449.54699571454,2741.528099589853,4.924407977196472,-1195.3480555025653,2958326.205901263,-598410.6776223272,1779957.7641394679,0
15707.49152344508,phase0-forces,D,nominal,Kerbin,3531599999999.9995,600000.0,17822.0,0.0,0.0,339.96185302734375,46283.520371615654,2990.7954701765284,0.038320329040288925,-605684.5688069729,-1045.740152635297,225449.54699571454,2741.528099589853,4.924407977196472,-1195.3480555025653,2958326.205901263,-598410.6776223272,1779957.7641394679,0
15707.49152344508,phase0-forces,D,nominal,Kerbin,3531599999999.9995,600000.0,17822.0,0.0,0.0,339.96185302734375,46283.520371615654,2990.7954701765284,0.038320329040288925,-605684.5688069729,-1045.740152635297,225449.54699571454,2741.528099589853,4.924407977196472,-1195.3480555025653,2958326.205901263,-598410.6776223272,1779957.7641394679,0
15707.49152344508,phase0-forces,D,nominal,Kerbin,3531599999999.9995,600000.0,17822.0,0.0,0.0,339.96185302734375,46283.520371615654,2990.7954701765284,0.038320329040288925,-605684.5688069729,-1045.740152635297,225449.54699571454,2741.528099589853,4.924407977196472,-1195.3480555025653,2958326.205901263,-598410.6776223272,1779957.7641394679,0
15707.49152344508,phase0-forces,D,nominal,Kerbin,3531599999999.9995,600000.0,17822.0,0.0,0.0,339.96185302734375,46283.520371615654,2990.7954701765284,0.038320329040288925,-605684.5688069729,-1045.740152635297,225449.54699571454,2741.528099589853,4.924407977196472,-1195.3480555025653,2958326.205901263,-598410.6776223272,1779957.7641394679,0
15707.49152344508,phase0-forces,D,nominal,Kerbin,3531599999999.9995,600000.0,17822.0,0.0,0.0,339.96185302734375,46283.520371615654,2990.7954701765284,0.038320329040288925,-605684.5688069729,-1045.740152635297,225449.54699571454,2741.528099589853,4.924407977196472,-1195.3480555025653,2958326.205901263,-598410.6776223272,1779957.7641394679,0
15707.49152344508,phase0-forces,D,nominal,Kerbin,3531599999999.9995,600000.0,17822.0,0.0,0.0,339.96185302734375,46283.520371615654,2990.7954701765284,0.038320329040288925,-605684.5688069729,-1045.740152635297,225449.54699571454,2741.528099589853,4.924407977196472,-1195.3480555025653,2958326.205901263,-598410.6776223272,1779957.7641394679,0
15707.49152344508,phase0-forces,D,nominal,Kerbin,3531599999999.9995,600000.0,17822.0,0.0,0.0,339.96185302734375,46283.520371615654,2990.7954701765284,0.038320329040288925,-605684.5688069729,-1045.740152635297,225449.54699571454,2741.528099589853,4.924407977196472,-1195.3480555025653,2958326.205901263,-598410.6776223272,1779957.7641394679,0
15707.49152344508,phase0-forces,D,nominal,Kerbin,3531599999999.9995,600000.0,17822.0,0.0,0.0,339.96185302734375,46283.520371615654,2990.7954701765284,0.038320329040288925,-605684.5688069729,-1045.740152635297,225449.54699571454,2741.528099589853,4.924407977196472,-1195.3480555025653,2958326.205901263,-598410.6776223272,1779957.7641394679,0
15707.49152344508,phase0-forces,D,nominal,Kerbin,3531599999999.9995,600000.0,17822.0,0.0,0.0,339.96185302734375,46283.520371615654,2990.7954701765284,0.038320329040288925,-605684.5688069729,-1045.740152635297,225449.54699571454,2741.528099589853,4.924407977196472,-1195.3480555025653,2958326.205901263,-598410.6776223272,1779957.7641394679,0
15707.49152344508,phase0-forces,D,nominal,Kerbin,3531599999999.9995,600000.0,17822.0,0.0,0.0,339.96185302734375,46283.520371615654,2990.7954701765284,0.038320329040288925,-605684.5688069729,-1045.740152635297,225449.54699571454,2741.528099589853,4.924407977196472,-1195.3480555025653,2958326.205901263,-598410.6776223272,1779957.7641394679,0
15707.49152344508,phase0-forces,D,nominal,Kerbin,3531599999999.9995,600000.0,17822.0,0.0,0.0,339.96185302734375,46283.520371615654,2990.7954701765284,0.038320329040288925,-605684.5688069729,-1045.740152635297,225449.54699571454,2741.528099589853,4.924407977196472,-1195.3480555025653,2958326.205901263,-598410.6776223272,1779957.7641394679,0
15707.49152344508,phase0-forces,D,nominal,Kerbin,3531599999999.9995,600000.0,17822.0,0.0,0.0,339.96185302734375,46283.520371615654,2990.7954701765284,0.038320329040288925,-605684.5688069729,-1045.740152635297,225449.54699571454,2741.528099589853,4.924407977196472,-1195.3480555025653,2958326.205901263,-598410.6776223272,1779957.7641394679,0
15707.49152344508,phase0-forces,D,nominal,Kerbin,3531599999999.9995,600000.0,17822.0,0.0,0.0,339.96185302734375,46283.520371615654,2990.7954701765284,0.038320329040288925,-605684.5688069729,-1045.740152635297,225449.54699571454,2741.528099589853,4.924407977196472,-1195.3480555025653,2958326.205901263,-598410.6776223272,1779957.7641394679,0
15707.49152344508,phase0-forces,D,nominal,Kerbin,3531599999999.9995,600000.0,17822.0,0.0,0.0,339.96185302734375,46283.520371615654,2990.7954701765284,0.038320329040288925,-605684.5688069729,-1045.740152635297,225449.54699571454,2741.528099589853,4.924407977196472,-1195.3480555025653,2958326.205901263,-598410.6776223272,1779957.7641394679,0
15707.49152344508,phase0-forces,D,nominal,Kerbin,3531599999999.9995,600000.0,17822.0,0.0,0.0,339.96185302734375,46283.520371615654,2990.7954701765284,0.038320329040288925,-605684.5688069729,-1045.740152635297,225449.54699571454,2741.528099589853,4.924407977196472,-1195.3480555025653,2958326.205901263,-598410.6776223272,1779957.7641394679,0
15707.49152344508,phase0-forces,D,nominal,Kerbin,3531599999999.9995,600000.0,17822.0,0.0,0.0,339.96185302734375,46283.520371615654,2990.7954701765284,0.038320329040288925,-605684.5688069729,-1045.740152635297,225449.54699571454,2741.528099589853,4.924407977196472,-1195.3480555025653,2958326.205901263,-598410.6776223272,1779957.7641394679,0
15707.49152344508,phase0-forces,D,nominal,Kerbin,3531599999999.9995,600000.0,17822.0,0.0,0.0,339.96185302734375,46283.520371615654,2990.7954701765284,0.038320329040288925,-605684.5688069729,-1045.740152635297,225449.54699571454,2741.528099589853,4.924407977196472,-1195.3480555025653,2958326.205901263,-598410.6776223272,1779957.7641394679,0
15707.49152344508,phase0-forces,D,nominal,Kerbin,3531599999999.9995,600000.0,17822.0,0.0,0.0,339.96185302734375,46283.520371615654,2990.7954701765284,0.038320329040288925,-605684.5688069729,-1045.740152635297,225449.54699571454,2741.528099589853,4.924407977196472,-1195.3480555025653,2958326.205901263,-598410.6776223272,1779957.7641394679,0
15707.49152344508,phase0-forces,D,nominal,Kerbin,3531599999999.9995,600000.0,17822.0,0.0,0.0,339.96185302734375,46283.520371615654,2990.7954701765284,0.038320329040288925,-605684.5688069729,-1045.740152635297,225449.54699571454,2741.528099589853,4.924407977196472,-1195.3480555025653,2958326.205901263,-598410.6776223272,1779957.7641394679,0
15707.49152344508,phase0-forces,D,nominal,Kerbin,3531599999999.9995,600000.0,17822.0,0.0,0.0,339.96185302734375,46283.520371615654,2990.7954701765284,0.038320329040288925,-605684.5688069729,-1045.740152635297,225449.54699571454,2741.528099589853,4.924407977196472,-1195.3480555025653,2958326.205901263,-598410.6776223272,1779957.7641394679,0
15707.49152344508,phase0-forces,D,nominal,Kerbin,3531599999999.9995,600000.0,17822.0,0.0,0.0,339.96185302734375,46283.520371615654,2990.7954701765284,0.038320329040288925,-605684.5688069729,-1045.740152635297,225449.54699571454,2741.528099589853,4.924407977196472,-1195.3480555025653,2958326.205901263,-598410.6776223272,1779957.7641394679,0
15707.49152344508,phase0-forces,D,nominal,Kerbin,3531599999999.9995,600000.0,17822.0,0.0,0.0,339.96185302734375,46283.520371615654,2990.7954701765284,0.038320329040288925,-605684.5688069729,-1045.740152635297,225449.54699571454,2741.528099589853,4.924407977196472,-1195.3480555025653,2958326.205901263,-598410.6776223272,1779957.7641394679,0
