ut,mission,design,trajectory,body,body_mu,body_radius,mass,thrust,available_thrust,isp,altitude,speed,g_force,pos_x,pos_y,pos_z,vel_x,vel_y,vel_z,apoapsis_altitude,periapsis_altitude,semi_major_axis,stage
7864.963593751396,phase0-forces,E,nominal,Kerbin,3531599999999.9995,600000.0,87876.0,0.0,0.0,0.0,79.83926454780158,174.9655732499361,0.9948606491088867,-502308.8522458277,-1019.9880761914301,328299.5432084417,-95.72089613008724,-4.142517614128557e-05,-146.4597619372983,79.83926465106197,-598435.221839742,300822.3087124545,1
7865.483593751407,phase0-forces,E,nominal,Kerbin,3531599999999.9995,600000.0,87876.0,0.0,0.0,0.0,79.83926218131091,174.965588294089,0.9948230981826782,-502362.45020020474,-1019.9880758338022,328217.5219912813,-95.69863933449417,-8.515875812277276e-05,-146.47432374520733,79.83926217979752,-598435.2215699633,300822.30884610827,1
7866.0035937514185,phase0-forces,E,nominal,Kerbin,3531599999999.9995,600000.0,87876.0,0.0,0.0,0.0,79.83926506759599,174.96555570928962,0.9948934316635132,-502412.2077413079,-1019.9880746417093,328141.35159900493,-95.67656704298624,6.0631082174392626e-05,-146.4887033307545,79.83926518249791,-598435.2221543024,300822.30855544005,1
7866.54359375143,phase0-forces,E,nominal,Kerbin,3531599999999.9995,600000.0,87876.0,0.0,0.0,0.0,79.83926611021161,174.96553726558992,0.9949033260345459,-502463.86680793314,-1019.9880741648722,328062.2435916527,-95.6535212241474,8.554654712441531e-05,-146.50373069669865,79.83926598669495,-598435.2224850558,300822.30839046545,1
7867.063593751442,phase0-forces,E,nominal,Kerbin,3531599999999.9995,600000.0,87876.0,0.0,0.0,0.0,79.83926454803441,174.96555512465306,0.9948471784591675,-502513.60080135317,-1019.9880758338022,327986.05782220257,-95.63121517659775,-1.914448678733688e-05,-146.51831340799995,79.83926437236369,-598435.2221647904,300822.308549791,1
7867.603593751453,phase0-forces,E,nominal,Kerbin,3531599999999.9995,600000.0,87876.0,0.0,0.0,0.0,79.83926122216508,174.96508131959615,0.9948513507843018,-502565.2353824271,-1019.9881034903574,327906.9338959586,-95.60777753130131,-0.0003734570973793079,-146.53304254180566,79.83926110365428,-598435.2306617021,300822.3042997008,1
7868.123593751465,phase0-forces,E,nominal,Kerbin,3531599999999.9995,600000.0,87876.0,0.0,0.0,0.0,79.83926180272829,174.9653447453836,0.994875431060791,-502614.94583382196,-1019.9881676249552,327830.73275254853,-95.58573041936324,-0.00013429115506318818,-146.5477396688523,79.83926162857097,-598435.225937605,300822.3066620118,1
7868.643593751476,phase0-forces,E,nominal,Kerbin,3531599999999.9995,600000.0,87876.0,0.0,0.0,0.0,79.83926175301895,174.96547084861797,0.9948709011077881,-502664.6447268935,-1019.9882225804377,327754.5240786511,-95.56358957514044,-0.00010454861987585823,-146.56232918721562,79.83926171436906,-598435.2236761545,300822.30779277993,1
7869.1635937514875,phase0-forces,E,nominal,Kerbin,3531599999999.9995,600000.0,87876.0,0.0,0.0,0.0,79.83926184556913,174.96549886651874,0.994866669178009,-502714.33206675714,-1019.9882805161524,327678.30786779936,-95.54137282018505,-9.730183534825663e-05,-146.57684630675718,79.83926162973512,-598435.2231737007,300822.3080439645,1
7869.703593751499,phase0-forces,E,nominal,Kerbin,3531599999999.9995,600000.0,87876.0,0.0,0.0,0.0,79.83926163846627,174.96550298840174,0.9948850870132446,-502765.9182269077,-1019.9883398823786,327599.1522905923,-95.51831767368466,-9.532453637264564e-05,-146.59187639417263,79.83926159248222,-598435.2230997817,300822.3080809054,1
7870.223593751511,phase0-forces,E,nominal,Kerbin,3531599999999.9995,600000.0,87876.0,0.0,0.0,0.0,79.83926243218593,174.96557058553827,0.9948810935020447,-502815.58200568566,-1019.9883932881403,327522.9207325613,-95.49615332613371,-0.00011906506734920966,-146.60639682571957,79.8392622541869,-598435.2218875361,300822.30868735904,1
7870.743593751522,phase0-forces,E,nominal,Kerbin,3531599999999.9995,600000.0,87866.4140625,1387247.75,1387247.75,295.2587890625,79.8416055275593,174.96539046812944,1.025614857673645,-502865.23618897994,-1019.9884573035288,327446.68292328663,-95.57483040759087,-0.00032757407610731144,-146.55490320735757,79.84235047164839,-598435.2258502343,300822.3082501187,0
7871.263593751533,phase0-forces,E,nominal,Kerbin,3531599999999.9995,600000.0,87617.2734375,1387260.25,1387261.375,295.261474609375,80.75166911107954,174.9891828964093,1.6128382682800293,-502915.6384969812,-1019.9900120310831,327370.9344143345,-98.18773749314391,-0.0054900107017502794,-144.84606417362616,81.29938702960499,-598435.3413627894,300822.9790121201,0
7871.803593751545,phase0-forces,E,nominal,Kerbin,3531599999999.9995,600000.0,87358.5625,1387301.25,1387303.375,295.2701721191406,83.43649491225369,175.0741274726202,1.6175771951675415,-502969.4232158648,-1019.9945000224161,327293.2166676597,-100.92202765037749,-0.01095517039258027,-143.05835985785646,85.64432098611724,-598435.4635075202,300825.090406733,0
7872.3235937515565,phase0-forces,E,nominal,Kerbin,3531599999999.9995,600000.0,87109.4296875,1387367.75,1387370.875,295.2843322753906,87.70972704119049,175.21525308095354,1.6221410036087036,-503022.6169126958,-1020.0016269497919,327219.29319101904,-103.57524489087322,-0.016265645438787397,-141.32428416039127,92.59139996988233,-598435.5814732475,300828.5049633612,0
7872.863593751568,phase0-forces,E,nominal,Kerbin,3531599999999.9995,600000.0,86850.7109375,1387465.0,1387469.125,295.3050231933594,93.91325852798764,175.4246914804545,1.626879096031189,-503079.3226118563,-1020.0119516663599,327143.4845231493,-106.351531026722,-0.02177826965200628,-139.51047901498941,102.71325481520034,-598435.7035144957,300833.5048701597,0
7873.363593751579,phase0-forces,E,nominal,Kerbin,3531599999999.9995,600000.0,86611.1640625,1387580.75,1387585.875,295.32965087890625,101.27323500008788,175.67678514987594,1.631264090538025,-503133.1697036529,-1020.0241623930979,327074.16778604145,-108.94128611552891,-0.02687242700538773,-137.81918697323243,114.760869372054,-598435.8160292669,300839.47242005257,0
7873.8835937515905,phase0-forces,E,nominal,Kerbin,3531599999999.9995,600000.0,86362.0234375,1387727.375,1387733.5,295.3608703613281,110.58782226906624,175.99926857440187,1.6358214616775513,-503190.5494714614,-1020.0395657830286,327002.9786688222,-111.65413206824095,-0.03218424378346204,-136.0481396233947,130.05445927765686,-598435.9330478843,300847.0607056967,0
7874.403593751602,phase0-forces,E,nominal,Kerbin,3531599999999.9995,600000.0,86112.890625,1387900.875,1387908.125,295.3977966308594,121.6071878822986,176.38415957934734,1.6403740644454956,-503249.34527433605,-1020.0577444844293,326932.71383713966,-114.38685626828222,-0.03755069562025497,-134.26472900027494,148.2018175900448,-598436.0505775772,300856.0756200064,0
7874.923593751613,phase0-forces,E,nominal,Kerbin,3531599999999.9995,600000.0,85863.7578125,1388101.375,1388109.5,295.4404602050781,134.34349982987624,176.83232924321382,1.6449230909347534,-503309.56744418177,-1020.0787335448313,326863.3797269126,-117.1394548934063,-0.042993788993423425,-132.46893569584574,169.23914086492732,-598436.1690745582,300866.53503315337,0
7875.443593751625,phase0-forces,E,nominal,Kerbin,3531599999999.9995,600000.0,85614.625,1388328.5,1388337.75,295.4888000488281,148.80892450734973,177.34461942863206,1.649465560913086,-503371.2263148928,-1020.1025732569742,326794.9827682272,-119.91193694106948,-0.0485081027815469,-130.66077860739725,193.20283220533747,-598436.2882938448,300878.4572691803,0
7875.963593751636,phase0-forces,E,nominal,Kerbin,3531599999999.9995,600000.0,85365.484375,1388582.5,1388592.875,295.5428771972656,165.01563519099727,177.92181620180205,1.6540014743804932,-503434.33223230194,-1020.129294019227,326727.5293856163,-122.70431777633885,-0.05406754131561621,-128.8402893364186,220.12951169069856,-598436.4077372007,300891.860887245,0
7876.483593751647,phase0-forces,E,nominal,Kerbin,3531599999999.9995,600000.0,85116.3515625,1388863.25,1388874.625,295.6026306152344,182.97580078535248,178.5646441457991,1.6585283279418945,-503498.8955517258,-1020.1589134745645,326661.02598116844,-125.51661144173866,-0.05964922096613184,-127.00751486849074,250.05601596145425,-598436.5266877227,300906.7646641194,0
7877.023593751659,phase0-forces,E,nominal,Kerbin,3531599999999.9995,600000.0,84857.640625,1389182.875,1389195.375,295.670654296875,203.495678189327,179.30228683612293,1.6632208824157715,-503567.4957202595,-1020.1927436404276,326592.9770909204,-128.4581230573594,-0.06544692429666538,-125.0912323144341,284.3483399023535,-598436.650263864,300923.8490380192,0
7877.54359375167,phase0-forces,E,nominal,Kerbin,3531599999999.9995,600000.0,84608.5,1389517.875,1389531.125,295.741943359375,225.067835731199,180.08067290274994,1.6677303314208984,-503635.061943178,-1020.2282840570874,326528.42996307043,-131.31096372820173,-0.07104987406443461,-123.23341474532587,320.50478770956397,-598436.7690398066,300941.8678739515,0
7878.063593751682,phase0-forces,E,nominal,Kerbin,3531599999999.9995,600000.0,84359.3671875,1389879.0,1389893.375,295.8188171386719,248.430357803707,180.92627599058957,1.6722300052642822,-503704.1169869438,-1020.2667554559933,326464.8522171384,-134.1836654718355,-0.07672265257081813,-121.36331973870904,359.77419881068636,-598436.8880959101,300961.4430514503,0
7878.603593751694,phase0-forces,E,nominal,Kerbin,3531599999999.9995,600000.0,84100.6484375,1390281.625,1390297.125,295.9045104980469,274.59942714695353,181.87594766368153,1.676892638206482,-503777.4148808571,-1020.3098483790798,326399.86204224394,-137.18786052858772,-0.08268259098721176,-119.4083097013777,403.88921816961374,-598437.012228568,300983.4384948008,0
7879.1035937517045,phase0-forces,E,nominal,Kerbin,3531599999999.9995,600000.0,83861.09375,1390679.375,1390695.875,295.9891662597656,300.5750224061776,182.8205707686634,1.681199073791504,-503846.73483514425,-1020.3526317272114,326340.6303982117,-139.98858885625663,-0.08824563793361903,-117.58634401545609,447.8027363908477,-598437.1274695842,301005.3376334033,0
7879.623593751716,phase0-forces,E,nominal,Kerbin,3531599999999.9995,600000.0,83611.9609375,1391118.25,1391135.625,296.08258056640625,329.38138913630974,183.86982780048325,1.6856662034988403,-503920.31826329144,-1020.4000843132314,326279.9990562616,-142.92078724425994,-0.09405641199258113,-115.679528449297,496.63769903581124,-598437.2472853964,301029.6952068197,0
7880.143593751727,phase0-forces,E,nominal,Kerbin,3531599999999.9995,600000.0,83362.828125,1391582.375,1391600.75,296.1813659667969,360.0265715054702,184.98741946448212,1.6901220083236694,-503995.4317695319,-1020.450563529025,326220.3625481237,-145.8728001803577,-0.09988587989946812,-113.76054478807971,548.737355616875,-598437.3666933076,301055.6853311546,0
7880.6635937517385,phase0-forces,E,nominal,Kerbin,3531599999999.9995,600000.0,83113.6953125,1392071.625,1392091.0,296.2855224609375,392.52264639444184,186.1734379979436,1.6945663690567017,-504072.0856537102,-1020.5040806247041,326161.7271934911,-148.84461183911282,-0.1057420661057006,-111.8294208205222,604.1401265689638,-598437.4855546498,301083.32728595956,0
7881.163593751749,phase0-forces,E,nominal,Kerbin,3531599999999.9995,600000.0,82874.1484375,1392565.375,1392585.625,296.3905944824219,425.52557930361945,187.3783736087322,1.6988286972045898,-504147.25353800884,-1020.5584208380103,326106.29705323884,-151.72076970422918,-0.11141239492919276,-109.96113187798744,660.5629729216453,-598437.5995347595,301111.48171908106,0
7881.703593751761,phase0-forces,E,nominal,Kerbin,3531599999999.9995,600000.0,82615.4296875,1393124.0,1393145.25,296.5094909667969,463.1157027297886,188.7507015188446,1.7034193277359009,-504230.05569328374,-1020.620307791003,326047.4851753423,-154.84752597225736,-0.1175923829801442,-107.93079818179109,725.009715915774,-598437.7224685267,301143.64362369454,0
7882.243593751773,phase0-forces,E,nominal,Kerbin,3531599999999.9995,600000.0,82356.7109375,1393708.5,1393730.625,296.6338806152344,502.7408064340707,190.19662638045844,1.7079977989196777,-504314.55223701126,-1020.6855485688607,325989.77333504334,-157.9955557125205,-0.12383045350292744,-105.88742006309488,793.1441890792921,-598437.8452536429,301177.6494677182,0
7882.783593751785,phase0-forces,E,nominal,Kerbin,3531599999999.9995,600000.0,82097.9921875,1394318.375,1394341.375,296.763671875,544.414349082741,191.71595384676203,1.712564468383789,-504400.75465267827,-1020.7541711924335,325933.1685677501,-161.1648463881292,-0.13011316969926526,-103.83102772595277,865.0104047096102,-598437.9676966949,301213.52135400736,0
7883.303593751796,phase0-forces,E,nominal,Kerbin,3531599999999.9995,600000.0,81848.859375,1394929.375,1394953.25,296.8937072753906,586.4930183292599,193.2481443954592,1.7169508934020996,-504485.3873715391,-1020.8234671232539,325879.71315209666,-164.2368413766999,-0.13619326531999418,-101.83853248298232,937.7832095277263,-598438.0849777574,301249.84911588515,0
7883.803593751807,phase0-forces,E,nominal,Kerbin,3531599999999.9995,600000.0,81609.3046875,1395538.0,1395562.75,297.02325439453125,628.7675296483794,194.78509497791438,1.7211576700210571,-504568.2763222555,-1020.893085417149,325829.2937884507,-167.20925676558733,-0.14206258733202512,-99.91134818265787,1011.0961505158339,-598438.1970019547,301286.4495742806,0
7884.38359375182,phase0-forces,E,nominal,Kerbin,3531599999999.9995,600000.0,81331.4296875,1396269.75,1396295.375,297.17901611328125,680.0485244372394,196.64577055527838,1.726027011871338,-504666.2959448513,-1020.9775297647612,325772.01849991316,-170.6800648674121,-0.1489103258488508,-97.66192891731167,1100.2879758436466,-598438.3259114659,301330.98103218887,0
7884.883593751831,phase0-forces,E,nominal,Kerbin,3531599999999.9995,600000.0,81091.875,1396922.25,1396948.875,297.3179016113281,726.2016291987384,198.31647504834496,1.7302157878875732,-504752.41669430677,-1021.053526310569,325723.69366504194,-173.69179339952495,-0.15485845501194373,-95.7108207054797,1180.7948449857067,-598438.4360980584,301371.1793734637,0
7885.423593751842,phase0-forces,E,nominal,Kerbin,3531599999999.9995,600000.0,80833.15625,1397649.0,1397676.25,297.4725646972656,778.0830565189244,200.1896962658274,1.734732985496521,-504847.1240605063,-1021.1389571775562,325672.6019856927,-176.96490153710204,-0.16133427934204142,-93.5911966277722,1271.5482867062092,-598438.5541575704,301416.4970645679,0
7885.943593751854,phase0-forces,E,nominal,Kerbin,3531599999999.9995,600000.0,80584.0234375,1398369.625,1398397.75,297.6259460449219,830.0535266529769,202.06065611692867,1.7390899658203125,-504939.99971810565,-1021.2245417910663,325624.4877246723,-180.1368969729326,-0.16761585856664277,-91.5378555805779,1362.7184878047556,-598438.6669214679,301462.02578316844,0
7886.483593751866,phase0-forces,E,nominal,Kerbin,3531599999999.9995,600000.0,80325.3046875,1399139.25,1399168.25,297.7897644042969,886.1238418347202,204.07281414691408,1.7436453104019165,-505038.1991318652,-1021.3168867428755,325575.65657635406,-183.4519473783883,-0.1741794161515593,-89.39276334496532,1461.3656458515907,-598438.7828448525,301511.2914004995,0
7887.023593751877,phase0-forces,E,nominal,Kerbin,3531599999999.9995,600000.0,80066.59375,1399929.875,1399959.625,297.9580383300781,944.3482129028998,206.15503387172674,1.7482354640960693,-505138.1947071691,-1021.4127864535982,325527.9874495163,-186.78864478814876,-0.18077974609670344,-87.23455443540126,1564.1071975152008,-598438.89730873,301562.6049443926,0
7887.563593751889,phase0-forces,E,nominal,Kerbin,3531599999999.9995,600000.0,79807.875,1400740.875,1400771.5,298.1306457519531,1004.7403644319857,208.3068169845161,1.7528666257858276,-505239.99819392234,-1021.5122603416264,325481.4874585428,-190.1472113846728,-0.18741675499851415,-85.06311115761753,1670.9940325156786,-598439.0100695121,301615.9919815018,0
7888.103593751901,phase0-forces,E,nominal,Kerbin,3531599999999.9995,600000.0,79549.15625,1401571.625,1401602.75,298.3074645996094,1067.314162116265,210.52765246656463,1.7575422525405884,-505343.6214658319,-1021.6153300635668,325436.1637863496,-193.52788405636096,-0.1940972631146455,-82.8783015752783,1782.0782230810728,-598439.1209574871,301671.47863279696,0
7888.643593751913,phase0-forces,E,nominal,Kerbin,3531599999999.9995,600000.0,79290.4375,1402421.25,1402453.125,298.48828125,1132.0836244144011,212.81701415403606,1.762265682220459,-505449.0765289998,-1021.7220211196552,325392.0236925344,-196.93090958070118,-0.2008276924650509,-80.67997293873384,1897.4130843548337,-598439.2300229608,301729.091530697,0
7889.1835937519245,phase0-forces,E,nominal,Kerbin,3531599999999.9995,600000.0,79031.7265625,1403289.25,1403321.875,298.67303466796875,1199.0629328337964,215.17438173487037,1.7670412063598633,-505556.3755285266,-1021.8323611212946,325349.074522124,-200.35655613260994,-0.20760989760735712,-78.46796714452626,2017.0532595129916,-598439.3371915296,301788.8580339917,0
7889.723593751936,phase0-forces,E,nominal,Kerbin,3531599999999.9995,600000.0,78773.0078125,1404174.875,1404208.125,298.8615417480469,1268.2664393726736,217.59923939692302,1.7718708515167236,-505665.5307580939,-1021.946376902408,325307.32370444154,-203.80510563542623,-0.2144395410884388,-76.24212692950917,2141.054657657398,-598439.4422450871,301850.80620628514,0
7890.2835937519485,phase0-forces,E,nominal,Kerbin,3531599999999.9995,600000.0,78504.703125,1405111.375,1405145.0,299.0608215332031,1342.3978666234761,220.18464161476328,1.7769384384155273,-505780.70271333883,-1022.0685241598208,325265.30034836737,-207.4058821607891,-0.22156725703359959,-73.91905949129236,2274.3164201474283,-598439.5487449482,301917.3838375996,0
7890.82359375196,phase0-forces,E,nominal,Kerbin,3531599999999.9995,600000.0,78245.9921875,1406030.5,1406064.875,299.2564697265625,1416.177284923382,222.74539141214788,1.781883955001831,-505893.6778289259,-1022.1901013422317,325226.0139658727,-210.9019982047028,-0.22848259919710678,-71.66452640125631,2407.3802674501203,-598439.6488149107,301983.8657262697,0
7891.363593751972,phase0-forces,E,nominal,Kerbin,3531599999999.9995,600000.0,77987.2734375,1406965.375,1407000.375,299.4554443359375,1492.2255992458668,225.3720768318691,1.7868887186050415,-506008.54748095875,-1022.3154242514132,325187.9490444223,-214.42192616017485,-0.23544088201477664,-69.39564226132292,2544.983346535475,-598439.7462001684,302052.61857318354,0
7891.903593751984,phase0-forces,E,nominal,Kerbin,3531599999999.9995,600000.0,77728.5546875,1407915.0,1407950.375,299.6575622558594,1570.5579095334979,228.06419801009523,1.7919548749923706,-506125.3246140572,-1022.4445190793081,325151.1133843894,-217.96598054559698,-0.24245217947719394,-67.11222657403812,2687.187084185658,-598439.8407277181,302123.6731782338,0
7892.443593751996,phase0-forces,E,nominal,Kerbin,3531599999999.9995,600000.0,77469.84375,1408878.625,1408914.5,299.8626708984375,1651.189514999045,230.82126244610203,1.7970831394195557,-506244.02234674257,-1022.5774160278503,325115.51488422125,-221.53448017554885,-0.2495207327535408,-64.81409592029797,2834.054318139679,-598439.932229824,302197.06104415783,0
7892.983593752007,phase0-forces,E,nominal,Kerbin,3531599999999.9995,600000.0,77211.125,1409855.75,1409892.125,300.07061767578125,1734.1359138994012,233.64279001652343,1.8022747039794922,-506364.6539704472,-1022.714145058551,325081.16154156637,-225.12775157915078,-0.2566418699693225,-62.501063435528984,2985.6493792932015,-598440.0205188404,302272.8144302264,0
7893.54359375202,phase0-forces,E,nominal,Kerbin,3531599999999.9995,600000.0,76942.828125,1410882.125,1410919.0,300.2890625,1822.6161701387027,236.63638842649263,1.807722806930542,-506491.8104865068,-1022.8600135823851,325046.85970081796,-228.88060625768475,-0.2640742186615019,-60.08642668236822,3147.9228552883724,-598440.1085812506,302353.90713701886,0
7894.083593752031,phase0-forces,E,nominal,Kerbin,3531599999999.9995,600000.0,76684.109375,1411884.0,1411921.25,300.5023193359375,1910.326660121209,239.5877510202887,1.8130409717559814,-506616.42335002415,-1023.0046276762849,325015.0679486331,-232.5253197599795,-0.27128905138927667,-57.74246714273411,3309.3530242235865,-598440.1899386803,302434.58154277166,0
7894.623593752043,phase0-forces,E,nominal,Kerbin,3531599999999.9995,600000.0,76425.390625,1412897.0,1412934.75,300.7179260253906,2000.4002392763505,242.6021675975465,1.8184239864349365,-506743.01153419015,-1023.1531514765661,324984.5462589526,-236.19579294087654,-0.2785527393902952,-55.383043690555596,3475.714925100445,-598440.2674854262,302517.72371983714,0
7895.163593752055,phase0-forces,E,nominal,Kerbin,3531599999999.9995,600000.0,76166.6796875,1413920.375,1413958.625,300.9357604980469,2092.853224536637,245.6792005562029,1.8238710165023804,-506871.5890433553,-1023.3056118920395,324955.3030346667,-239.89235655516802,-0.2858684347496908,-53.00797233983873,3647.0787109908415,-598440.3409610395,302603.36887497565,0
7895.683593752066,phase0-forces,E,nominal,Kerbin,3531599999999.9995,600000.0,75917.5390625,1414915.25,1414953.75,301.1474914550781,2184.1462938066106,248.70105756934527,1.8291778564453125,-506997.2978316639,-1023.4561741560755,324928.35914467555,-243.47698429084835,-0.29296881820905807,-50.70590030771896,3816.890145740821,-598440.4076455187,302688.2412501111,0
7896.223593752078,phase0-forces,E,nominal,Kerbin,3531599999999.9995,600000.0,75658.8203125,1415957.25,1415996.0,301.3692626953125,2281.318204366369,251.89979065602975,1.8347537517547607,-507129.8217261306,-1023.6164515385652,324901.6503241748,-247.2257422338818,-0.30040041986827826,-48.29955143731249,3998.282807233045,-598440.4726064478,302778.90510039264,0
7896.76359375209,phase0-forces,E,nominal,Kerbin,3531599999999.9995,600000.0,75400.109375,1417007.375,1417046.625,301.5927734375,2380.9190829589497,255.15992707490665,1.8403950929641724,-507264.3774971331,-1023.7807569187316,324876.24546993,-251.0015871936456,-0.3078842888610989,-45.87697481751687,4184.894801292336,-598440.533106058,302872.18084761716,0
7897.303593752102,phase0-forces,E,nominal,Kerbin,3531599999999.9995,600000.0,75141.390625,1418065.25,1418104.75,301.81793212890625,2482.966078654048,258.48110251865614,1.846105933189392,-507400.9798705695,-1023.9491179086657,324852.15340139344,-254.804873392026,-0.3154196756967864,-43.437971469231925,4376.80300460197,-598440.5888949822,302968.10705480987,0
7897.8435937521135,phase0-forces,E,nominal,Kerbin,3531599999999.9995,600000.0,74882.671875,1419130.25,1419169.75,302.0445861816406,2587.4765577131184,261.86297575539743,1.8518863916397095,-507539.6437633611,-1024.121562798766,324829.38304250984,-258.63596241872096,-0.32300913982720086,-40.982345959076454,4574.086056711501,-598440.6396018607,303066.7232274254,0
7898.383593752125,phase0-forces,E,nominal,Kerbin,3531599999999.9995,600000.0,74623.9609375,1420201.25,1420241.125,302.2725524902344,2694.4681153513957,265.30522181805577,1.8577382564544678,-507680.38429297775,-1024.2981220217782,324807.94342863286,-262.49521902524606,-0.330655356931731,-38.509886780550346,4776.824555569561,-598440.6850711001,303168.0697422347,0
7898.903593752137,phase0-forces,E,nominal,Kerbin,3531599999999.9995,600000.0,74374.828125,1421238.125,1421278.125,302.49322509765625,2799.858602681081,268.6767654064976,1.863445520401001,-507817.8891983144,-1024.4720592185101,324788.56414378365,-266.23851997344457,-0.33807370324051234,-36.11288492794644,4977.2876082545845,-598440.7237146129,303268.28194682085,0
7899.443593752148,phase0-forces,E,nominal,Kerbin,3531599999999.9995,600000.0,74116.109375,1422319.75,1422359.625,302.7234191894531,2911.7724873316474,272.23669185986034,1.869446873664856,-507962.75082530297,-1024.6567858721362,324769.7634575581,-270.15418526491436,-0.3458374544891029,-33.60674002497042,5190.977557318751,-598440.7583251989,303375.1096160599,0
7899.98359375216,phase0-forces,E,nominal,Kerbin,3531599999999.9995,600000.0,73857.390625,1423405.375,1423445.625,302.9544982910156,3026.220970106311,275.85620365207836,1.8755300045013428,-508109.73508167686,-1024.845722111567,324752.32098317845,-274.0991820052459,-0.3536625627830645,-31.083089296009362,5410.374532516347,-598440.7871399577,303484.79369627935,0
7900.523593752172,phase0-forces,E,nominal,Kerbin,3531599999999.9995,600000.0,73598.671875,1424494.75,1424535.125,303.1863708496094,3143.2226151027717,279.53509917305723,1.8816977739334106,-508258.8579246249,-1025.0389003077453,324736.2462413769,-278.07393414136817,-0.36154617549446705,-28.541690650625014,5635.568087624386,-598440.8099066438,303597.3790904903,0
7901.063593752184,phase0-forces,E,nominal,Kerbin,3531599999999.9995,600000.0,73339.953125,1425587.0,1425627.625,303.4188537597656,3262.796253831708,283.27320585634385,1.8879530429840088,-508410.1355428193,-1025.2363520637825,324721.5488872684,-282.07887778412464,-0.3694887018424214,-25.982289011529488,5866.650264988537,-598440.8264557841,303712.9119046022,0
7901.583593752195,phase0-forces,E,nominal,Kerbin,3531599999999.9995,600000.0,73090.8203125,1426641.25,1426681.875,303.6432189941406,3380.3899478279054,286.9287095667158,1.894065499305725,-508557.86216748785,-1025.4305602261995,324708.7068333606,-285.9644604828228,-0.3771947262172763,-23.50041358204895,6094.828028489486,-598440.8362865052,303826.99587099213,0
7902.123593752207,phase0-forces,E,nominal,Kerbin,3531599999999.9995,600000.0,72832.109375,1427737.75,1427778.25,303.8765869140625,3505.0681777353166,290.7827128429021,1.900509238243103,-508713.41756004666,-1025.6364959025182,324696.7418690382,-290.03003981397467,-0.3852586341989301,-20.904871909836956,6337.748337983503,-598440.8400544332,303948.45414177515,0
7902.663593752219,phase0-forces,E,nominal,Kerbin,3531599999999.9995,600000.0,72573.390625,1428835.25,1428875.75,304.11016845703125,3632.3759095941205,294.69566446365144,1.9070568084716797,-508871.1771732209,-1025.846804572421,324686.1837635465,-294.12724814090967,-0.3933887630735633,-18.29048386483754,6586.847333732992,-598440.837047585,304073.00514307397,0
7903.18359375223,phase0-forces,E,nominal,Kerbin,3531599999999.9995,600000.0,72324.2578125,1429892.5,1429933.25,304.335205078125,3757.4724630041746,298.51940025057627,1.9134644269943237,-509025.19319356873,-1026.053490885744,324677.35594494274,-298.1030979674504,-0.40128181571295146,-15.754817710046765,6832.65731453849,-598440.8276046121,304195.9148549632,0
7903.723593752242,phase0-forces,E,nominal,Kerbin,3531599999999.9995,600000.0,72065.5390625,1430990.5,1431031.125,304.5688781738281,3890.0003948338563,302.54809645781074,1.9202322959899902,-509187.3299862288,-1026.272488735488,324669.5894646535,-302.2639695911313,-0.4095430150153825,-13.102504790125138,7094.191054442548,-598440.8107293057,304326.6901625684,0
7904.243593752253,phase0-forces,E,nominal,Kerbin,3531599999999.9995,600000.0,71816.40625,1432047.0,1432087.625,304.79376220703125,4020.1619245162,306.48340254996884,1.9268620014190674,-509345.59384564444,-1026.4876085893843,324663.4694026046,-306.30218291414667,-0.41755926327722626,-10.529692535707184,7352.177976783831,-598440.7875657411,304455.69520552136,0
7904.783593752265,phase0-forces,E,nominal,Kerbin,3531599999999.9995,600000.0,71557.6875,1433143.125,1433183.625,305.02703857421875,4157.989923426649,310.6281654108181,1.9338724613189697,-509512.17649647733,-1026.7154323216885,324658.535457731,-310.5289674947098,-0.4259504432991707,-7.838115805467183,7626.5747270711,-598440.7561616448,304592.90928271314,0
7905.303593752276,phase0-forces,E,nominal,Kerbin,3531599999999.9995,600000.0,71308.5546875,1434196.75,1434237.125,305.2513122558594,4293.294709572918,314.6755261855164,1.9407485723495483,-509674.7555077806,-1026.9391190153972,324655.16325030266,-314.63181488958685,-0.43409738714980733,-5.2267962342958185,7897.165097239893,-598440.718743328,304728.22317695594,0
7905.843593752288,phase0-forces,E,nominal,Kerbin,3531599999999.9995,600000.0,71049.8359375,1435288.5,1435328.875,305.4836730957031,4436.505557536846,318.9369969659679,1.9480249881744385,-509845.855190741,-1027.175912591788,324653.10425910424,-318.92693522603264,-0.4426288774277094,-2.494413894418301,8184.88282605086,-598440.6735977234,304872.10461416375,0
7906.3635937522995,phase0-forces,E,nominal,Kerbin,3531599999999.9995,600000.0,70800.703125,1436337.0,1436377.375,305.70684814453125,4577.034816186409,323.0970905443533,1.9551726579666138,-510012.81912601145,-1027.4083089364271,324652.5216080068,-323.0967376745929,-0.45091328960882526,0.15716063951599324,8468.53308178077,-598440.6268208395,305013.95313047065,0
7906.903593752311,phase0-forces,E,nominal,Kerbin,3531599999999.9995,600000.0,70541.984375,1437422.625,1437462.625,305.9378967285156,4725.714489239035,327.47608971634224,1.9627487659454346,-510188.50957279006,-1027.6542229994157,324653.3819186451,-327.46263753513676,-0.4595874817268285,2.932427967417212,8770.06349184888,-598440.5767440264,305164.74337391125,0
7907.423593752323,phase0-forces,E,nominal,Kerbin,3531599999999.9995,600000.0,70292.8515625,1438464.0,1438503.875,306.1595458984375,4871.552902619587,331.75122342656556,1.970575213432312,-510359.9309074102,-1027.89547496962,324655.63273398246,-331.70316641511533,-0.4680106920726902,5.627130814315379,9067.310043098638,-598440.5286472408,305313.3906979289,0
7907.803593752331,phase0-forces,E,nominal,Kerbin,3531599999999.9995,600000.0,70110.796875,1439222.375,1439262.125,306.3209533691406,4979.794391406467,334.91429488395613,1.9770503044128418,-510486.6004022389,-1028.0745551030961,324658.1671456033,-334.8274445231664,-0.47421445728728423,7.611992666309575,9288.965808845707,-598440.4941544863,305424.2358271797,0
7908.363593752343,phase0-forces,E,nominal,Kerbin,3531599999999.9995,600000.0,69842.4921875,1440335.375,1440375.0,306.5578308105469,5141.8974154152675,339.6369385514673,1.9868651628494263,-510675.4458013993,-1028.3427798944724,324663.28337863827,-339.47232498890196,-0.4834358114291172,10.56204928310494,9622.609025428887,-598440.4433493329,305591.082838048,0
7908.8835937523545,phase0-forces,E,nominal,Kerbin,3531599999999.9995,600000.0,69593.359375,1441363.5,1441403.0,306.77667236328125,5295.208346165135,344.0863917812795,1.995749831199646,-510853.1429646529,-1028.596492889759,324669.52052697854,-343.8278469834523,-0.49208311099619906,13.327209085016989,9939.959849759587,-598440.3930634118,305749.7833931739,0
7909.423593752366,phase0-forces,E,nominal,Kerbin,3531599999999.9995,600000.0,69334.640625,1442425.375,1442464.625,307.002685546875,5457.285169055453,348.7789629096242,2.006723403930664,-511040.0851963721,-1028.8647505169074,324677.52759329183,-348.4008205210181,-0.5011645665335324,16.229049962078008,10277.587171846419,-598440.334219206,305918.6264763202,0
7909.943593752378,phase0-forces,E,nominal,Kerbin,3531599999999.9995,600000.0,69085.5078125,1443441.875,1443480.75,307.2190246582031,5616.155050793546,353.3775530618688,2.0196754932403564,-511222.45301317336,-1029.1277390622447,324686.7285396759,-352.8628493045408,-0.5100280906654099,19.05897321530027,10611.027038618457,-598440.2681598325,306085.379439393,0
7910.483593752389,phase0-forces,E,nominal,Kerbin,3531599999999.9995,600000.0,68826.7890625,1444490.375,1444529.125,307.44219970703125,5784.080248395563,358.24720538918507,2.0355582237243652,-511414.3101523345,-1029.4057601991462,324697.85274557513,-357.56812313033873,-0.5193779983019151,22.041500327852944,10966.548151149997,-598440.188313927,306263.1799186115,0
7911.003593752401,phase0-forces,E,nominal,Kerbin,3531599999999.9995,600000.0,68577.65625,1445493.375,1445531.875,307.6556701660156,5948.66722320742,363.03579455576545,2.0526320934295654,-511601.4836812235,-1029.6782974051512,324710.0998850453,-362.17628951028183,-0.5285344711435463,24.960851279819806,11318.355901596253,-598440.1002791348,306439.1278112307,0
7911.523593752412,phase0-forces,E,nominal,Kerbin,3531599999999.9995,600000.0,68328.5234375,1446489.0,1446527.25,307.8675842285156,6116.129397573881,367.92638329836626,2.0705480575561523,-511791.0749297394,-1029.955638928624,324723.87828667625,-366.86440234467955,-0.5378507999151322,27.92927739513577,11679.846478274674,-598440.0016045722,306619.92243685125,0
7912.063593752424,phase0-forces,E,nominal,Kerbin,3531599999999.9995,600000.0,68069.8046875,1447515.125,1447553.0,308.0859680175781,6293.128008939675,373.11268783322987,2.0888898372650146,-511990.5617945057,-1030.24882185973,324739.8347778971,-371.81693955627634,-0.5476941269805113,31.063504507457694,12065.731767643592,-598439.8885305928,306812.9216185254,0
7912.583593752435,phase0-forces,E,nominal,Kerbin,3531599999999.9995,600000.0,67820.671875,1448495.125,1448532.625,308.2945251464844,6466.600581563311,378.20494966594464,2.1051552295684814,-512185.208858175,-1030.5362120741243,324756.8127737747,-376.6615986251151,-0.5573248367414368,34.12789858779385,12447.451295657782,-598439.769716407,307003.84078962536,0
7913.103593752447,phase0-forces,E,nominal,Kerbin,3531599999999.9995,600000.0,67571.5390625,1449466.625,1449503.875,308.5013122558594,6643.08819483663,383.38273815966744,2.118947982788086,-512382.39292397466,-1030.8286459427054,324775.39510925487,-381.5702273303457,-0.5670840625249668,37.23122277791157,12838.90369893366,-598439.6414713972,307199.6311137682,0
7913.6035937524575,phase0-forces,E,nominal,Kerbin,3531599999999.9995,600000.0,67331.984375,1450392.5,1450429.25,308.6983642578125,6815.6633400124265,388.42780221534264,2.128960609436035,-512574.4130521316,-1031.1146453600263,324794.7923868704,-386.3370187906176,-0.5765668842587293,40.24342202705063,13224.08162763156,-598439.5095332562,307392.2860471877,0
7914.123593752469,phase0-forces,E,nominal,Kerbin,3531599999999.9995,600000.0,67082.8515625,1451346.25,1451382.625,308.9013671875,6998.15787824092,393.7344570588928,2.137705087661743,-512776.6530508817,-1031.4171358177653,324816.56967003027,-391.3347690834796,-0.586508112193833,43.40019804188823,13633.580442283186,-598439.3657909821,307597.1073256505,0
7914.62359375248,phase0-forces,E,nominal,Kerbin,3531599999999.9995,600000.0,66843.296875,1452254.0,1452290.125,309.0945739746094,7176.556721213274,398.8948299716617,2.146333694458008,-512973.57568359474,-1031.7128864186486,324839.06361571734,-396.1795875224439,-0.5961404814576475,46.45927706275114,14036.064390729181,-598439.2246752193,307798.41985775495,0
7915.123593752491,phase0-forces,E,nominal,Kerbin,3531599999999.9995,600000.0,66603.7421875,1453152.25,1453187.875,309.2857360839844,7357.844663865515,404.11268261377427,2.155186414718628,-513172.9309292717,-1032.0134736675393,324863.09329375543,-401.06390937451096,-0.6058535646891969,49.54224246028063,14447.294194996939,-598439.0811021564,308004.10654642025,0
7915.643593752502,phase0-forces,E,nominal,Kerbin,3531599999999.9995,600000.0,66354.609375,1454075.5,1454110.75,309.4822692871094,7549.473977169255,409.6010258785284,2.1646058559417725,-513382.8624035548,-1032.3312597742013,324889.7262340529,-406.18652036229133,-0.6160434357514941,52.774345729739565,14884.444831433822,-598438.9269836285,308222.75892390264,0
7916.143593752513,phase0-forces,E,nominal,Kerbin,3531599999999.9995,600000.0,66115.0546875,1454952.75,1454987.625,309.6689758300781,7736.72860122507,414.93844289035763,2.173862934112549,-513587.24269040633,-1032.6418422264082,324916.92644029856,-411.15432922728513,-0.6259244683365709,55.907398119531265,15314.080298922374,-598438.7718065192,308437.65424620156,0
7916.663593752524,phase0-forces,E,nominal,Kerbin,3531599999999.9995,600000.0,65865.9296875,1455853.375,1455887.75,309.86065673828125,7934.615450224956,420.5527298634773,2.1837055683135986,-513802.44501485256,-1032.9701123681195,324946.8835550192,-416.36574151409485,-0.6362903382889766,59.19259264169999,15770.779684989364,-598438.6023148187,308666.08868508536,0
7917.203593752536,phase0-forces,E,nominal,Kerbin,3531599999999.9995,600000.0,65607.2109375,1456775.625,1456809.625,310.05694580078125,8143.533849445055,426.45223383468465,2.1941678524017334,-514028.80624776933,-1033.316741326968,324979.8091680412,-421.82708926866576,-0.647154880330046,62.63382227102646,16255.942028900143,-598438.4189637352,308908.76153258246,0
7917.743593752548,phase0-forces,E,nominal,Kerbin,3531599999999.9995,600000.0,65348.49609375,1457684.0,1457717.375,310.2502746582031,8355.969013454043,432.4232237681362,2.2048685550689697,-514258.130941548,-1033.6692651289825,325014.60170683835,-427.3399055333738,-0.6581203080526458,66.10610009987658,16752.4613922477,-598438.230749655,309157.1153212963,0
7918.30359375256,phase0-forces,E,nominal,Kerbin,3531599999999.9995,600000.0,65080.1953125,1458610.875,1458643.625,310.4475402832031,8580.021766171441,438.69178619290784,2.216195821762085,-514499.1092974128,-1034.0411318193612,325052.6729378182,-433.11233056442893,-0.6696047669921668,69.74054785868003,17279.645093520056,-598438.0322782018,309420.80640765914,0
7918.843593752572,phase0-forces,E,nominal,Kerbin,3531599999999.9995,600000.0,64821.4765625,1459489.125,1459521.375,310.6344909667969,8799.722797322785,444.81094303612264,2.2273077964782715,-514734.5580629315,-1034.405839190525,325091.3213520403,-438.73297845470205,-0.6807870574402888,73.27813582463135,17800.106641176622,-598437.8378494069,309681.1343958849,0
7919.383593752584,phase0-forces,E,nominal,Kerbin,3531599999999.9995,600000.0,64562.7578125,1460349.875,1460381.25,310.81768798828125,9023.041998581379,451.003864139985,2.2385778427124023,-514973.05708610424,-1034.7766140022572,325131.8892356715,-444.40781788255345,-0.6920728944150797,76.84853875757216,18332.719596300623,-598437.640262756,309947.5396667723,0
7919.9235937525955,phase0-forces,E,nominal,Kerbin,3531599999999.9995,600000.0,64304.04296875,1461188.125,1461218.625,310.99609375,9250.013786704745,457.2710770069286,2.2499887943267822,-515214.6358183746,-1035.153513565603,325174.394432961,-450.1375187018295,-0.7034697963949563,80.4522047819826,18877.748471537838,-598437.4402439055,310220.15411381616,0
7920.463593752607,phase0-forces,E,nominal,Kerbin,3531599999999.9995,600000.0,64045.328125,1462003.25,1462033.25,311.16961669921875,9480.673048819648,463.61325909740987,2.2615790367126465,-515459.3240964451,-1035.5365990373568,325218.8550592205,-455.92287021242197,-0.7149784201188265,84.08970944204692,19435.472696582787,-598437.2393266237,310499.1166849795,0
7921.003593752619,phase0-forces,E,nominal,Kerbin,3531599999999.9995,600000.0,63786.609375,1462795.75,1462824.875,311.3382873535156,9715.05525163596,470.0312327940937,2.273371696472168,-515707.1522256068,-1035.9259294162553,325265.2895734941,-461.76478103279555,-0.7265953828173927,87.76171636208767,20006.18664121919,-598437.0392515302,310784.5736948445,0
7921.563593752631,phase0-forces,E,nominal,Kerbin,3531599999999.9995,600000.0,63518.3125,1463593.375,1463621.5,311.5080261230469,9962.089169704006,476.7678405892125,2.285804510116577,-515967.5085479227,-1036.3363387578368,325315.54889693216,-467.8837679540089,-0.7387603116350587,91.60681054627904,20612.08070328331,-598436.833550315,311087.62357648415,0
7921.743593752635,phase0-forces,E,nominal,Kerbin,3531599999999.9995,600000.0,63432.0703125,1463844.625,1463872.25,311.5614929199219,10042.358167132828,478.9508220563462,2.2898430824279785,-516051.92438850354,-1036.4697071826213,325332.16229506856,-469.8638716247419,-0.74269733418312,92.85085078192702,20809.924088763422,-598436.7678419792,311186.57812339213,0
7922.283593752647,phase0-forces,E,nominal,Kerbin,3531599999999.9995,600000.0,63173.3515625,1464582.75,1464609.5,311.7185974121094,10285.71021644934,485.5516724973852,2.302074670791626,-516307.3190176362,-1036.8740820197124,325383.3513186483,-475.84341866864077,-0.7545879826345258,96.60692610638822,21412.64279565192,-598436.5717257068,311488.03553497256,0
7922.823593752659,phase0-forces,E,nominal,Kerbin,3531599999999.9995,600000.0,62914.640625,1465298.0,1465324.125,311.870849609375,10532.908988604438,492.2309725038938,2.314478874206543,-516565.95919168164,-1037.28491037302,325436.5787714715,-481.88247625220805,-0.7665949785112685,100.39931127905274,22029.3915091221,-598436.3768591222,311796.50732499996,0
7923.383593752671,phase0-forces,E,nominal,Kerbin,3531599999999.9995,600000.0,62646.33984375,1466016.625,1466041.625,312.0237731933594,10793.366861092509,499.24129494274274,2.327519655227661,-516837.64131782675,-1037.7178379428208,325493.9518028307,-488.2089184520767,-0.7791678071907122,104.37104683526164,22684.14827700809,-598436.1764802192,312123.9858983944,0
7923.923593752683,phase0-forces,E,nominal,Kerbin,3531599999999.9995,600000.0,62387.625,1466686.75,1466711.125,312.1664123535156,11048.519303805195,506.082631534136,2.3402597904205322,-517102.9933443672,-1038.1420057159257,325551.39299171197,-494.37165153716626,-0.79141334540868,108.23896600507342,23330.48697559163,-598435.9857252984,312447.2506251466,0
7924.463593752695,phase0-forces,E,nominal,Kerbin,3531599999999.9995,600000.0,62128.90625,1467334.875,1467358.375,312.3043518066406,11307.635092474287,513.00451736475,2.353146553039551,-517371.6904871753,-1038.5728208265682,325610.93343328027,-500.5961963943335,-0.8037833463272227,112.14471420668053,23991.860897165956,-598435.7984541795,312778.0312214932,0
7925.003593752706,phase0-forces,E,nominal,Kerbin,3531599999999.9995,600000.0,61870.19140625,1467960.875,1467983.625,312.4375915527344,11570.753557817894,520.0075171465211,2.366162061691284,-517643.7663044513,-1039.010349967014,325672.59367486316,-506.88318529969064,-0.8162753144216658,116.08870765039977,24668.611290769186,-598435.6153401454,313116.4979753119,0
7925.523593752718,phase0-forces,E,nominal,Kerbin,3531599999999.9995,600000.0,61621.0546875,1468543.125,1468565.125,312.5615234375,11827.947009057621,526.8282617949951,2.3787992000579834,-517908.9901486155,-1039.438081091661,325733.9930572723,-512.9968669838521,-0.8284190583174659,119.92308206743056,25335.151143093826,-598435.4429474771,313449.85409780836,0
7926.0635937527295,phase0-forces,E,nominal,Kerbin,3531599999999.9995,600000.0,61362.33984375,1469126.75,1469147.875,312.68572998046875,12099.038342262735,533.9917066260409,2.3919854164123535,-518187.79695091,-1039.8889803173277,325799.87486430036,-519.4079027746213,-0.8411500986949633,123.94299394145955,26043.083568640286,-598435.2678865218,313803.90784105926,0
7926.603593752741,phase0-forces,E,nominal,Kerbin,3531599999999.9995,600000.0,61103.625,1469689.0,1469709.375,312.805419921875,12374.250749870902,541.2370831680246,2.4051921367645264,-518470.08346197655,-1040.3467893376048,325867.93830469827,-525.8824962072239,-0.854006649392412,128.00176190870607,26767.40022461221,-598435.0967720798,314166.1517262662,0
7927.143593752753,phase0-forces,E,nominal,Kerbin,3531599999999.9995,600000.0,60844.90625,1470230.5,1470250.125,312.920654296875,12653.624475299264,548.5643655193718,2.4184072017669678,-518755.8840335118,-1040.8115759909847,325938.2043802076,-532.4207414792554,-0.8669891429891842,132.0994530275456,27508.43861921539,-598434.9301250685,314536.75424707343,0
7927.663593752764,phase0-forces,E,nominal,Kerbin,3531599999999.9995,600000.0,60595.76953125,1470732.125,1470751.125,313.0274353027344,12926.621619309764,555.6976078929722,2.4311306476593018,-519034.45274261443,-1041.2658068446415,326007.9694138699,-538.7770365164704,-0.8796096018302896,136.08219070638836,28238.153767438605,-598434.7741753256,314901.6897960565,0
7928.203593752776,phase0-forces,E,nominal,Kerbin,3531599999999.9995,600000.0,60337.0546875,1471233.375,1471251.5,313.13409423828125,13214.281030241633,563.1853975499314,2.444330930709839,-519327.25129939156,-1041.7444876692705,326082.6203367441,-545.4403315655034,-0.8928369127779425,140.2563351775426,29013.011683351127,-598434.6172053416,315289.1972390048,0
7928.723593752788,phase0-forces,E,nominal,Kerbin,3531599999999.9995,600000.0,60087.91796875,1471696.875,1471714.375,313.2327575683594,13495.33174009109,570.4729236864056,2.4570200443267822,-519612.6226262019,-1042.212222092462,326156.64682494046,-551.9170203720316,-0.9056904101218858,144.31264327097233,29775.93632389081,-598434.4707577823,315670.73278305423,0
7929.243593752799,phase0-forces,E,nominal,Kerbin,3531599999999.9995,600000.0,59838.7890625,1472142.875,1472159.625,313.3276672363281,13780.387874985347,577.8358788661111,2.4696831703186035,-519901.377724149,-1042.6866716915242,326232.79232015286,-558.4527095539972,-0.9186603031548901,148.4049532866652,30555.62902063399,-598434.3287188088,316060.6501509126,0
7929.76359375281,phase0-forces,E,nominal,Kerbin,3531599999999.9995,600000.0,59589.65234375,1472571.125,1472587.125,313.4188232421875,14069.485331836855,585.2740603138889,2.4823148250579834,-520193.5472560151,-1043.1678963438644,326311.07552403264,-565.047328692082,-0.9317439268587245,152.53318939661165,31352.409282113193,-598434.1909511748,316459.1091654692,0
7930.283593752822,phase0-forces,E,nominal,Kerbin,3531599999999.9995,600000.0,59340.515625,1472981.875,1472997.375,313.5062561035156,14362.659945843508,592.7872336621632,2.494908094406128,-520489.16183873714,-1043.6559555036522,326391.5150955791,-571.7007766749538,-0.9449432652858356,156.69726680551918,32166.600612215698,-598434.0574758431,316866.2715681863,0
7930.803593752833,phase0-forces,E,nominal,Kerbin,3531599999999.9995,600000.0,59091.3828125,1473375.375,1473390.25,313.59002685546875,14659.947477050591,600.3751368814237,2.5074589252471924,-520788.2520299401,-1044.150908794667,326474.129647312,-578.4129255191401,-0.9582545272796971,160.897092347994,32998.53073013981,-598433.928443975,317282.3011430824,0
7931.323593752844,phase0-forces,E,nominal,Kerbin,3531599999999.9995,600000.0,58842.24609375,1473751.875,1473766.0,313.6701354980469,14961.383594115498,608.0374884083811,2.5199623107910156,-521090.84831284813,-1044.6528146463268,326558.93773878244,-585.1836309019723,-0.9716795571913053,165.1325566724948,33848.53190325096,-598433.8039123968,317707.3639954271,0
7931.843593752856,phase0-forces,E,nominal,Kerbin,3531599999999.9995,600000.0,58593.11328125,1474111.5,1474125.0,313.7466735839844,15267.003871316672,615.7739892849194,2.532414674758911,-521396.9810964189,-1045.161732058761,326645.9578707215,-592.0127336819141,-0.9852191282958602,169.40353709884653,34716.94117762323,-598433.6838728323,318141.62865239545,0
7932.343593752867,phase0-forces,E,nominal,Kerbin,3531599999999.9995,600000.0,58353.5625,1474441.625,1474454.625,313.81695556640625,15564.8484116717,623.2826605963338,2.5443599224090576,-521694.7028701095,-1045.6577444675502,326731.73429777817,-598.63417709265,-0.9983480009450365,173.54365536636442,35569.63468276465,-598433.5723669125,318568.0311579261,0
7932.863593752878,phase0-forces,E,nominal,Kerbin,3531599999999.9995,600000.0,58104.42578125,1474769.25,1474781.625,313.8866882324219,15878.779169451445,631.1643600484434,2.5568346977233887,-522007.8607905946,-1046.180589565533,326823.1469927661,-605.5779233050209,-1.0121096015487496,177.8842427959647,36475.199423444225,-598433.4603008885,319020.86956127785,0
7933.40359375289,phase0-forces,E,nominal,Kerbin,3531599999999.9995,600000.0,57845.7109375,1475093.25,1475105.0,313.95562744140625,16209.324827057892,639.4279638973718,2.569866895675659,-522336.9021719671,-1046.731151456429,326920.4750197027,-612.8511198407676,-1.0265210592994591,182.4296362392102,37436.26971044217,-598433.3483681438,319501.4606711492,0
7933.9435937529015,phase0-forces,E,nominal,Kerbin,3531599999999.9995,600000.0,57586.99609375,1475401.25,1475412.25,314.02117919921875,16544.53659122088,647.7722719109414,2.583000898361206,-522669.8889514732,-1047.289531164346,327020.26843695156,-620.1883821178535,-1.0410599667729545,187.0139116131403,38418.87204368273,-598433.2412067923,319992.8154184452,0
7934.483593752913,phase0-forces,E,nominal,Kerbin,3531599999999.9995,600000.0,57328.27734375,1475693.875,1475704.5,314.0834655761719,16884.455040696193,656.1976269829092,2.5962088108062744,-523006.8558386889,-1047.8557966088426,327122.54831303674,-627.5901128058094,-1.0557233241864648,191.63731738535557,39423.48138683883,-598433.139157199,320495.17111481994,0
7935.003593752925,phase0-forces,E,nominal,Kerbin,3531599999999.9995,600000.0,57079.14453125,1475961.875,1475972.0,314.1405334472656,17216.27045731712,664.3878449370841,2.608997344970703,-523335.1367900497,-1048.4086046075047,327223.40985567914,-634.7790076784984,-1.0699592221481167,196.12668124991745,40412.13630573405,-598433.0457726982,320989.5452665179,0
7935.543593752936,phase0-forces,E,nominal,Kerbin,3531599999999.9995,600000.0,56820.42578125,1476226.25,1476235.75,314.19677734375,17565.54691522871,672.9732737619635,2.622349739074707,-523680.0182454875,-1048.9905446287485,327330.63230615726,-642.3084479583121,-1.0848693077048615,200.8275577152304,41461.370961957844,-598432.9538715282,321514.20854521485,0
7936.063593752948,phase0-forces,E,nominal,Kerbin,3531599999999.9995,600000.0,56571.29296875,1476467.25,1476476.25,314.2480773925781,17906.45016144414,681.3182590873823,2.635274648666382,-524015.98601055634,-1049.5585741258346,327436.2930148416,-649.6210567801858,-1.0993489805786971,205.39192823836817,42493.93503026047,-598432.8701581674,322030.5324360465,0
7936.60359375296,phase0-forces,E,nominal,Kerbin,3531599999999.9995,600000.0,56312.578125,1476703.875,1476712.5,314.2984313964844,18265.2437959885,690.0650560192092,2.6487669944763184,-524368.9182270725,-1050.156454072831,327548.5406087238,-657.279734408268,-1.1145081816346891,210.17109731479297,43589.76520772453,-598432.7878649759,322578.48867137433,0
7937.123593752971,phase0-forces,E,nominal,Kerbin,3531599999999.9995,600000.0,56063.44140625,1476918.875,1476927.0,314.3442077636719,18615.389026796445,698.5660608836414,2.661827564239502,-524712.7047358877,-1050.7399604588188,327659.08040989685,-664.7175273277508,-1.129228714231519,214.81125464993502,44668.18473345996,-598432.7131441947,323117.73579463264,0
7937.643593752982,phase0-forces,E,nominal,Kerbin,3531599999999.9995,600000.0,55814.3046875,1477121.75,1477129.25,314.3873596191406,18970.124955533072,707.1440639144075,2.6749539375305176,-525060.3755596207,-1051.3311545063773,327772.0432060396,-672.2172611027426,-1.1440715511006696,219.48888834106583,45769.84229877556,-598432.642866708,323668.5997160338,0
7938.163593752994,phase0-forces,E,nominal,Kerbin,3531599999999.9995,600000.0,55565.171875,1477312.875,1477320.0,314.42803955078125,19329.489309767378,715.7993717108722,2.6881468296051025,-525411.9630004272,-1051.9300995163373,327887.4485365377,-679.7792868075717,-1.1590349282429069,224.20418909356633,46895.2440684255,-598432.5769487898,324231.33355981787,0
7938.683593753005,phase0-forces,E,nominal,Kerbin,3531599999999.9995,600000.0,55316.0390625,1477492.5,1477499.375,314.46630859375,19693.52003015147,724.5323099731214,2.701409101486206,-525767.4995490776,-1052.5368567763658,328005.3160414257,-687.4039717482243,-1.174115448707657,228.9573525193431,48044.91092486854,-598432.5152267677,324806.1978490504,0
7939.203593753016,phase0-forces,E,nominal,Kerbin,3531599999999.9995,600000.0,55066.90234375,1477661.75,1477668.125,314.5023193359375,20062.25527114328,733.3432097398971,2.7147414684295654,-526127.0178869459,-1053.151488969177,328125.6654595417,-695.0916877501886,-1.189320317137489,233.74857092481273,49219.377810838865,-598432.457442773,325393.4601840329,0
7939.723593753028,phase0-forces,E,nominal,Kerbin,3531599999999.9995,600000.0,54817.765625,1477820.875,1477826.875,314.53619384765625,20435.73341132456,742.2324225077476,2.728147506713867,-526490.5508932851,-1053.7740624827557,328248.51663634146,-702.8428199605928,-1.2046525718156946,238.5780548662063,50419.195840916596,-598432.403497286,325993.3961718153,0
7940.243593753039,phase0-forces,E,nominal,Kerbin,3531599999999.9995,600000.0,54568.6328125,1477971.0,1477976.5,314.568115234375,20813.993063916918,751.2003287739407,2.741633653640747,-526858.1316536459,-1054.404640448757,328373.88953028666,-710.6577757157547,-1.2201021880187555,243.44603327116147,51644.93362833664,-598432.3533646126,326606.29013186204,0
7940.76359375305,phase0-forces,E,nominal,Kerbin,3531599999999.9995,600000.0,54319.49609375,1478112.375,1478117.75,314.5982360839844,21197.07308859704,760.2473303761984,2.7552030086517334,-527229.7934682935,-1055.0432850715526,328501.8042216619,-718.5369815162376,-1.2356749807039187,248.352738348126,52897.177098323475,-598432.3068852085,327232.4351065575,0
7941.263593753061,phase0-forces,E,nominal,Kerbin,3531599999999.9995,600000.0,54079.9453125,1478241.25,1478246.25,314.6256408691406,21570.001523973886,769.0213661842765,2.76833438873291,-527591.0404405766,-1055.665035307146,328627.2149604715,-726.174154609677,-1.2507716252987624,253.1074759764979,54126.816723824595,-598432.2654713448,327847.2756262399,0
7941.783593753073,phase0-forces,E,nominal,Kerbin,3531599999999.9995,600000.0,53830.8125,1478367.625,1478372.375,314.6525573730469,21962.650778733427,778.2247870111497,2.7820799350738525,-527970.8050183265,-1056.319696972614,328760.17429230514,-734.180710587345,-1.2666004477770787,258.09087361492715,55432.826420163736,-598432.2257501864,328500.3003349887,0
7942.303593753084,phase0-forces,E,nominal,Kerbin,3531599999999.9995,600000.0,53581.6796875,1478486.5,1478491.0,314.6778564453125,22360.237051898963,787.5086086573168,2.7959156036376953,-528354.7506450276,-1056.9826230969488,328895.7356395199,-742.2528690056109,-1.2825515325648253,263.1137438901446,56767.18554673751,-598432.1892672998,329167.49813971884,0
7942.823593753095,phase0-forces,E,nominal,Kerbin,3531599999999.9995,600000.0,53332.546875,1478598.0,1478602.125,314.7015686035156,22762.800269371015,796.8732793276384,2.8098416328430176,-528742.9115571276,-1057.6538757727278,329033.91959753796,-750.3910882978131,-1.2986231220193105,268.1763440119115,58130.552649277844,-598432.1559547761,329849.1983472509,0
7943.343593753107,phase0-forces,E,nominal,Kerbin,3531599999999.9995,600000.0,53083.41015625,1478702.25,1478706.25,314.7237854003906,23170.380630912958,806.3192496633275,2.823857069015503,-529135.3222321386,-1058.33352065274,329174.74689308554,-758.5958301987581,-1.3148262984175738,273.2789234728748,59523.60522439389,-598432.1255931484,330545.73981562274,0
7943.843593753118,phase0-forces,E,nominal,Kerbin,3531599999999.9995,600000.0,52843.859375,1478796.0,1478799.5,314.74371337890625,23567.053901326493,815.4790028245143,2.837419271469116,-529516.6802304332,-1058.995005922421,329312.6699635143,-766.5481655637699,-1.3305381206163576,278.2231902390468,60891.72257136507,-598432.0991032837,331229.8117340407,0
7944.363593753129,phase0-forces,E,nominal,Kerbin,3531599999999.9995,600000.0,52594.72265625,1478886.875,1478890.125,314.7630615234375,23984.593387073604,825.0857710781687,2.8516151905059814,-529917.5280333039,-1059.6913192717261,329458.7429737022,-774.884740139526,-1.347010110108058,283.4049306175155,62345.049761397764,-598432.0740957342,331956.4878328318,0
7944.86359375314,phase0-forces,E,nominal,Kerbin,3531599999999.9995,600000.0,52355.171875,1478968.125,1478971.375,314.7803649902344,24390.91835283395,834.4010013294858,2.8653509616851807,-530307.0635324791,-1060.368961346145,329601.74894366146,-782.9647124003814,-1.3629707107686286,288.425783289702,63772.471713939914,-598432.0522860588,332670.20971394057,0
7945.383593753151,phase0-forces,E,nominal,Kerbin,3531599999999.9995,600000.0,52106.03515625,1479046.75,1479049.625,314.7970886230469,24818.574773767614,844.1703843946044,2.8797316551208496,-530716.4838798767,-1061.0822064531378,329753.14892363653,-791.4349535451976,-1.379689188754431,293.6876719468959,65288.920883777086,-598432.0316878952,333428.44459794095,0
7945.903593753163,phase0-forces,E,nominal,Kerbin,3531599999999.9995,600000.0,51856.8984375,1479119.5,1479122.25,314.8125915527344,25251.450273892144,854.0234030309142,2.8942105770111084,-531130.3272703573,-1061.804180500178,329907.29621390725,-799.9740714305682,-1.3965405671484008,298.9908153066709,66838.7032038595,-598432.0129470997,334203.3451283799,0
7946.423593753174,phase0-forces,E,nominal,Kerbin,3531599999999.9995,600000.0,51607.765625,1479187.125,1479189.75,314.82696533203125,25689.586727436166,863.9605721755458,2.908790349960327,-531548.6296569107,-1062.5349547575681,330064.21234129614,-808.5825759757277,-1.413534031708294,304.3354892612662,68422.63075618492,-598431.9958037965,334995.31747619424,0
7946.963593753186,phase0-forces,E,nominal,Kerbin,3531599999999.9995,600000.0,51349.05078125,1479252.125,1479254.5,314.8407897949219,26150.188177384436,874.3696530071272,2.9240593910217285,-531987.7789849049,-1063.303232272344,330230.11757185054,-817.5962429107047,-1.4313365435110867,309.93003235214746,70104.52690006304,-598431.9794647271,335836.27371766797,0
7947.5035937531975,phase0-forces,E,nominal,Kerbin,3531599999999.9995,600000.0,51090.33203125,1479312.375,1479314.625,314.8536376953125,26616.556219573016,884.8708399190384,2.939459800720215,-532431.8169174549,-1064.0811642252172,330399.05658722896,-826.6860441320055,-1.4492852361521025,315.57009894586747,71825.14105704764,-598431.9645176943,336696.58826967666,0
7948.023593753209,phase0-forces,E,nominal,Kerbin,3531599999999.9995,600000.0,50841.19921875,1479366.75,1479368.625,314.86517333984375,27071.146418959135,895.0707611159311,2.954407215118408,-532864.0679070104,-1064.8394801862814,330564.628963327,-835.5117325798676,-1.4666995936034573,321.04464007103746,73519.56398644554,-598431.9514442818,337543.80627108185,0
7948.563593753221,phase0-forces,E,nominal,Kerbin,3531599999999.9995,600000.0,50582.48046875,1479419.125,1479421.0,314.8763427734375,27548.974233887857,905.7547028822,2.970057249069214,-533317.8223886888,-1065.6365845871815,330739.5951549517,-844.7528572651013,-1.4849224313440064,326.77513207256567,75319.14988481754,-598431.9389479876,338443.60546841496,0
7949.083593753232,phase0-forces,E,nominal,Kerbin,3531599999999.9995,600000.0,50333.34765625,1479466.125,1479467.875,314.8863525390625,28014.690056852764,916.1319015763203,2.985250473022461,-533759.5076232529,-1066.4135068405726,330911.0178147893,-853.7255042121353,-1.5026187005572473,332.3374289492844,77091.59129969345,-598431.9276380577,339329.83183081786,0
7949.623593753244,phase0-forces,E,nominal,Kerbin,3531599999999.9995,600000.0,50074.6328125,1479511.25,1479512.875,314.8959655761719,28504.165946270456,927.0012891315414,3.00115704536438,-534223.1404438851,-1067.2300952060602,331092.10779783607,-863.120527707967,-1.5211584059566488,338.1597710813103,78974.31284565188,-598431.9165706076,340271.19813752215,0
7950.143593753255,phase0-forces,E,nominal,Kerbin,3531599999999.9995,600000.0,49825.49609375,1479551.5,1479552.875,314.9045104980469,28981.190228432417,937.558390813429,3.016601085662842,-534674.4170412689,-1068.0259421662522,331269.4745118264,-872.2426339731034,-1.5391574905334517,343.81121950650254,80828.9190922851,-598431.906228992,341198.5064316465,0
7950.6635937532665,phase0-forces,E,nominal,Kerbin,3531599999999.9995,600000.0,49576.359375,1479588.375,1479589.75,314.912353515625,29463.82982759003,948.2047251991354,3.032169818878174,-535130.4570891578,-1068.8311864693144,331449.791909214,-881.4389911716573,-1.5572958803021184,349.50691060664303,82725.43536437699,-598431.8958751837,342146.7697445966,0
7951.183593753278,phase0-forces,E,nominal,Kerbin,3531599999999.9995,600000.0,49327.2265625,1479622.375,1479623.625,314.9195861816406,29952.129849047866,958.9409557945891,3.0478649139404297,-535591.2993692043,-1069.6458989234259,331633.0830888404,-890.7102273198086,-1.575569710273419,355.24718890967046,84664.9664109099,-598431.8852069615,343116.5406019742,0
7951.703593753289,phase0-forces,E,nominal,Kerbin,3531599999999.9995,600000.0,49078.08984375,1479653.375,1479654.5,314.92620849609375,30446.135772354784,969.7677676578897,3.063692569732666,-536056.9829895977,-1070.4701536641753,331819.3713333122,-900.0569861883481,-1.5939939052658594,361.03241403666846,86648.65700772742,-598431.8740111343,344108.3914982966,0
7952.2235937533005,phase0-forces,E,nominal,Kerbin,3531599999999.9995,600000.0,48828.9609375,1479681.875,1479683.0,314.9322814941406,30945.893460998195,980.6858513800414,3.0796525478363037,-536527.5473957743,-1071.3040315009246,332008.6801100907,-909.4799163106429,-1.6125754201673241,366.86294515131533,88677.6915149747,-598431.8620237411,345122.9147456168,0
7952.723593753311,phase0-forces,E,nominal,Kerbin,3531599999999.9995,600000.0,48589.40625,1479706.75,1479707.875,314.9375915527344,31431.89694633812,991.2707476780301,3.095127582550049,-536984.6530208563,-1072.1149865251048,332193.5783105646,-918.6128800086308,-1.6305845490963093,372.5122992310967,90672.59077481844,-598431.849564946,346120.3706049362,0
7953.243593753323,phase0-forces,E,nominal,Kerbin,3531599999999.9995,600000.0,48340.2734375,1479730.875,1479731.75,314.94268798828125,31943.071672753897,1002.3699630636518,3.1113598346710205,-537464.9071720842,-1072.9679710617977,332388.8808811619,-928.1871857197814,-1.6494600251698897,378.43278187736865,92794.1791779697,-598431.8351112482,347181.17203336075,0
7953.743593753334,phase0-forces,E,nominal,Kerbin,3531599999999.9995,600000.0,48100.71875,1479751.875,1479752.75,314.9471740722656,32440.139745448716,1013.1304109796513,3.127105951309204,-537931.4044288993,-1073.797440220254,332579.5866397277,-937.4669961118509,-1.6677452895672291,384.1693369836655,94880.4707304656,-598431.8195993407,348224.32556556247,0
7954.263593753345,phase0-forces,E,nominal,Kerbin,3531599999999.9995,600000.0,47851.5859375,1479772.125,1479773.0,314.95147705078125,32962.91257517657,1024.4136842797705,3.1436285972595215,-538421.504127768,-1074.6698266085925,332780.975527758,-947.1953946785636,-1.686912687403692,390.1812850009065,97099.6943259897,-598431.8016203742,349333.94635280775,0
7954.783593753356,phase0-forces,E,nominal,Kerbin,3531599999999.9995,600000.0,47602.44921875,1479791.0,1479791.75,314.95550537109375,33491.668891366106,1035.7919849865693,3.1603081226348877,-538916.6839970369,-1075.5522227415834,332985.5033658705,-957.0034502243252,-1.7062411999023113,396.24048400197944,99370.77320794063,-598431.7815358945,350469.49583602307,0
7955.323593753368,phase0-forces,E,nominal,Kerbin,3531599999999.9995,600000.0,47343.734375,1479809.375,1479810.0,314.9593811035156,34047.1469509427,1047.709395851038,3.177800178527832,-539436.3308904179,-1076.4792426673207,333201.24649309774,-967.2738773360148,-1.7264824643614802,402.5832133065157,101785.67121706938,-598431.758284035,351676.9564665172,0
7955.86359375338,phase0-forces,E,nominal,Kerbin,3531599999999.9995,600000.0,47085.01953125,1479826.125,1479826.75,314.9629821777344,34609.18446682335,1059.731165536332,3.1954715251922607,-539961.548230649,-1077.4172391502757,333420.42920927913,-977.631930035722,-1.7468888872696535,408.9778734391839,104259.80502359057,-598431.7322667368,352914.0363784269,0
7956.383593753391,phase0-forces,E,nominal,Kerbin,3531599999999.9995,600000.0,46835.8828125,1479841.125,1479841.75,314.9661865234375,35156.65688418399,1071.4072248628386,3.212656259536743,-540472.6222701793,-1078.330952808778,333634.7712140408,-987.6899955325968,-1.7666979743681788,415.1852514136014,106699.95788879215,-598431.7044917763,354134.1266985079,0
7956.903593753403,phase0-forces,E,nominal,Kerbin,3531599999999.9995,600000.0,46586.74609375,1479855.0,1479855.625,314.9691162109375,35710.312917838804,1083.1818468469341,3.230010747909546,-540988.948775408,-1079.255010836729,333852.35428493994,-997.830950240337,-1.7866707588747572,421.4417111402248,109198.35754074145,-598431.6737089696,355383.3419158859,0
7957.4435937534145,phase0-forces,E,nominal,Kerbin,3531599999999.9995,600000.0,46328.03125,1479868.25,1479868.75,314.971923828125,36291.86228198081,1095.5146277300453,3.2482151985168457,-541530.7398121189,-1080.2256516746936,334081.76388026914,-1008.4505528935296,-1.807590299837274,427.99125523372766,111856.3500602683,-598431.6383745499,356712.3558428592,0
7957.963593753426,phase0-forces,E,nominal,Kerbin,3531599999999.9995,600000.0,46078.8984375,1479879.875,1479880.25,314.9743957519531,36858.27969860798,1107.49297610365,3.2659239768981934,-542057.9078850244,-1081.1710650100572,334306.03343210695,-1018.763024743996,-1.827901821809142,434.34922620895065,114478.900591227,-598431.6009867059,358023.64980226057,0
7958.483593753437,phase0-forces,E,nominal,Kerbin,3531599999999.9995,600000.0,45829.76171875,1479890.5,1479890.875,314.9766540527344,37431.03512666572,1119.572683973777,3.283811569213867,-542590.4613941925,-1082.1270844656015,334533.6227461492,-1029.1609252264807,-1.8483772307547512,440.7577205096172,117165.15773662122,-598431.5599162207,359366.79891020025,0
7959.0035937534485,phase0-forces,E,nominal,Kerbin,3531599999999.9995,600000.0,45580.62890625,1479900.0,1479900.25,314.97869873046875,38010.180400557,1131.7547030771,3.3018798828125,-543128.4449921049,-1083.0937958046525,334764.5582241927,-1039.6451154017802,-1.8690194947334322,447.2172276695994,119917.06654659205,-598431.5149429296,360742.7758018312,0
7959.52359375346,phase0-forces,E,nominal,Kerbin,3531599999999.9995,600000.0,45331.49609375,1479908.75,1479909.0,314.9805603027344,38595.76787053235,1144.0399692293358,3.3201253414154053,-543671.903779321,-1084.0712874290507,334998.8665243024,-1050.216443012484,-1.8898337548362445,453.7282254266811,122736.64630812325,-598431.4657933966,362152.59025736334,0
7960.043593753471,phase0-forces,E,nominal,Kerbin,3531599999999.9995,600000.0,45082.359375,1479916.625,1479917.0,314.98223876953125,39187.85039926029,1156.4294745585676,3.3385608196258545,-544220.883304878,-1085.0596474174995,335236.57455362304,-1060.875806067421,-1.9108154656698413,460.2912148986338,125626.00654882018,-598431.4120756797,363597.2972365702,0
7960.563593753483,phase0-forces,E,nominal,Kerbin,3531599999999.9995,600000.0,44833.2265625,1479924.0,1479924.125,314.9837951660156,39786.48139676894,1168.924244595627,3.357191562652588,-544775.4295946107,-1086.0589647802337,335477.70948900713,-1071.6241280911845,-1.9319711781958007,466.90672000264897,128587.34824460093,-598431.3535180286,365077.99736328615,0
7961.083593753494,phase0-forces,E,nominal,Kerbin,3531599999999.9995,600000.0,44584.08984375,1479930.5,1479930.75,314.9851989746094,40391.71483130881,1181.5253254996046,3.3760204315185547,-545335.5891609489,-1087.0693303805976,335722.2987817997,-1082.4623493867439,-1.9533041530254138,473.575275494787,131622.96633505437,-598431.2898624213,366595.8382363165,0
7961.603593753505,phase0-forces,E,nominal,Kerbin,3531599999999.9995,600000.0,44334.95703125,1479936.5,1479936.75,314.9864807128906,41003.60523399012,1194.2337844671997,3.3950533866882324,-545901.4090039544,-1088.0908378638387,335970.370164988,-1093.3914252027841,-1.9748173691756963,480.29743217326586,134735.25490489148,-598431.2209679583,368152.0169684666,0
7962.123593753517,phase0-forces,E,nominal,Kerbin,3531599999999.9995,600000.0,44085.8203125,1479942.125,1479942.5,314.9876708984375,41622.20772236865,1207.0507177018621,3.4142942428588867,-546472.9366323701,-1089.1235806037173,336221.95166399574,-1104.4123350877385,-1.9965100830159626,487.0737553575616,137926.71391331288,-598431.1466926828,369747.78361031506,0
7962.643593753528,phase0-forces,E,nominal,Kerbin,3531599999999.9995,600000.0,43836.6875,1479947.625,1479947.75,314.98883056640625,42247.57800339605,1219.9772324362289,3.433746099472046,-547050.2200655583,-1090.1676506567858,336477.07159915956,-1115.5260661517018,-2.0183772801791298,493.9048183122169,141199.9516531845,-598431.0669546359,371384.4423492743,0
7963.143593753539,phase0-forces,E,nominal,Kerbin,3531599999999.9995,600000.0,43597.1328125,1479952.375,1479952.5,314.9898376464844,42855.330344284535,1232.5109807731378,3.4526565074920654,-547610.7734678682,-1091.182331889415,336725.74278647156,-1126.300830068417,-2.0395748087857224,500.5253220848632,144426.95526318497,-598430.9850528508,372997.9851051671,0
7963.66359375355,phase0-forces,E,nominal,Kerbin,3531599999999.9995,600000.0,43348.0,1479956.875,1479957.25,314.9908142089844,43494.140038508456,1245.6557940108858,3.4725399017333984,-548199.4886194764,-1092.2488930095842,336987.88692414423,-1137.5996252539212,-2.061806450195194,507.46546555326347,147868.6425108033,-598430.8938058724,374718.87435246544,0
7964.163593753561,phase0-forces,E,nominal,Kerbin,3531599999999.9995,600000.0,43108.44921875,1479961.125,1479961.25,314.99169921875,44114.92074053921,1258.4016115628535,3.4918696880340576,-548771.1253181002,-1093.2853812421029,337243.3659314476,-1148.554270559913,-2.083358401123562,514.1919516876413,151262.9997665719,-598430.800218678,376416.099773947,0
7964.703593753573,phase0-forces,E,nominal,Kerbin,3531599999999.9995,600000.0,42849.73046875,1479965.25,1479965.375,314.9925842285156,44792.62666321464,1272.2857104836032,3.5129849910736084,-549394.672459557,-1094.4169447332922,337523.07702415675,-1160.4859799889632,-2.106827581859977,521.5158488745697,155025.78338929394,-598430.6922225835,378297.54558335524,0
7965.223593753584,phase0-forces,E,nominal,Kerbin,3531599999999.9995,600000.0,42600.59765625,1479968.75,1479968.875,314.9933166503906,45452.42057053244,1285.7732350663302,3.533552408218384,-550001.2420182507,-1095.518627878345,337796.18239062006,-1172.0756899543692,-2.1296187073712076,528.6273297466631,158747.60229337518,-598430.5815520921,380158.51037064154,0
7965.743593753596,phase0-forces,E,nominal,Kerbin,3531599999999.9995,600000.0,42351.4609375,1479972.0,1479972.125,314.9940185546875,46119.32727476186,1299.3774489921857,3.554356813430786,-550613.8648490851,-1096.6322162326896,338073.00145342364,-1183.7645425721453,-2.1526105859780977,535.7971901438684,162569.4124145325,-598430.4643036608,382069.47405543586,0
7966.263593753607,phase0-forces,E,nominal,Kerbin,3531599999999.9995,600000.0,42102.328125,1479975.125,1479975.125,314.9946594238281,46793.4069103424,1313.0996253074936,3.5754032135009766,-551232.5928113959,-1097.757814426438,338353.56474092964,-1195.5536707249203,-2.175802414553572,543.0260696160931,166494.7855381231,-598430.3400576481,384032.2227402375,0
7966.783593753618,phase0-forces,E,nominal,Kerbin,3531599999999.9995,600000.0,41853.1953125,1479977.75,1479977.75,314.9952392578125,47474.720288695185,1326.9410530959915,3.5966947078704834,-551857.4783540405,-1098.895525531843,338637.90311521204,-1207.4442249086621,-2.199191672036462,550.3146060956486,170527.4639690934,-598430.2081953979,386048.62788684777,0
7967.30359375363,phase0-forces,E,nominal,Kerbin,3531599999999.9995,600000.0,41604.05859375,1479980.25,1479980.125,314.9957580566406,48163.328917028615,1340.9030521258376,3.618236780166626,-552488.5745335614,-1100.0454499200666,338926.0477783992,-1219.4373709605923,-2.222769009383563,557.6634763036185,174671.37482667132,-598430.0685890274,388120.65311882197,0
7967.823593753641,phase0-forces,E,nominal,Kerbin,3531599999999.9995,600000.0,41354.921875,1479982.25,1479982.5,314.9962158203125,48859.29500715877,1354.9869641464243,3.6400346755981445,-553125.9350146239,-1101.2076865018394,339218.03028880444,-1231.5342933728941,-2.246542078402672,565.0733671851468,178930.63885048695,-598429.9210977597,390250.3588763636,0
7968.343593753652,phase0-forces,E,nominal,Kerbin,3531599999999.9995,600000.0,41105.7890625,1479984.25,1479984.5,314.99664306640625,49562.681489454466,1369.1941578094022,3.6620934009552,-553769.6140843274,-1102.3823430417401,339513.88256422675,-1243.7361990592694,-2.2705338269671658,572.5449795475811,183309.58357736538,-598429.7655901838,392439.9089935908,0
7968.843593753663,phase0-forces,E,nominal,Kerbin,3531599999999.9995,600000.0,40866.23828125,1479986.25,1479986.25,314.9970397949219,50246.071690273006,1382.972489654568,3.683556079864502,-554394.5461199613,-1103.523638173214,339802.03533330077,-1255.5689582687482,-2.293799435204178,579.788096339892,187637.20546058496,-598429.608341332,394603.7985596265,0
7969.383593753675,phase0-forces,E,nominal,Kerbin,3531599999999.9995,600000.0,40607.51953125,1479987.875,1479987.875,314.9974060058594,50991.97104152199,1397.9840236934147,3.7070159912109375,-555076.1483276082,-1104.7693617412858,340117.3259376389,-1268.4599278477945,-2.319142483637125,587.6762403947758,192444.9441231481,-598429.4297499807,397007.7571865837,0
7969.923593753687,phase0-forces,E,nominal,Kerbin,3531599999999.9995,600000.0,40348.8046875,1479989.25,1479989.5,314.9977111816406,51746.08097087988,1413.1331205809502,3.730774164199829,-555764.7443181314,-1106.02883181463,340436.89537728723,-1281.468190744365,-2.344705184688075,595.6332721992743,197397.2356734333,-598429.2413558298,399483.99715880177,0
7970.423593753698,phase0-forces,E,nominal,Kerbin,3531599999999.9995,600000.0,40109.25,1479990.625,1479990.75,314.99798583984375,52451.71594604605,1427.28415262374,3.7530431747436523,-556408.6245001096,-1107.207371099029,340736.6406987563,-1293.618722985399,-2.3685828664380773,603.0630495128166,202116.73513469356,-598429.0580310628,401843.83855181537,0
7970.943593753709,phase0-forces,E,nominal,Kerbin,3531599999999.9995,600000.0,39860.1171875,1479992.0,1479991.875,314.9982604980469,53193.174519281136,1442.1292713841633,3.7764840126037598,-557084.7334993212,-1108.4457727537783,341052.33365062205,-1306.364527130612,-2.3936281492022076,610.8541791476207,207167.213056523,-598428.8583973233,404369.17732959986,0
7971.4635937537205,phase0-forces,E,nominal,Kerbin,3531599999999.9995,600000.0,39610.98046875,1479992.875,1479993.0,314.99847412109375,53942.446951888036,1457.1064486529103,3.8002142906188965,-557767.5005770297,-1109.6972581321475,341372.09580964793,-1319.2230463226038,-2.41889726635549,618.7114882505582,212368.48231884034,-598428.64933092,406969.9164939602,0
7971.983593753732,phase0-forces,E,nominal,Kerbin,3531599999999.9995,600000.0,39361.84765625,1479994.0,1479994.0,314.9986877441406,54699.60159216088,1472.2172607734797,3.8242454528808594,-558456.9847160222,-1110.9619438690713,341695.96179993404,-1332.1956722003283,-2.444390676569398,626.6357625002767,217726.74944369507,-598428.4302826618,409649.1595805166,0
7972.503593753743,phase0-forces,E,nominal,Kerbin,3531599999999.9995,600000.0,39112.71484375,1479994.75,1479994.625,314.99884033203125,55464.70762268838,1487.4632930327639,3.8485782146453857,-559153.2456261314,-1112.239946194776,342023.9666557908,-1345.2838010368243,-2.4701064734770677,634.6277975016521,223248.5607655621,-598428.2008290099,412410.1799682761,0
7973.0235937537545,phase0-forces,E,nominal,Kerbin,3531599999999.9995,600000.0,38863.578125,1479995.375,1479995.5,314.9989929199219,56237.835070663714,1502.8461609408707,3.8732199668884277,-559856.343748704,-1113.5313815176755,342356.1458341694,-1358.4888499130316,-2.496048684860636,642.6884142861493,228940.83223821537,-598427.9607664635,415256.4357358759,0
7973.543593753766,phase0-forces,E,nominal,Kerbin,3531599999999.9995,600000.0,38614.4453125,1479996.125,1479996.125,314.9991455078125,57019.0548271056,1518.367527801596,3.8981783390045166,-560566.340273384,-1114.8363672731216,342692.53522404295,-1371.8122754758595,-2.5222152108681293,650.8184606835493,234810.88077464153,-598427.7099437544,418191.5854154436,0
7974.043593753777,phase0-forces,E,nominal,Kerbin,3531599999999.9995,600000.0,38374.89453125,1479996.75,1479996.625,314.999267578125,57777.92590463546,1533.4240894052673,3.922478437423706,-561255.5924214062,-1116.1040492415393,343019.9908093575,-1384.7362615417353,-2.547593547848423,658.7020826647711,240630.00818920904,-598427.4584786058,421101.2748553016,0
7974.583593753789,phase0-forces,E,nominal,Kerbin,3531599999999.9995,600000.0,38116.17578125,1479997.25,1479997.25,314.9993591308594,58606.05923297349,1549.8324949230837,3.949061870574951,-562007.2770910409,-1117.4874649112921,343378.09041473054,-1398.8201591041995,-2.575246930452782,667.2902613604215,247115.70919203584,-598427.1751438976,424344.2670240691,0
7975.0835937537995,phase0-forces,E,nominal,Kerbin,3531599999999.9995,600000.0,37876.625,1479997.5,1479997.5,314.99945068359375,59380.83820918854,1565.1635297544735,3.9739973545074463,-562710.0938596925,-1118.7817829640862,343713.8175767601,-1411.9789226819037,-2.6010894311221757,675.3115067206429,253315.37301398115,-598426.9014935042,427444.2357602385,0
7975.623593753811,phase0-forces,E,nominal,Kerbin,3531599999999.9995,600000.0,37617.90625,1479997.875,1479998.0,314.9995422363281,60226.30580617068,1581.8720269527705,4.001279830932617,-563476.5610401751,-1120.1942296612608,344080.92827369657,-1426.319590764594,-2.629255598797247,684.0501602015629,260230.62087065703,-598426.5933979464,430902.0137363553,0
7976.143593753823,phase0-forces,E,nominal,Kerbin,3531599999999.9995,600000.0,37368.76953125,1479998.125,1479998.25,314.9996032714844,61049.08174510661,1598.111724569338,4.027905464172363,-564221.9944936598,-1121.5688060685743,344438.92272659665,-1440.2575573032118,-2.6566256882941843,692.5403924515319,267115.25303576584,-598426.2838973149,434344.48456922546,0
7976.663593753834,phase0-forces,E,nominal,Kerbin,3531599999999.9995,600000.0,37119.63671875,1479998.5,1479998.5,314.9996643066406,61880.39433965029,1614.5005109363638,4.054887771606445,-564974.709948761,-1122.9576796080678,344801.35222410905,-1454.3231809543179,-2.6842373580445544,701.10539865451,274231.6570857564,-598425.9616860448,437902.8476998558,0
7977.163593753845,phase0-forces,E,nominal,Kerbin,3531599999999.9995,600000.0,36880.0859375,1479998.75,1479998.875,314.9997253417969,62687.8558897957,1630.4013265646042,4.081174850463867,-565705.4042886777,-1124.306737197047,345154.0610173361,-1467.969752896533,-2.7110246788588577,709.4123910601671,281303.21237031417,-598425.6395983351,441438.7863859895,0
7977.683593753856,phase0-forces,E,nominal,Kerbin,3531599999999.9995,600000.0,36630.94921875,1479999.125,1479999.125,314.9997863769531,63536.139209740446,1647.0881126388254,4.108877182006836,-566472.5985887067,-1125.7240329248054,345525.3041832502,-1482.2906386721768,-2.7391373148579907,718.1268762744703,288907.02669192513,-598425.2915575013,445240.8675672119,0
7978.203593753868,phase0-forces,E,nominal,Kerbin,3531599999999.9995,600000.0,36381.81640625,1479999.25,1479999.25,314.99981689453125,64393.191347308806,1663.9297382910759,4.136960029602051,-567247.2753537316,-1127.156016869412,345901.0997839457,-1496.744207970651,-2.7675115926150236,726.9190400280501,296777.49402317905,-598424.9298720845,449176.28207554726,0
7978.7035937538785,phase0-forces,E,nominal,Kerbin,3531599999999.9995,600000.0,36142.26171875,1479999.5,1479999.5,314.9998779296875,65225.62423271092,1680.2715093127495,4.164328575134277,-567999.2778390801,-1128.5469045288955,346266.772722951,-1510.768640781426,-2.795044219714887,735.447242681212,304609.14003144053,-598424.5688343969,453092.2855985218,0
7979.24359375389,phase0-forces,E,nominal,Kerbin,3531599999999.9995,600000.0,35883.546875,1479999.75,1479999.625,314.9999084472656,66133.92493407626,1698.0856410701106,4.194298267364502,-568819.3550815503,-1130.0645990280032,346666.51148717664,-1526.056509331851,-2.8250481972739285,744.7404875774232,313372.71103782475,-598424.1637836739,457474.2736270754,0
7979.763593753902,phase0-forces,E,nominal,Kerbin,3531599999999.9995,600000.0,35634.4140625,1479999.875,1479999.875,314.99993896484375,67017.7705183234,1715.4040893358797,4.223567008972168,-569616.8997924308,-1131.5414690212774,347056.2105365619,-1540.918882166072,-2.8542122738554396,753.7718764763097,322126.970044803,-598423.7587051302,461851.6056698364,0
7980.283593753913,phase0-forces,E,nominal,Kerbin,3531599999999.9995,600000.0,35385.27734375,1480000.0,1480000.0,314.9999694824219,67910.71321855311,1732.8856981403012,4.253244876861572,-570422.2104853442,-1133.0335777003183,347450.62793444743,-1555.92120633076,-2.883650038479672,762.8851336026196,331207.05559125985,-598423.3384248149,466391.8585832225,0
7980.803593753924,phase0-forces,E,nominal,Kerbin,3531599999999.9995,600000.0,35136.14453125,1480000.125,1480000.125,315.0,68812.83789035829,1750.5326505233784,4.2833404541015625,-571235.3604503962,-1134.5410690300253,347849.806546767,-1571.0653906475668,-2.9133661691108004,772.0813500890805,340630.45029960223,-598422.9023690347,471103.77396528376,0
7981.323593753936,phase0-forces,E,nominal,Kerbin,3531599999999.9995,600000.0,34887.0078125,1480000.125,1480000.125,315.0,69724.23053400125,1768.3471620318765,4.313861846923828,-572056.4239687889,-1136.0640876399095,348253.78981253016,-1586.3533638323138,-2.9433621895466553,781.3616493936179,350415.90553481237,-598422.4503198189,475996.7276074967,0
7981.823593753947,phase0-forces,E,nominal,Kerbin,3531599999999.9995,600000.0,34647.45703125,1480000.125,1480000.125,315.0,70609.39089070994,1785.6365944437077,4.3436126708984375,-572853.4410618596,-1137.5433090147174,348646.80725573207,-1601.1907508452657,-2.972474419877653,790.3653529981689,360185.163348368,-598422.0001804285,480881.58158396976,0
7982.363593753958,phase0-forces,E,nominal,Kerbin,3531599999999.9995,600000.0,34388.7421875,1480000.125,1480000.125,315.0,71575.16959943483,1804.4878785991973,4.376206398010254,-573722.5938663754,-1139.1572985049402,349076.34699360124,-1617.3685466391923,-3.0042137966264306,800.1790193782401,371155.05339368107,-598421.4963054686,486366.77854410623,0
7982.90359375397,phase0-forces,E,nominal,Kerbin,3531599999999.9995,600000.0,34130.0234375,1480000.125,1480000.125,315.0,72551.22881728166,1823.5273305688577,4.409292697906494,-574600.5276339891,-1140.7885142398998,349511.21244953305,-1633.7079243077937,-3.036264150337588,810.0871091959884,382585.6524470772,-598420.973577068,492082.33943500463,0
7983.423593753982,phase0-forces,E,nominal,Kerbin,3531599999999.9995,600000.0,33880.890625,1480000.125,1480000.125,315.0,73500.94909258769,1842.0419950344162,4.441628932952881,-575454.3265401212,-1142.3757525987196,349935.0532206112,-1649.5970600400983,-3.0674244597263174,819.718757797222,394054.66649672843,-598420.4521011938,497817.1071977673,0
7983.943593753993,phase0-forces,E,nominal,Kerbin,3531599999999.9995,600000.0,33631.75390625,1480000.125,1480000.125,315.0,74460.38899339107,1860.7361574117617,4.474445343017578,-576316.4291556902,-1143.979274694116,350363.9266787746,-1665.6403907750134,-3.0988867680283607,829.4404939591193,406004.3541042418,-598419.9124193679,503792.22084243695,0
7984.443593754004,phase0-forces,E,nominal,Kerbin,3531599999999.9995,600000.0,33392.203125,1480000.125,1480000.125,315.0,75392.18045491201,1878.8829504987145,4.506458759307861,-577153.279957877,-1145.5366280801459,350781.0949856601,-1681.21414750761,-3.129430100482872,838.8744474367192,417975.1928881649,-598419.3755683304,509777.90865991724,0
7984.963593754015,phase0-forces,E,nominal,Kerbin,3531599999999.9995,600000.0,33143.06640625,1480000.125,1480000.125,315.0,76370.96012751106,1897.9366359027924,4.5402445793151855,-578031.9077515574,-1147.1725591092058,351219.97853201017,-1697.5664228356416,-3.1614995647817685,848.7766012818181,430955.7768087905,-598418.7981527209,516268.4893280348,0
7985.4835937540265,phase0-forces,E,nominal,Kerbin,3531599999999.9995,600000.0,32893.93359375,1480000.125,1480000.125,315.0,77359.73870356858,1917.17748677442,4.574536323547363,-578919.0804473341,-1148.8252474716344,351664.0358511667,-1714.079568716355,-3.193880133258223,858.7726981183846,444511.8538402935,-598418.2011191129,523046.8263605903,0
7986.023593754038,phase0-forces,E,nominal,Kerbin,3531599999999.9995,600000.0,32635.216796875,1480000.125,1480000.125,315.0,78397.23812749109,1937.3593992932267,4.6107048988342285,-579849.5126669913,-1150.5594152740211,352130.7023988286,-1731.4006533158054,-3.2278333625077784,869.2541635328522,459238.82791238115,-598417.5598173223,530410.6340475294,0
7986.54359375405,phase0-forces,E,nominal,Kerbin,3531599999999.9995,600000.0,32386.083984375,1480000.125,1480000.125,315.0,79406.70891980035,1956.990277765003,4.646077632904053,-580754.371932888,-1152.2467750261337,352585.4618861085,-1748.2491250182068,-3.260858176521983,879.4460250315366,474088.18920202204,-598416.9210976177,537835.6340522021,0
7987.063593754061,phase0-forces,E,nominal,Kerbin,3531599999999.9995,600000.0,32136.947265625,1480000.125,1480000.125,315.0,80426.4825576503,1976.8167579923934,4.68199348449707,-581668.0389282283,-1153.9513984603018,353045.54812564276,-1765.265807952053,-3.294210310466424,889.7360676815191,489638.1848426692,-598416.2611612292,545610.96184072,0
7987.563593754072,phase0-forces,E,nominal,Kerbin,3531599999999.9995,600000.0,31897.396484375,1480000.125,1480000.125,315.0,81416.84236667608,1996.0678369850696,4.7170562744140625,-582554.9504393173,-1155.6068933764413,353493.00891576917,-1781.788979216519,-3.3265886857350497,899.7242784300786,505296.4572553395,-598415.6059909045,553440.4256322175,0
7988.083593754083,phase0-forces,E,nominal,Kerbin,3531599999999.9995,600000.0,31648.26171875,1480000.125,1480000.125,315.0,82457.12014270911,2016.2864867513479,4.754086017608643,-583486.1485994549,-1157.345869949595,353963.69273781776,-1799.1430029319422,-3.3605863446418924,910.2111612788249,522367.6349470888,-598414.9025809193,561976.3661830848,0
7988.583593754094,phase0-forces,E,nominal,Kerbin,3531599999999.9995,600000.0,31408.708984375,1480000.125,1480000.125,315.0,83467.38987493701,2035.9202107287997,4.7902445793151855,-584390.0851042048,-1159.0347173638088,354421.44135602616,-1815.9953730231864,-3.393591682699501,920.3914347427777,539592.5780936887,-598414.2045846218,570589.1867545334,0
7989.1035937541055,phase0-forces,E,nominal,Kerbin,3531599999999.9995,600000.0,31159.57421875,1480000.125,1480000.125,315.0,84528.58354572696,2056.5427534110904,4.828442573547363,-585339.1708041941,-1160.8087252386767,354902.9294560433,-1833.6969253674051,-3.4282484336884886,931.0810542688916,558411.8674659228,-598413.4556907481,579999.2058875874,0
7989.623593754117,phase0-forces,E,nominal,Kerbin,3531599999999.9995,600000.0,30910.439453125,1480000.125,1480000.125,315.0,85600.59584543144,2077.375846353216,4.867201328277588,-586297.5098611858,-1162.600845688868,355390.00452102895,-1851.5796834722282,-3.4632453029565067,941.8763659295175,578224.4565775653,-598412.6828039198,589905.8868868228,0
7990.143593754128,phase0-forces,E,nominal,Kerbin,3531599999999.9995,600000.0,30661.3046875,1480000.125,1480000.125,315.0,86683.54118262278,2098.4227757316403,4.906687259674072,-587265.2014883771,-1164.4112658180818,355882.7236581269,-1869.6465099606967,-3.4985921287608837,952.779005517116,599108.9923052657,-598411.8849838657,600348.5536607,0
7990.66359375414,phase0-forces,E,nominal,Kerbin,3531599999999.9995,600000.0,30412.171875,1480000.125,1480000.125,315.0,87777.51327209582,2119.6867619603745,4.9467453956604,-588242.3253244096,-1166.2401374052238,356381.13634649804,-1887.9001919330512,-3.5342887858743572,963.7906115604073,621152.4515884633,-598411.0620326719,611370.6947778957,0
7991.203593754151,phase0-forces,E,nominal,Kerbin,3531599999999.9995,600000.0,30153.453125,1480000.125,1480000.125,315.0,88925.38427792687,2142.0021770332605,4.989090919494629,-589267.1478971917,-1168.1591294005696,356904.81772574416,-1907.0570583129668,-3.5717384839191406,975.3429886138119,645374.5564552471,-598410.1798731481,623482.1882910494,0
7991.723593754163,phase0-forces,E,nominal,Kerbin,3531599999999.9995,600000.0,29904.318359375,1480000.125,1480000.125,315.0,90042.22778918582,2163.719527058963,5.030525207519531,-590263.8424043321,-1170.0262564466716,357415.0297915515,-1925.7011111833951,-3.6081662680014697,986.5821827397258,670092.5925359966,-598409.3035757757,635841.6444801104,0
7992.223593754174,phase0-forces,E,nominal,Kerbin,3531599999999.9995,600000.0,29664.767578125,1480000.125,1480000.125,315.0,91126.85212210158,2184.8163227431037,5.070977687835693,-591231.3899699023,-1171.839515149632,357911.15661657345,-1943.8130154846863,-3.6435268875768503,997.4968920597439,695262.8901203889,-598408.4352580105,648427.2274311893,0
7992.763593754185,phase0-forces,E,nominal,Kerbin,3531599999999.9995,600000.0,29406.05078125,1480000.125,1480000.125,315.0,92310.20617225976,2207.841215210646,5.1154608726501465,-592286.5780016434,-1173.817810188724,358453.13953308936,-1963.580904481795,-3.68208818640174,1009.4054217032248,724132.8779237156,-598407.4681952203,662862.7048642476,0
7993.283593754197,phase0-forces,E,nominal,Kerbin,3531599999999.9995,600000.0,29156.916015625,1480000.125,1480000.125,315.0,93461.5927703561,2230.2530714793793,5.1590495109558105,-593312.8376397535,-1175.7426302120775,358981.1624148685,-1982.8231718880663,-3.7195934025514923,1020.9932401793233,753744.255635689,-598406.5077223955,677668.8739566468,0
7993.803593754208,phase0-forces,E,nominal,Kerbin,3531599999999.9995,600000.0,28907.783203125,1480000.125,1480000.125,315.0,94624.72815095528,2252.903976144198,5.203369140625,-594349.1542358344,-1177.6870444281074,359515.2415004993,-2002.2713865149506,-3.757466762574952,1032.7010709364854,785306.8813453198,-598405.5180638859,693450.681640717,0
7994.3235937542195,phase0-forces,E,nominal,Kerbin,3531599999999.9995,600000.0,28658.646484375,1480000.125,1480000.125,315.0,95799.7417009779,2275.7979097057187,5.248509407043457,-595395.6399898147,-1179.6512514296708,360055.44136312057,-2021.929007862504,-3.795709319238955,1044.53090216414,819016.8285826799,-598404.4982474635,710306.1651676082,0
7994.82359375423,phase0-forces,E,nominal,Kerbin,3531599999999.9995,600000.0,28419.095703125,1480000.125,1480000.125,315.0,96940.8905178773,2298.044338861989,5.2925872802734375,-596411.5762859606,-1181.5587722624884,360580.6989660086,-2041.0313826345828,-3.8328354312979265,1056.0227212749533,853662.9114636735,-598403.4885229314,727629.7114703711,0
7995.343593754242,phase0-forces,E,nominal,Kerbin,3531599999999.9995,600000.0,28169.9609375,1480000.125,1480000.125,315.0,98139.57888532942,2321.426931025785,5.339245796203613,-597478.3340746231,-1183.5623760912604,361133.09332945413,-2061.1101192974256,-3.871814727560703,1068.097880005509,892263.1430712228,-598402.4077821915,746930.3676445156,0
7995.863593754253,phase0-forces,E,nominal,Kerbin,3531599999999.9995,600000.0,27920.826171875,1480000.125,1480000.125,315.0,99350.52514072217,2345.064888600918,5.386768341064453,-598555.5890084608,-1185.5863457951564,361691.80010936817,-2081.408962161612,-3.911172678942964,1080.30123887295,933770.3914057114,-598401.2946541578,767684.5483757769,0
7996.383593754264,phase0-forces,E,nominal,Kerbin,3531599999999.9995,600000.0,27671.69140625,1480000.125,1480000.125,315.0,100573.87155224511,2368.9615224893787,5.436250686645508,-599643.4617302876,-1187.630894022052,362256.8948117872,-2101.9184724257916,-3.950915129257957,1092.6581444258138,978520.2292655054,-598400.7108997961,790059.7591828547,0
7996.903593754276,phase0-forces,E,nominal,Kerbin,3531599999999.9995,600000.0,27422.55859375,1480000.125,1480000.125,315.0,101809.75409508043,2393.123358973065,5.484297275543213,-600742.0683763647,-1189.6962226505339,362828.4482352264,-2122.6669296867,-3.991047997123945,1105.128313098913,1026905.7565393287,-598399.621653889,814253.0674427199,0
7997.423593754287,phase0-forces,E,nominal,Kerbin,3531599999999.9995,600000.0,27173.421875,1480000.125,1480000.125,315.0,103058.3051366288,2417.553846401404,5.534415245056152,-601851.5256539827,-1191.782520087218,363406.5232545879,-2143.645005243131,-4.031550596791492,1117.7371955635122,1079381.9077987403,-598398.5894815404,840491.6591585999,0
7997.9435937542985,phase0-forces,E,nominal,Kerbin,3531599999999.9995,600000.0,26924.2890625,1480000.125,1480000.125,315.0,104319.66540953377,2442.2577457429306,5.585459232330322,-602971.9540533428,-1193.889984193719,363991.19266047736,-2164.856778340812,-4.072449615796299,1130.4872582507542,1136484.6647092851,-598397.6157988358,869043.5244552246,0
7998.46359375431,phase0-forces,E,nominal,Kerbin,3531599999999.9995,600000.0,26876.376953125,0.0,1480000.125,315.0,105588.89111398044,2444.0622722770822,0.0009525243658572435,-604099.1168754654,-1196.010399698033,364579.90867965156,-2166.408681839353,-4.075305086920955,1131.413808430735,1148047.598787242,-598397.4353087563,874825.0817392429,0
7998.963593754321,phase0-forces,E,nominal,Kerbin,3531599999999.9995,600000.0,26876.376953125,0.0,1480000.125,315.0,106807.71484073158,2440.528315564702,0.0009462500456720591,-605181.5628874417,-1198.046550930055,365145.15796317504,-2163.377173617741,-4.06930349971474,1129.5844831228094,1148047.598688167,-598397.4353090349,874825.0816895661,0
7999.483593754332,phase0-forces,E,nominal,Kerbin,3531599999999.9995,600000.0,26876.376953125,0.0,1480000.125,315.0,108073.42534691223,2436.865892989378,0.0009397589019499719,-606305.7016185082,-1200.160970636726,365732.0487474982,-2160.2352620868623,-4.063083907899486,1127.6890015427934,1148047.5987200805,-598397.4353088324,874825.081705624,0
7999.983593754343,phase0-forces,E,nominal,Kerbin,3531599999999.9995,600000.0,26876.376953125,0.0,1480000.125,315.0,109288.66651463567,2433.3566467012397,0.0009335746872238815,-607385.0661281691,-1202.1910218626217,366295.43899335753,-2157.2245638735676,-4.057124599852582,1125.8731237602133,1148047.5988226936,-598397.4353084506,874825.0817571215,0
8000.503593754354,phase0-forces,E,nominal,Kerbin,3531599999999.9995,600000.0,26876.376953125,0.0,1480000.125,315.0,110550.66416225221,2429.7197506295256,0.0009272268507629633,-608506.0110983003,-1204.2991199103285,366880.40348631685,-2154.1041511371027,-4.050948682556762,1123.991531315017,1148047.5987504323,-598397.435308819,874825.0817208065,0
8001.023593754366,phase0-forces,E,nominal,Kerbin,3531599999999.9995,600000.0,26876.376953125,0.0,1480000.125,315.0,111810.77890823362,2426.0957370924693,0.0009209247073158622,-609625.3362769447,-1206.4040122188499,367464.39137490257,-2150.994589453723,-4.04479480562391,1122.1169463625627,1148047.5987572446,-598397.4353087014,874825.0817242716,0
8001.543593754377,phase0-forces,E,nominal,Kerbin,3531599999999.9995,600000.0,26876.376953125,0.0,1480000.125,315.0,113069.01739999838,2422.4845186887455,0.0009146945085376501,-610743.047289614,-1208.505710207783,368047.40629047237,-2147.895805969471,-4.038662818993546,1120.2493201015727,1148047.598757652,-598397.4353089948,874825.0817243286,0
8002.063593754388,phase0-forces,E,nominal,Kerbin,3531599999999.9995,600000.0,26876.376953125,0.0,1480000.125,315.0,114325.38623683364,2418.88600891029,0.000908518850337714,-611859.1497205384,-1210.6042252238335,368629.45183893153,-2144.8077286024513,-4.032552573969993,1118.3886041751691,1148047.5987331416,-598397.4353089768,874825.0817120824,0
8002.5835937544,phase0-forces,E,nominal,Kerbin,3531599999999.9995,600000.0,26876.376953125,0.0,1480000.125,315.0,115579.89197739237,2415.3001220959923,0.0009024083847180009,-612973.6491206953,-1212.6995685321012,369210.53160194634,-2141.7302859543634,-4.026463923699788,1116.5347507404451,1148047.5987046824,-598397.435308768,874825.0816979572,0
8003.103593754411,phase0-forces,E,nominal,Kerbin,3531599999999.9995,600000.0,26876.376953125,0.0,1480000.125,315.0,116832.54113122215,2411.72677341891,0.0008963543805293739,-614086.5509992312,-1214.7917513249072,369790.6491347703,-2138.6634073018763,-4.0203967220473915,1114.6877124574908,1148047.5986814604,-598397.4353090998,874825.0816861802,0
8003.6235937544225,phase0-forces,E,nominal,Kerbin,3531599999999.9995,600000.0,26876.376953125,0.0,1480000.125,315.0,118083.3401689775,2408.165878843136,0.000890363531652838,-615197.8608330789,-1216.8807847204523,370369.80797008146,-2135.6070226090446,-4.014350825101475,1112.847442372367,1148047.598631073,-598397.4353091144,874825.0816609793,0
8004.143593754434,phase0-forces,E,nominal,Kerbin,3531599999999.9995,600000.0,26876.376953125,0.0,1480000.125,315.0,119332.29551523179,2404.6173551487286,0.0008844239637255669,-616307.5840606642,-1218.966679756978,370948.0116145036,-2132.561062488166,-4.008326089720841,1111.013894046231,1148047.5985290552,-598397.4353092122,874825.0816099215,0
8004.663593754445,phase0-forces,E,nominal,Kerbin,3531599999999.9995,600000.0,26876.376953125,0.0,1480000.125,315.0,120579.4135517528,2401.0811199838636,0.0008785399259068072,-617415.7260839959,-1221.049447401734,371525.263551494,-2129.525458281877,-4.002322374498994,1109.187021510772,1148047.5984929027,-598397.4353092251,874825.0815918387,0
8005.1835937544565,phase0-forces,E,nominal,Kerbin,3531599999999.9995,600000.0,26876.376953125,0.0,1480000.125,315.0,121824.70061877044,2397.5570917370533,0.0008727041422389448,-618522.2922706855,-1223.129098550629,372101.56724045426,-2126.5001419419355,-3.9963395390871788,1107.3667792244146,1148047.598539463,-598397.4353090873,874825.0816151879,0
8005.703593754468,phase0-forces,E,nominal,Kerbin,3531599999999.9995,600000.0,26876.376953125,0.0,1480000.125,315.0,123068.16301525896,2394.0451895185124,0.0008669369271956384,-619627.2879538292,-1225.2056440248202,372676.92611747957,-2123.4850460104567,-3.990377444967175,1105.5531220681098,1148047.5985831448,-598397.4353089565,874825.0816370941,0
8006.223593754479,phase0-forces,E,nominal,Kerbin,3531599999999.9995,600000.0,26876.376953125,0.0,1480000.125,315.0,124309.8069974751,2390.5453332537986,0.0008612201199866831,-620730.7184302714,-1227.2790945716586,373251.34359541524,-2120.4801037012594,-3.984435954365684,1103.7460053919724,1148047.5986167782,-598397.4353091147,874825.0816538316,0
8006.743593754491,phase0-forces,E,nominal,Kerbin,3531599999999.9995,600000.0,26876.376953125,0.0,1480000.125,315.0,125549.63878084044,2387.0574436202573,0.000855557038448751,-621832.5889626164,-1229.3494608705757,373824.82306417375,-2117.4852488725082,-3.978514931089902,1101.9453849302847,1148047.598630178,-598397.4353087598,874825.0816607091,0
8007.2435937545015,phase0-forces,E,nominal,Kerbin,3531599999999.9995,600000.0,26876.376953125,0.0,1480000.125,315.0,126740.08148487308,2383.714915576611,0.0008501608390361071,-622890.6136252899,-1231.33729898308,374375.36417692574,-2114.615032742871,-3.97284081576846,1100.220104604587,1148047.5986939073,-598397.4353086718,874825.0816926177,0
8007.763593754513,phase0-forces,E,nominal,Kerbin,3531599999999.9995,600000.0,26876.376953125,0.0,1480000.125,315.0,127976.37646574143,2380.250271421195,0.0008446200517937541,-623989.4394214059,-1233.401646159502,374947.01346074196,-2111.639775070865,-3.9669595495074836,1098.4320999366646,1148047.5986154494,-598397.4353090123,874825.0816532185,0
8008.283593754524,phase0-forces,E,nominal,Kerbin,3531599999999.9995,600000.0,26876.376953125,0.0,1480000.125,315.0,129210.87741464505,2376.7973633943643,0.0008391101146116853,-625086.7206579229,-1235.462940302373,375517.73463883623,-2108.6744125927708,-3.9610983548284624,1096.6504630075883,1148047.5985612113,-598397.4353092342,874825.0816259885,0
8008.8035937545355,phase0-forces,E,nominal,Kerbin,3531599999999.9995,600000.0,26876.376953125,0.0,1480000.125,315.0,130443.59038997511,2373.3561150639057,0.0008336583850905299,-626182.4624656586,-1237.5211918144485,376087.5310131163,-2105.7188815333984,-3.9552571004065453,1094.8751512415643,1148047.5984731945,-598397.4353095837,874825.0815818055,0
8009.323593754547,phase0-forces,E,nominal,Kerbin,3531599999999.9995,600000.0,26876.376953125,0.0,1480000.125,315.0,131674.5214065907,2369.9264508095744,0.0008282498456537724,-627276.6699394882,-1239.5764110278565,376656.4058601833,-2102.7731188130433,-3.94943565656151,1093.1061224794817,1148047.5984743296,-598397.4353094242,874825.0815824526,0
8009.863593754559,phase0-forces,E,nominal,Kerbin,3531599999999.9995,600000.0,26876.376953125,0.0,1480000.125,315.0,132950.9162493453,2366.3770568794203,0.000822701957076788,-628411.3437551733,-1241.7074786627022,377246.1886263526,-2099.724329473799,-3.943411140975379,1091.2756595149017,1148047.5983633073,-598397.4353098852,874825.081526711,0
8010.38359375457,phase0-forces,E,nominal,Kerbin,3531599999999.9995,600000.0,26876.376953125,0.0,1480000.125,315.0,134178.2332833038,2362.9707747352963,0.0008174037793651223,-629502.4391945996,-1243.7565483863284,377813.1950378268,-2096.7982858482155,-3.9376296824429966,1089.5193095074526,1148047.5982769285,-598397.4353103382,874825.0814832952,0
8010.903593754581,phase0-forces,E,nominal,Kerbin,3531599999999.9995,600000.0,26876.376953125,0.0,1480000.125,315.0,135403.7864024765,2359.5758510160117,0.0008121400605887175,-630592.0155845034,-1245.8026168086078,378379.28975039406,-2093.8818222473506,-3.931867646939253,1087.7691168519436,1148047.5983147793,-598397.4353104816,874825.0815021489,0
8011.423593754593,phase0-forces,E,nominal,Kerbin,3531599999999.9995,600000.0,26876.376953125,0.0,1480000.125,315.0,136627.58146818844,2356.1922127559537,0.0008069381001405418,-631680.0778907383,-1247.8456939955033,378944.47595491796,-2090.974877763715,-3.9261249093750137,1086.0250409433527,1148047.5983142974,-598397.4353105512,874825.0815018731,0
8011.943593754604,phase0-forces,E,nominal,Kerbin,3531599999999.9995,600000.0,26876.376953125,0.0,1480000.125,315.0,137849.62430398876,2352.8197877523153,0.0008017829386517406,-632766.6310475565,-1249.8857899477318,379508.75682093936,-2088.077392128068,-3.920401345632117,1084.2870415972825,1148047.5982954646,-598397.4353106212,874825.0814924217,0
8012.483593754616,phase0-forces,E,nominal,Kerbin,3531599999999.9995,600000.0,26876.376953125,0.0,1480000.125,315.0,139116.8203752332,2349.329445841837,0.0007964845863170922,-633893.3826347403,-1252.0012063522686,380093.7859350777,-2085.078412228385,-3.914477807340954,1082.4885850770743,1148047.5982116025,-598397.4353110753,874825.0814502636,0
8013.003593754627,phase0-forces,E,nominal,Kerbin,3531599999999.9995,600000.0,26876.376953125,0.0,1480000.125,315.0,140335.30924088566,2345.9796577631096,0.0007914220332168043,-634976.8746004681,-1254.0352558864734,380656.2310366089,-2082.2000237080783,-3.9087929496742793,1080.7628496789066,1148047.598200225,-598397.4353111311,874825.0814445469,0
8013.523593754639,phase0-forces,E,nominal,Kerbin,3531599999999.9995,600000.0,26876.376953125,0.0,1480000.125,315.0,141552.06334685255,2342.640867563253,0.0007864056969992816,-636058.8722196704,-1256.0663541901324,381217.7803066496,-2079.3309142299872,-3.903126896241713,1079.0430710149744,1148047.598186733,-598397.4353110072,874825.081437863,0
8014.04359375465,phase0-forces,E,nominal,Kerbin,3531599999999.9995,600000.0,26876.376953125,0.0,1480000.125,315.0,142767.08836829767,2339.3130056620007,0.0007814355194568634,-637139.3803020028,-1258.0945110088228,381778.43683175684,-2076.4710256895933,-3.8974795274313476,1077.3292104015025,1148047.5981754658,-598397.4353110658,874825.0814322,0
8014.563593754661,phase0-forces,E,nominal,Kerbin,3531599999999.9995,600000.0,26876.376953125,0.0,1480000.125,315.0,143980.38994470262,2335.9960030817674,0.0007765198242850602,-638218.4036265248,-1260.1197360274264,382338.20367958624,-2073.620300489952,-3.8918507249525716,1075.6212294799168,1148047.5981037214,-598397.4353110684,874825.0813963265,0
8015.083593754673,phase0-forces,E,nominal,Kerbin,3531599999999.9995,600000.0,26876.376953125,0.0,1480000.125,315.0,145191.97368178295,2332.6897915563036,0.0007716376567259431,-639295.9469442229,-1262.1420388690995,382897.08389842056,-2070.7786816189623,-3.8862403715350333,1073.919090303919,1148047.5981029114,-598397.4353111861,874825.0813958626,0
8015.603593754684,phase0-forces,E,nominal,Kerbin,3531599999999.9995,600000.0,26876.376953125,0.0,1480000.125,315.0,146401.84514852392,2329.3943033436026,0.0007667997851967812,-640372.0149758937,-1264.1614290999953,383455.0805149361,-2067.946112504855,-3.880648351109619,1072.2227552118354,1148047.598099933,-598397.4353111997,874825.0813943667,0
8016.123593754695,phase0-forces,E,nominal,Kerbin,3531599999999.9995,600000.0,26876.376953125,0.0,1480000.125,315.0,147610.00987873494,2326.1094713185466,0.0007620159885846078,-641446.6124114529,-1266.1779162214923,384012.1965383885,-2065.1225370750053,-3.875074548351931,1070.5321869145214,1148047.598037596,-598397.4353113153,874825.0813631404,0
8016.623593754706,phase0-forces,E,nominal,Kerbin,3531599999999.9995,600000.0,26876.376953125,0.0,1480000.125,315.0,148770.10232293664,2322.9609664177337,0.0007574422634206712,-642478.4966766426,-1268.1141171697168,384547.0573641256,-2062.415990505475,-3.8697321965027514,1068.912044454763,1148047.598029194,-598397.4353113311,874825.0813589314,0
8017.163593754718,phase0-forces,E,nominal,Kerbin,3531599999999.9995,600000.0,26876.376953125,0.0,1480000.125,315.0,150021.24110023375,2319.571510576892,0.0007525602704845369,-643591.4141204709,-1270.202218854336,385123.79874304135,-2059.5021457140265,-3.863981140499454,1067.168203297414,1148047.5980224034,-598397.4353112221,874825.0813555907,0
8017.663593754729,phase0-forces,E,nominal,Kerbin,3531599999999.9995,600000.0,26876.376953125,0.0,1480000.125,315.0,151178.07746995473,2316.443183404915,0.0007480760687030852,-644620.492451952,-1272.132881728279,385656.98030813807,-2056.8126316159132,-3.8586732821336547,1065.5589758473352,1148047.598009388,-598397.4353109524,874825.0813492178,0
8018.18359375474,phase0-forces,E,nominal,Kerbin,3531599999999.9995,600000.0,26876.376953125,0.0,1480000.125,315.0,152379.53462246107,2313.199918653511,0.0007434536819346249,-645689.309610131,-1274.1379603087448,386210.6370186633,-2054.0241440227237,-3.8531705379187944,1063.8908931404255,1148047.597971454,-598397.4353109184,874825.0813302678,0
8018.703593754752,phase0-forces,E,nominal,Kerbin,3531599999999.9995,600000.0,26876.376953125,0.0,1480000.125,315.0,153579.31199481292,2309.9669860136823,0.000738864706363529,-646756.6790253245,-1276.1401820609228,386763.42778104637,-2051.244379372015,-3.847685455136638,1062.2283972312594,1148047.5979915615,-598397.4353109151,874825.0813403232,0
8019.223593754763,phase0-forces,E,nominal,Kerbin,3531599999999.9995,600000.0,26876.376953125,0.0,1480000.125,315.0,154777.41492002713,2306.744321838441,0.0007343312609009445,-647822.6052202288,-1278.1395561359031,387315.3554899538,-2048.4732844758196,-3.842217924680842,1060.5714527952161,1148047.5979807065,-598397.4353110989,874825.0813348037,0
8019.743593754774,phase0-forces,E,nominal,Kerbin,3531599999999.9995,600000.0,26876.376953125,0.0,1480000.125,315.0,155973.84869769576,2303.531863112422,0.0007298238342627883,-648887.092687966,-1280.1360916382125,387866.42302389716,-2045.7108066784278,-3.836767838279209,1058.920024848826,1148047.5979942852,-598397.4353111616,874825.0813415619,0
8020.263593754786,phase0-forces,E,nominal,Kerbin,3531599999999.9995,600000.0,26876.376953125,0.0,1480000.125,315.0,157168.61859611364,2300.3295472927252,0.0007253684452734888,-649950.145896546,-1282.1297976051512,388416.6332419194,-2042.956893702159,-3.8313350887763424,1057.274078701553,1148047.5979264968,-598397.4353114354,874825.0813075306,0
8020.783593754797,phase0-forces,E,nominal,Kerbin,3531599999999.9995,600000.0,26876.376953125,0.0,1480000.125,315.0,158361.72985097836,2297.137312536802,0.0007209350005723536,-651011.7692859607,-1284.1206830269998,388965.9889859299,-2040.2114938756426,-3.8259195698597726,1055.633580010585,1148047.5979668,-598397.435311134,874825.081327833,0
8021.303593754808,phase0-forces,E,nominal,Kerbin,3531599999999.9995,600000.0,26876.376953125,0.0,1480000.125,315.0,159553.18766706868,2293.955097380114,0.0007165514980442822,-652071.9672708412,-1286.108756836849,389514.49307953333,-2037.4745558002526,-3.8205211761600895,1053.9984947241212,1148047.5979789658,-598397.4353113028,874825.0813338315,0
8021.82359375482,phase0-forces,E,nominal,Kerbin,3531599999999.9995,600000.0,26876.376953125,0.0,1480000.125,315.0,160742.99721416098,2290.7828409578856,0.0007122128154151142,-653130.7442354747,-1288.0940279133413,390062.1483284108,-2034.7460286051582,-3.8151398032787305,1052.368789071065,1148047.597940128,-598397.4353114705,874825.0813143287,0
8022.343593754831,phase0-forces,E,nominal,Kerbin,3531599999999.9995,600000.0,26876.376953125,0.0,1480000.125,315.0,161931.16363439453,2287.6204829597896,0.0007079065544530749,-654188.1045414604,-1290.0765050768564,390608.9575218732,-2032.0258618743633,-3.809775347768686,1050.7444296034746,1148047.5978888806,-598397.4353114596,874825.0812887105,0
8022.863593754842,phase0-forces,E,nominal,Kerbin,3531599999999.9995,600000.0,26876.376953125,0.0,1480000.125,315.0,163117.69203793502,2284.4679635888983,0.0007036327151581645,-655244.0525235193,-1292.0561970996314,391154.9234314244,-2029.3140056075927,-3.804427706851163,1049.1253831829147,1148047.597839436,-598397.4353116052,874825.0812639154,0
8023.403593754854,phase0-forces,E,nominal,Kerbin,3531599999999.9995,600000.0,26876.376953125,0.0,1480000.125,315.0,164348.12786548235,2281.204543501367,0.0006992269773036242,-656339.1236603201,-1294.1090925870978,391720.9984235304,-2026.5065901667715,-3.798892075714868,1047.449654026828,1148047.5979067786,-598397.4353113023,874825.0812977381,0
8023.923593754866,phase0-forces,E,nominal,Kerbin,3531599999999.9995,600000.0,26876.376953125,0.0,1480000.125,315.0,165531.3329325671,2278.0718968047263,0.0006950324168428779,-657392.2059911703,-1296.0831341499,392265.25384245417,-2023.8115214705535,-3.793578396889791,1045.8413365981821,1148047.5979758508,-598397.4353111192,874825.0813323659,0
8024.443593754877,phase0-forces,E,nominal,Kerbin,3531599999999.9995,600000.0,26876.376953125,0.0,1480000.125,315.0,166712.91532121494,2274.948910149427,0.0006908804061822593,-658443.8890101537,-1298.0544168972503,392808.6742935695,-2021.1246139050165,-3.7882812264950494,1044.2382332507807,1148047.5979700796,-598397.435311134,874825.0813294728,0
8024.963593754888,phase0-forces,E,nominal,Kerbin,3531599999999.9995,600000.0,26876.376953125,0.0,1480000.125,315.0,167892.8800181587,2271.8355258318793,0.0006867568590678275,-659494.1769486574,-1300.0229493836032,393351.26247887674,-2018.445819218243,-3.783000465407191,1042.6403120058644,1148047.5979670924,-598397.4353111513,874825.0813279706,0
8025.4835937549,phase0-forces,E,nominal,Kerbin,3531599999999.9995,600000.0,26876.376953125,0.0,1480000.125,315.0,169071.2319808436,2268.7316865997905,0.000682669342495501,-660543.0740123114,-1301.9887401180797,393893.0210859531,-2015.775089526484,-3.7777360155188204,1041.0475411512307,1148047.5979548446,-598397.4353110398,874825.0813219023,0
8026.003593754911,phase0-forces,E,nominal,Kerbin,3531599999999.9995,600000.0,26876.376953125,0.0,1480000.125,315.0,170247.9761385956,2265.6373356985546,0.0006786133162677288,-661590.5843843122,-1303.9517975611534,394433.9527846663,-2013.1123773571303,-3.7724877792285048,1039.4598892591885,1148047.5979464403,-598397.4353109454,874825.0813177475,0
8026.523593754922,phase0-forces,E,nominal,Kerbin,3531599999999.9995,600000.0,26876.376953125,0.0,1480000.125,315.0,171423.1173893744,2262.552416872264,0.0006745913997292519,-662636.7122206333,-1305.9121301161576,394974.06022886944,-2010.4576356516884,-3.767255660178531,1037.877325183057,1148047.5979700831,-598397.4353108736,874825.0813296048,0
8027.043593754934,phase0-forces,E,nominal,Kerbin,3531599999999.9995,600000.0,26876.376953125,0.0,1480000.125,315.0,172596.6606001322,2259.4768742944652,0.0006706133135594428,-663681.4616511442,-1307.8697461394243,395513.34605522966,-2007.8108177037102,-3.762039562627596,1036.2998180265085,1148047.5979459577,-598397.4353110157,874825.081317471,0
8027.563593754945,phase0-forces,E,nominal,Kerbin,3531599999999.9995,600000.0,26876.376953125,0.0,1480000.125,315.0,173768.61061540246,2256.410652677492,0.0006666583940386772,-664724.8367877792,-1309.8246539348795,396051.8128863021,-2005.1718772710171,-3.7568393916802365,1034.7273371645676,1148047.597952514,-598397.4353108361,874825.0813208389,0
8028.083593754956,phase0-forces,E,nominal,Kerbin,3531599999999.9995,600000.0,26876.376953125,0.0,1480000.125,315.0,174938.9722462236,2253.353697166298,0.0006627396796829998,-665766.8417133979,-1311.7768617629076,396589.46332758956,-2002.5407684477639,-3.7516550532848463,1033.1598522600575,1148047.5979732743,-598397.4353108136,874825.0813312304,0
8028.603593754968,phase0-forces,E,nominal,Kerbin,3531599999999.9995,600000.0,26876.376953125,0.0,1480000.125,315.0,176107.75027853798,2250.3059533498063,0.0006588581018149853,-666807.4804902419,-1313.7263778315614,397126.29996976187,-1999.917445704458,-3.7464864541629206,1031.5973332108729,1148047.5979713215,-598397.4353110284,874825.0813301465,0
8029.123593754979,phase0-forces,E,nominal,Kerbin,3531599999999.9995,600000.0,26876.376953125,0.0,1480000.125,315.0,177274.94946620206,2247.2673672962633,0.0006550117395818233,-667846.7571532524,-1315.6732103013287,397662.3253862193,-1997.3018639180561,-3.7413335017338,1030.039750168781,1148047.5979253454,-598397.4353111583,874825.0813070935,0
8029.64359375499,phase0-forces,E,nominal,Kerbin,3531599999999.9995,600000.0,26876.376953125,0.0,1480000.125,315.0,178440.57453855907,2244.237885579579,0.0006511876126751304,-668884.6757167417,-1317.6173672844398,398197.5421366944,-1994.6939783790658,-3.7361961043225453,1028.4870735831657,1148047.5979347827,-598397.4353112055,874825.0813117886,0
8030.163593755002,phase0-forces,E,nominal,Kerbin,3531599999999.9995,600000.0,26876.376953125,0.0,1480000.125,315.0,179604.63019582024,2241.217455153931,0.0006473956163972616,-669921.2401706898,-1319.5588568432036,398731.952764448,-1992.093744693063,-3.731074171032043,1026.9392741184658,1148047.59796198,-598397.4353111809,874825.0813253996,0
8030.683593755013,phase0-forces,E,nominal,Kerbin,3531599999999.9995,600000.0,26876.376953125,0.0,1480000.125,315.0,180767.12111349648,2238.2060234006804,0.0006436477415263653,-670956.4544847229,-1321.4976869992001,399265.5597982508,-1989.5011188178246,-3.725967611497016,1025.396322684585,1148047.597943806,-598397.435311173,874825.0813163166,0
8031.2035937550245,phase0-forces,E,nominal,Kerbin,3531599999999.9995,600000.0,26876.376953125,0.0,1480000.125,315.0,181928.05193553865,2235.203538248438,0.0006399151752702892,-671990.3226004976,-1323.4338657215253,399798.3657517731,-1986.9160571712796,-3.7208763364577666,1023.8581904895619,1148047.5980111638,-598397.4353110361,874825.0813500639,0
8031.723593755036,phase0-forces,E,nominal,Kerbin,3531599999999.9995,600000.0,26876.376953125,0.0,1480000.125,315.0,183087.42728224152,2232.209947883394,0.0006362308049574494,-673022.8484412639,-1325.3674009353326,400330.3731229744,-1984.3385163747066,-3.715800257212265,1022.3248489056016,1148047.5979640514,-598397.4353109993,874825.081326526,0
8032.243593755047,phase0-forces,E,nominal,Kerbin,3531599999999.9995,600000.0,26876.376953125,0.0,1480000.125,315.0,184245.2517479763,2229.225201098285,0.00063256302382797,-674054.0359077405,-1327.298300520587,400861.5843966028,-1981.7684535588469,-3.7107392858451926,1020.7962696369035,1148047.5979550153,-598397.4353112197,874825.0813218978,0
8032.7635937550585,phase0-forces,E,nominal,Kerbin,3531599999999.9995,600000.0,26876.376953125,0.0,1480000.125,315.0,185401.52989743743,2226.2492470395377,0.0006289293523877859,-675083.8888762014,-1329.2265723094772,401392.002040075,-1979.2058261591385,-3.7056933349795207,1019.2724245650613,1148047.5979799733,-598397.4353112457,874825.0813343638,0
8033.28359375507,phase0-forces,E,nominal,Kerbin,3531599999999.9995,600000.0,26876.376953125,0.0,1480000.125,315.0,186556.26627305592,2223.2820352620724,0.0006253218161873519,-676112.4112031834,-1331.1522240919737,401921.628510067,-1976.6505919413676,-3.7006623181976717,1017.7532858189702,1148047.598030923,-598397.4353108894,874825.0813600167,0
8033.803593755081,phase0-forces,E,nominal,Kerbin,3531599999999.9995,600000.0,26876.376953125,0.0,1480000.125,315.0,187709.46538740548,2220.323515704235,0.0006217568297870457,-677139.606720768,-1333.0752636095058,402450.46624559537,-1974.1027089716158,-3.695646149822608,1016.2388257785061,1148047.5980222898,-598397.4353109851,874825.0813556523,0
8034.323593755093,phase0-forces,E,nominal,Kerbin,3531599999999.9995,600000.0,26876.376953125,0.0,1480000.125,315.0,188861.13172795798,2217.373638785267,0.0006182117504067719,-678165.4792400494,-1334.9956985594097,402978.5176714928,-1971.5621357412745,-3.6906447447086226,1014.7290170446925,1148047.5980040994,-598397.435311132,874825.0813464837,0
8034.843593755104,phase0-forces,E,nominal,Kerbin,3531599999999.9995,600000.0,26876.376953125,0.0,1480000.125,315.0,190011.26976147282,2214.432355271298,0.0006147043313831091,-679190.032554707,-1336.9135365998773,403505.7852009885,-1969.0288310192643,-3.685658018514351,1013.2238324340133,1148047.59793687,-598397.4353113666,874825.0813127517,0
8035.363593755115,phase0-forces,E,nominal,Kerbin,3531599999999.9995,600000.0,26876.376953125,0.0,1480000.125,315.0,191159.8839242342,2211.499616418602,0.0006112095434218645,-680213.2704325292,-1338.8287853415263,404032.2712308689,-1966.5027539899113,-3.6806858874705672,1011.7232450236158,1148047.5979221023,-598397.4353114049,874825.0813053488,0
8035.883593755127,phase0-forces,E,nominal,Kerbin,3531599999999.9995,600000.0,26876.376953125,0.0,1480000.125,315.0,192306.97862681292,2208.575373776642,0.0006077563739381731,-681235.19661939,-1340.7414523491766,404557.97814410704,-1963.983864064286,-3.6757282685713153,1010.2272280875463,1148047.5978626718,-598397.4353116864,874825.0812754928,0
8036.403593755138,phase0-forces,E,nominal,Kerbin,3531599999999.9995,600000.0,26876.376953125,0.0,1480000.125,315.0,193452.55825896445,2205.659579377791,0.0006043236935511231,-682255.8148436752,-1342.6515451535588,405082.9083120099,-1961.472121074138,-3.670785079578082,1008.7357551345331,1148047.5978469315,-598397.4353117096,874825.081267611,0
8036.923593755149,phase0-forces,E,nominal,Kerbin,3531599999999.9995,600000.0,26876.376953125,0.0,1480000.125,315.0,194596.62718238437,2202.7521855923255,0.0006009216303937137,-683275.128810857,-1344.5590712338233,405607.06408916495,-1958.967485115595,-3.665856238915373,1007.2487998948834,1148047.597849452,-598397.4353118713,874825.0812687903,0
8037.443593755161,phase0-forces,E,nominal,Kerbin,3531599999999.9995,600000.0,26876.376953125,0.0,1480000.125,315.0,195739.1897354942,2199.8531451766225,0.0005975448875688016,-684293.1422062042,-1346.4640380305325,406130.4478182527,-1956.4699166178677,-3.6609416654969893,1005.7663362923183,1148047.597853249,-598397.4353118323,874825.0812707084,0
8037.963593755172,phase0-forces,E,nominal,Kerbin,3531599999999.9995,600000.0,26876.376953125,0.0,1480000.125,315.0,196880.25023426092,2196.962411269427,0.0005941996932961047,-685309.8586962972,-1348.3664529395078,406653.0618291077,-1953.9793763160683,-3.6560412789140444,1004.2883384887084,1148047.5978520885,-598397.435311901,874825.0812700937,0
8038.483593755183,phase0-forces,E,nominal,Kerbin,3531599999999.9995,600000.0,26876.376953125,0.0,1480000.125,315.0,198019.81296599412,2194.0799374068174,0.0005908810999244452,-686325.281923092,-1350.2663233187159,407174.90843656415,-1951.4958252884487,-3.6511549996342003,1002.8147808444127,1148047.5978572795,-598397.4353117008,874825.0812727894,0
8039.003593755195,phase0-forces,E,nominal,Kerbin,3531599999999.9995,600000.0,26876.376953125,0.0,1480000.125,315.0,199157.8821982009,2191.205677474748,0.0005875877686776221,-687339.4155129201,-1352.1636564844314,407695.9899426495,-1949.0192248890621,-3.6462827486059743,1001.3456379455225,1148047.597853901,-598397.4353117022,874825.0812710995,0
8039.523593755206,phase0-forces,E,nominal,Kerbin,3531599999999.9995,600000.0,26876.376953125,0.0,1480000.125,315.0,200294.46217391104,2188.339585726309,0.000584324065130204,-688352.2630705035,-1354.0584597100599,408216.30863750854,-1946.5495367836295,-3.641424447280229,999.8808845718704,1148047.5978183425,-598397.4353119014,874825.0812532206,0
8040.023593755217,phase0-forces,E,nominal,Kerbin,3531599999999.9995,600000.0,26876.376953125,0.0,1480000.125,315.0,201385.92702065082,2185.591389028143,0.0005812072777189314,-689324.9454980801,-1355.8780067708049,408715.89782591956,-1944.181319918997,-3.6367660866486826,998.4765841042172,1148047.5977554498,-598397.4353119524,874825.0812217487,0
8040.523593755228,phase0-forces,E,nominal,Kerbin,3531599999999.9995,600000.0,26876.376953125,0.0,1480000.125,315.0,202476.0225963561,2182.8506623606436,0.0005781084182672203,-690296.4454002967,-1357.6952278419233,409214.7858685595,-1941.8194252198148,-3.632120482857977,997.0762968339413,1148047.5977516056,-598397.4353119177,874825.0812198439,0
8041.06359375524,phase0-forces,E,nominal,Kerbin,3531599999999.9995,600000.0,26876.376953125,0.0,1480000.125,315.0,203651.79212961695,2179.8990220760447,0.000574795063585043,-691344.3407164231,-1359.6552213843474,409752.7997344232,-1939.2756415932386,-3.6271174807744964,995.5684689613317,1148047.597739452,-598397.4353119688,874825.0812137416,0
8041.583593755251,phase0-forces,E,nominal,Kerbin,3531599999999.9995,600000.0,26876.376953125,0.0,1480000.125,315.0,204782.5135860492,2177.0648466580797,0.0005716251325793564,-692352.1286399299,-1361.54007285731,410270.11876356194,-1936.832966209586,-3.6223136836880268,994.1208610635442,1148047.5977762241,-598397.4353119188,874825.0812321526,0
8042.103593755262,phase0-forces,E,nominal,Kerbin,3531599999999.9995,600000.0,26876.376953125,0.0,1480000.125,315.0,205911.76648827933,2174.2386178812053,0.0005684851785190403,-693358.648123527,-1363.4224298851398,410786.68614726514,-1934.3970174527237,-3.6175234567135455,992.6775205876377,1148047.5978325717,-598397.4353117384,874825.0812604167,0
8042.603593755273,phase0-forces,E,nominal,Kerbin,3531599999999.9995,600000.0,26876.376953125,0.0,1480000.125,315.0,206996.20549088484,2171.528543624612,0.0005654935375787318,-694325.2623673995,-1365.2300427393059,411282.67877708946,-1932.0610684823093,-3.612930196715585,991.2936952118782,1148047.5978173153,-598397.4353117399,874825.0812527877,0
8043.123593755285,phase0-forces,E,nominal,Kerbin,3531599999999.9995,600000.0,26876.376953125,0.0,1480000.125,315.0,208122.58966624702,2168.7177760909453,0.0005623992183245718,-695329.3038694274,-1367.1075272249848,411797.7781950118,-1929.638208292835,-3.608166371084805,989.85865585179,1148047.5978012881,-598397.4353118149,874825.0812447366,0
8043.643593755296,phase0-forces,E,nominal,Kerbin,3531599999999.9995,600000.0,26876.376953125,0.0,1480000.125,315.0,209247.51737750124,2165.9148270312594,0.0005593350506387651,-696332.0872074555,-1368.9825379957479,412312.13248432125,-1927.2219672843405,-3.60341589573592,988.4278133300427,1148047.5977780318,-598397.4353118489,874825.0812330914,0
8044.163593755307,phase0-forces,E,nominal,Kerbin,3531599999999.9995,600000.0,26876.376953125,0.0,1480000.125,315.0,210370.99266190233,2163.1196538774334,0.0005562889855355024,-697333.61581285,-1370.8550819742504,412825.74382123747,-1924.8123097695247,-3.598678697734101,987.0011442050939,1148047.5978062074,-598397.4353116913,874825.0812472581,0
8044.683593755319,phase0-forces,E,nominal,Kerbin,3531599999999.9995,600000.0,26876.376953125,0.0,1480000.125,315.0,211493.01953545422,2160.332214316522,0.0005532701616175473,-698333.8930990883,-1372.7251660450413,413338.614370178,-1922.4092002603043,-3.593954704338133,985.5786252034115,1148047.5977982217,-598397.435311762,874825.0812432298,0
8045.20359375533,phase0-forces,E,nominal,Kerbin,3531599999999.9995,600000.0,26876.376953125,0.0,1480000.125,315.0,212613.60199581785,2157.552466449257,0.0005502694984897971,-699332.9224649612,-1374.5927970587122,413850.74628406356,-1920.012603632183,-3.589243843967637,984.1602332463276,1148047.5978380716,-598397.435311652,874825.0812632098,0
8045.723593755341,phase0-forces,E,nominal,Kerbin,3531599999999.9995,600000.0,26876.376953125,0.0,1480000.125,315.0,213732.74401348946,2154.7803686524953,0.0005472934572026134,-700330.7072858582,-1376.4579818245368,414362.1417017209,-1917.62248497585,-3.584546045194854,982.7459454380253,1148047.5978947338,-598397.4353116261,874825.0812915538,0
8046.243593755353,phase0-forces,E,nominal,Kerbin,3531599999999.9995,600000.0,26876.376953125,0.0,1480000.125,315.0,214850.44954018097,2152.015879617769,0.0005443474510684609,-701327.2509212743,-1378.3207271152887,414872.8027516579,-1915.2388096496418,-3.5798612372583833,981.3357390477457,1148047.597929992,-598397.4353115641,874825.0813092139,0
8046.763593755364,phase0-forces,E,nominal,Kerbin,3531599999999.9995,600000.0,26876.376953125,0.0,1480000.125,315.0,215966.7225067172,2149.258958394053,0.0005414172192104161,-702322.5567131528,-1380.181039668964,415382.73155073746,-1912.861543307839,-3.5751893499971743,979.9295915483691,1148047.5979792646,-598397.4353115279,874825.0813338683,0
8047.2835937553755,phase0-forces,E,nominal,Kerbin,3531599999999.9995,600000.0,26876.376953125,0.0,1480000.125,315.0,217081.56682368484,2146.509564313971,0.0005385129479691386,-703316.6279866537,-1382.0389261847338,415891.9302041546,-1910.490651840565,-3.5705303137072772,978.5274805719287,1148047.5980160516,-598397.4353115106,874825.0813522706,0
8047.803593755387,phase0-forces,E,nominal,Kerbin,3531599999999.9995,600000.0,26876.376953125,0.0,1480000.125,315.0,218194.9863766753,2143.767657057543,0.0005356310866773129,-704309.468045178,-1383.8943933251549,416400.40080450743,-1908.1261014310328,-3.565884059322121,977.1293839377013,1148047.5980643218,-598397.4353113298,874825.081376496,0
8048.323593755398,phase0-forces,E,nominal,Kerbin,3531599999999.9995,600000.0,26876.376953125,0.0,1480000.125,315.0,219306.9850357771,2141.033196581413,0.0005327700637280941,-705301.0801804966,-1385.7474477244473,416908.1454333207,-1905.7678584881025,-3.561250518174077,975.7352796286716,1148047.5981064306,-598397.4353111071,874825.0813976618,0
8048.823593755409,phase0-forces,E,nominal,Kerbin,3531599999999.9995,600000.0,26876.376953125,0.0,1480000.125,315.0,220374.87812366907,2138.410893368188,0.0005300398333929479,-706253.398439822,-1387.5269616063476,417395.6787241065,-1903.506234432886,-3.5568071159317074,974.3985393431212,1148047.598163693,-598397.4353106658,874825.0814265136,0
8049.34359375542,phase0-forces,E,nominal,Kerbin,3531599999999.9995,600000.0,26876.376953125,0.0,1480000.125,315.0,221484.10079672164,2135.6909249335404,0.0005272292182780802,-707242.6114387425,-1389.375302434826,417902.00533543166,-1901.1602672555327,-3.552198315030893,973.0122028728538,1148047.5981521893,-598397.4353107339,874825.0814207278,0
8049.863593755432,phase0-forces,E,nominal,Kerbin,3531599999999.9995,600000.0,26876.376953125,0.0,1480000.125,315.0,222591.91390717367,2132.9782865298253,0.000524431758094579,-708230.6061501437,-1391.221249941527,418407.6120735627,-1898.8205095991677,-3.5476020272617577,971.6297945478634,1148047.5981321277,-598397.4353106486,874825.0814107395,0
8050.383593755443,phase0-forces,E,nominal,Kerbin,3531599999999.9995,600000.0,26876.376953125,0.0,1480000.125,315.0,223698.32124299114,2130.2729393381305,0.0005216559511609375,-709217.3857956302,-1393.0648106173348,418912.500976239,-1896.486928887673,-3.5430181861416687,970.2512930455971,1148047.5981261628,-598397.4353106758,874825.0814077435,0
8050.9035937554545,phase0-forces,E,nominal,Kerbin,3531599999999.9995,600000.0,26876.376953125,0.0,1480000.125,315.0,224803.3265703899,2127.5748448094337,0.0005189069779589772,-710202.953578261,-1394.905990919376,419416.6740695607,-1894.1594927750227,-3.5384467255602714,968.8766771839046,1148047.59810397,-598397.4353107521,874825.081396609,0
8051.423593755466,phase0-forces,E,nominal,Kerbin,3531599999999.9995,600000.0,26876.376953125,0.0,1480000.125,315.0,225906.93363508768,2124.8839647053787,0.0005161768640391529,-711187.3126839119,-1396.7447972634566,419920.13336814434,-1891.8381691702107,-3.533887580033688,967.5059259618656,1148047.598065591,-598397.4353110436,874825.0813772737,0
8051.943593755477,phase0-forces,E,nominal,Kerbin,3531599999999.9995,600000.0,26876.376953125,0.0,1480000.125,315.0,227009.14616558526,2122.200261115347,0.0005134555394761264,-712170.4662844132,-1398.581236043239,420422.88087626465,-1889.522926272042,-3.5293406846500863,966.1390185292793,1148047.5980913066,-598397.4353108904,874825.0813902081,0
8052.463593755489,phase0-forces,E,nominal,Kerbin,3531599999999.9995,600000.0,26876.376953125,0.0,1480000.125,315.0,228109.96786945767,2119.523696356506,0.0005107637261971831,-713152.4175333503,-1400.415313608438,420924.9185876761,-1887.2137324449188,-3.5248059747274842,964.7759342100662,1148047.5981458407,-598397.4353107817,874825.0814175295,0
8052.9835937555,phase0-forces,E,nominal,Kerbin,3531599999999.9995,600000.0,26876.376953125,0.0,1480000.125,315.0,229209.40243333683,2116.8542329888114,0.0005080985138192773,-714133.1695664377,-1402.2470362766353,421426.2484849446,-1884.9105562601198,-3.5202833863142287,963.4166524545309,1148047.5981173057,-598397.4353108734,874825.0814032161,0
8053.503593755511,phase0-forces,E,nominal,Kerbin,3531599999999.9995,600000.0,26876.376953125,0.0,1480000.125,315.0,230307.453525492,2114.1918339962745,0.0005054414505138993,-715112.7255047204,-1404.076410336,421926.87253910664,-1882.6133666588564,-3.5157728558281605,962.0611529186506,1148047.59815742,-598397.4353107329,874825.0814233436,0
8054.023593755523,phase0-forces,E,nominal,Kerbin,3531599999999.9995,600000.0,26876.376953125,0.0,1480000.125,315.0,231404.12479835865,2111.536462501919,0.0005028108134865761,-716091.0884555103,-1405.9034420416156,422426.7927130556,-1880.3221326749808,-3.5112743201237695,960.7094153803099,1148047.5981729024,-598397.4353108725,874825.0814310149,0
8054.543593755534,phase0-forces,E,nominal,Kerbin,3531599999999.9995,600000.0,26876.376953125,0.0,1480000.125,315.0,232499.41988101462,2108.8880819576484,0.0005002060206606984,-717068.2615061474,-1407.7281376175201,422926.0109573159,-1878.0368236337727,-3.5067877165314862,959.3614197675921,1148047.5981569397,-598397.435310946,874825.0814229969,0
8055.043593755545,phase0-forces,E,nominal,Kerbin,3531599999999.9995,600000.0,26876.376953125,0.0,1480000.125,315.0,233551.29378015234,2106.3481212686447,0.0004977085045538843,-718006.7317069235,-1409.4804552689636,423405.36835396185,-1875.8449702826642,-3.502484869408611,958.0687804311958,1148047.598183523,-598397.4353107081,874825.0814364074,0
8055.563593755556,phase0-forces,E,nominal,Kerbin,3531599999999.9995,600000.0,26876.376953125,0.0,1480000.125,315.0,234643.8998867732,2103.7133486795187,0.0004951328737661242,-718981.5796345912,-1411.3005863718988,423903.2153628995,-1873.5711950432271,-3.4980214913184664,956.7280670923865,1148047.5981846913,-598397.4353106498,874825.0814370207,0
8056.083593755568,phase0-forces,E,nominal,Kerbin,3531599999999.9995,600000.0,26876.376953125,0.0,1480000.125,315.0,235735.14044652414,2101.0854603820926,0.0004925891407765448,-719955.2467180572,-1413.1183995756387,424400.36615995236,-1871.3032551924257,-3.493569862643599,955.3910371700567,1148047.5981286438,-598397.4353109343,874825.0814088547,0
8056.603593755579,phase0-forces,E,nominal,Kerbin,3531599999999.9995,600000.0,26876.376953125,0.0,1480000.125,315.0,236825.01901527273,2098.464420958524,0.0004900490748696029,-720927.7359832928,-1414.9339009733171,424896.8226545956,-1869.041121006319,-3.4891299227274435,954.0576712068402,1148047.5981248873,-598397.4353108228,874825.0814070323,0
8057.12359375559,phase0-forces,E,nominal,Kerbin,3531599999999.9995,600000.0,26876.376953125,0.0,1480000.125,315.0,237955.3782084504,2095.749783583527,0.0004874367732554674,-721899.050440617,-1416.747096629758,425392.58674735925,-1866.7847628512745,-3.484701611165401,952.7279498846781,1148047.5980679998,-598397.4353110092,874825.0813784953,0
8057.6835937556025,phase0-forces,E,nominal,Kerbin,3531599999999.9995,600000.0,26876.376953125,0.0,1480000.125,315.0,239084.2763862738,2093.0424549068657,0.0004848418466281146,-722943.7709945105,-1418.6971971814828,425925.7143648126,-1864.361264640079,-3.479945596124655,951.2999962844808,1148047.5980303881,-598397.4353111456,874825.0813596213,0
8058.203593755614,phase0-forces,E,nominal,Kerbin,3531599999999.9995,600000.0,26876.376953125,0.0,1480000.125,315.0,240169.98633091978,2090.442269076271,0.0004823623166885227,-723912.6550253285,-1420.5056232216104,426420.0464204891,-1862.1168093797173,-3.4755412449674226,949.9777835188061,1148047.5980179054,-598397.4353111819,874825.0813533617,0
8058.723593755625,phase0-forces,E,nominal,Kerbin,3531599999999.9995,600000.0,26876.376953125,0.0,1480000.125,315.0,241254.34859894728,2087.848790139204,0.0004798952431883663,-724880.3734194611,-1422.311761981335,426913.6918595532,-1859.8780405417806,-3.4711483393073723,948.6591568763845,1148047.5980281306,-598397.4353112355,874825.0813584476,0
8059.2435937556365,phase0-forces,E,nominal,Kerbin,3531599999999.9995,600000.0,26876.376953125,0.0,1480000.125,315.0,242337.36665357684,2085.2619839306926,0.0004774539265781641,-725846.9291247112,-1424.1156193920167,427406.65254042484,-1857.644929434122,-3.4667668205753426,947.3440976234958,1148047.5980699244,-598397.4353111873,874825.0813793686,0
8059.763593755648,phase0-forces,E,nominal,Kerbin,3531599999999.9995,600000.0,26876.376953125,0.0,1480000.125,315.0,243419.04394441284,2082.6818164694578,0.00047503382666036487,-726812.3250771237,-1425.9172013625575,427898.93031442317,-1855.4174475101443,-3.462396630748472,946.0325871432929,1148047.5980462031,-598397.4353111122,874825.0813675455,0
8060.283593755659,phase0-forces,E,nominal,Kerbin,3531599999999.9995,600000.0,26876.376953125,0.0,1480000.125,315.0,244499.3839016112,2080.1082541156675,0.0004726271436084062,-727776.5641967295,-1427.7165137671636,428390.52702150267,-1853.195566511397,-3.4580377120914316,944.7246070034453,1148047.5980246735,-598397.4353111599,874825.0813567567,0
8060.803593755671,phase0-forces,E,nominal,Kerbin,3531599999999.9995,600000.0,26876.376953125,0.0,1480000.125,315.0,245578.3899380284,2077.5412634024956,0.00047024860396049917,-728739.6493887315,-1429.513562449962,428881.44449247513,-1850.9792583167032,-3.453690007371382,943.4201388812508,1148047.5979388834,-598397.4353116627,874825.0813136103,0
8061.323593755682,phase0-forces,E,nominal,Kerbin,3531599999999.9995,600000.0,26876.376953125,0.0,1480000.125,315.0,246656.06544970034,2074.980811237135,0.00046786267193965614,-729701.5835439191,-1431.3083532278752,429371.68454925145,-1848.7684951455433,-3.44935345974877,942.1191646072768,1148047.5979618917,-598397.4353115582,874825.0813251667,0
8061.823593755693,phase0-forces,E,nominal,Kerbin,3531599999999.9995,600000.0,26876.376953125,0.0,1480000.125,315.0,247691.04030030605,2072.5249734239446,0.00046559952897951007,-730625.437426338,-1433.0319896705316,429842.43207285146,-1846.6479647094673,-3.4451941715019156,940.8715058590221,1148047.597974066,-598397.435311512,874825.0813312769,0
8062.363593755705,phase0-forces,E,nominal,Kerbin,3531599999999.9995,600000.0,26876.376953125,0.0,1480000.125,315.0,248807.43839449168,2069.879390780504,0.00046317558735609055,-731585.1221179437,-1434.822368269017,430331.3486100577,-1844.4479979398814,-3.440879345350252,939.5773325854179,1148047.5979441826,-598397.4353116923,874825.0813162451,0
8062.883593755716,phase0-forces,E,nominal,Kerbin,3531599999999.9995,600000.0,26876.376953125,0.0,1480000.125,315.0,249881.1425327505,2067.3383573149554,0.00046085394569672644,-732580.5084734824,-1436.679235873264,430838.35830886813,-1842.1691995068472,-3.43641019691271,938.23702500965,1148047.5979145141,-598397.4353118286,874825.0813013427,0
8063.403593755727,phase0-forces,E,nominal,Kerbin,3531599999999.9995,600000.0,26876.376953125,0.0,1480000.125,315.0,250953.52956018643,2064.8037319791583,0.00045854703057557344,-733537.8670982377,-1438.4650526170121,431325.9067366574,-1839.980341324419,-3.432117717360831,936.9498469516441,1148047.597913502,-598397.4353119462,874825.081300778,0
8063.903593755738,phase0-forces,E,nominal,Kerbin,3531599999999.9995,600000.0,26876.376953125,0.0,1480000.125,315.0,251983.43191655306,2062.372605598485,0.0004563474503811449,-734457.3321484417,-1440.1800817380083,431794.0729040098,-1837.88077081751,-3.428000593135582,935.7153869602939,1148047.597926522,-598397.4353120102,874825.0813072558,0
8064.42359375575,phase0-forces,E,nominal,Kerbin,3531599999999.9995,600000.0,26876.376953125,0.0,1480000.125,315.0,253053.2449805449,2059.8504572686124,0.00045407668221741915,-735412.4635447173,-1441.9615310292613,432280.3118138396,-1835.7024964680695,-3.423729401667706,934.4348713782006,1148047.5979173367,-598397.4353119482,874825.0813026943,0
8064.943593755761,phase0-forces,E,nominal,Kerbin,3531599999999.9995,600000.0,26876.376953125,0.0,1480000.125,315.0,254121.75069089618,2057.334622905784,0.00045182311441749334,-736366.4636316588,-1443.7407621027317,432765.88573326584,-1833.5295784064049,-3.4194689828471736,933.1577267255462,1148047.5978695354,-598397.4353122707,874825.0812786324,0
8065.463593755772,phase0-forces,E,nominal,Kerbin,3531599999999.9995,600000.0,26876.376953125,0.0,1480000.125,315.0,255188.95230974827,2054.825071235328,0.0004495757457334548,-737319.3351875527,-1445.5177805482458,433250.79640962713,-1831.3619903658453,-3.4152192829485197,931.8839358513312,1148047.5978884953,-598397.4353120073,874825.081288244,0
8065.983593755784,phase0-forces,E,nominal,Kerbin,3531599999999.9995,600000.0,26876.376953125,0.0,1480000.125,315.0,256254.85308428667,2052.3217711105885,0.00044735241681337357,-738271.0809776466,-1447.2925919252893,433735.0455827196,-1829.1997061521229,-3.4109802487069687,930.6134817426798,1148047.597912309,-598397.4353119207,874825.0813001941,0
8066.503593755795,phase0-forces,E,nominal,Kerbin,3531599999999.9995,600000.0,26876.376953125,0.0,1480000.125,315.0,257319.45624587836,2049.824691619355,0.0004451507411431521,-739221.7037533971,-1449.0652017676023,434218.63498437556,-1827.0426997804827,-3.4067518271658925,929.3463474901146,1148047.5979061422,-598397.4353119505,874825.0812970959,0
8067.023593755806,phase0-forces,E,nominal,Kerbin,3531599999999.9995,600000.0,26876.376953125,0.0,1480000.125,315.0,258382.76500883163,2047.3338021047284,0.0004429542750585824,-740171.2062527318,-1450.8356155788658,434701.5663355719,-1824.8909454839568,-3.402533965871573,928.0825163173181,1148047.597895467,-598397.4353119305,874825.0812917682,0
8067.543593755818,phase0-forces,E,nominal,Kerbin,3531599999999.9995,600000.0,26876.376953125,0.0,1480000.125,315.0,259444.78257328307,2044.8490721047426,0.000440782168880105,-741119.5912014706,-1452.6038388351378,435183.84134971077,-1822.744417648435,-3.398326612659923,926.8219715756245,1148047.5978715129,-598397.4353121914,874825.0812796607,0
8068.063593755829,phase0-forces,E,nominal,Kerbin,3531599999999.9995,600000.0,26876.376953125,0.0,1480000.125,315.0,260505.51211964374,2042.370471396397,0.0004386194341350347,-742066.8613078031,-1454.3698769900054,435665.461731059,-1820.6030908705302,-3.3941297157204433,925.564696727401,1148047.5978544985,-598397.4353123462,874825.0812710761,0
8068.58359375584,phase0-forces,E,nominal,Kerbin,3531599999999.9995,600000.0,26876.376953125,0.0,1480000.125,315.0,261564.95681649458,2039.8979699579036,0.00043647029087878764,-743013.0192706047,-1456.1337354655616,436146.42917618016,-1818.4669399075674,-3.3899432236936407,924.3106753611163,1148047.5978531244,-598397.4353124578,874825.0812703333,0
8069.103593755852,phase0-forces,E,nominal,Kerbin,3531599999999.9995,600000.0,26876.376953125,0.0,1480000.125,315.0,262623.1198178935,2037.4315379834723,0.00043433281825855374,-743958.0677767566,-1457.8954196612162,436626.74537318037,-1816.3359397020502,-3.385767085406313,923.0598911758711,1148047.5978928301,-598397.4353123477,874825.0812902412,0
8069.623593755863,phase0-forces,E,nominal,Kerbin,3531599999999.9995,600000.0,26876.376953125,0.0,1480000.125,315.0,263680.00425634347,2034.9711458414888,0.0004322175227571279,-744902.0094944932,-1459.6549349449315,437106.41199915414,-1814.2100653350512,-3.381601250266613,921.8123279808069,1148047.5979133076,-598397.4353121471,874825.0813005802,0
8070.1435937558745,phase0-forces,E,nominal,Kerbin,3531599999999.9995,600000.0,26876.376953125,0.0,1480000.125,315.0,264735.6132567697,2032.5167641040573,0.0004301244916860014,-745844.8470854395,-1461.4122866591174,437585.4307272893,-1812.089292052446,-3.3774456678863833,920.5679697087305,1148047.597877185,-598397.4353122037,874825.0812824906,0
8070.663593755886,phase0-forces,E,nominal,Kerbin,3531599999999.9995,600000.0,26876.376953125,0.0,1480000.125,315.0,265789.9499234783,2030.068363626585,0.0004280321591068059,-746786.5831944905,-1463.1674801284753,438063.80321834673,-1809.9735953511563,-3.3733002883161713,919.3268004220772,1148047.5978660411,-598397.435312265,874825.081276888,0
8071.183593755897,phase0-forces,E,nominal,Kerbin,3531599999999.9995,600000.0,26876.376953125,0.0,1480000.125,315.0,266843.01734953106,2027.6259153920792,0.0004259668639861047,-747727.2204567369,-1464.9205206419438,438541.53112738347,-1807.862950828318,-3.369165061838246,918.0888042660581,1148047.5978339608,-598397.4353122439,874825.0812608585,0
8071.683593755908,phase0-forces,E,nominal,Kerbin,3531599999999.9995,600000.0,26876.376953125,0.0,1480000.125,315.0,267854.3880920869,2025.2829939481928,0.0004239827976562083,-748630.6455378268,-1466.6041110832437,439000.2785473929,-1805.8382268691514,-3.3651984115590103,916.9014011296338,1148047.5978416784,-598397.4353120589,874825.0812648097,0
8072.203593755919,phase0-forces,E,nominal,Kerbin,3531599999999.9995,600000.0,26876.376953125,0.0,1480000.125,315.0,268904.9747736362,2022.8521378489781,0.00042194672278128564,-749569.1349690218,-1468.3529437669852,439476.74685675727,-1803.7374222219873,-3.361082958130585,915.6695836367561,1148047.5977964653,-598397.4353122637,874825.0812421008,0
8072.723593755931,phase0-forces,E,nominal,Kerbin,3531599999999.9995,600000.0,26876.376953125,0.0,1480000.125,315.0,269954.3012818481,2020.4271493171564,0.0004199135582894087,-750506.533278449,-1470.0996390175515,439952.57543535804,-1801.641598536078,-3.3569775128272727,914.4408930183488,1148047.597742416,-598397.435312194,874825.081215111,0
8073.243593755942,phase0-forces,E,nominal,Kerbin,3531599999999.9995,600000.0,26876.376953125,0.0,1480000.125,315.0,271002.3706476552,2018.0080001941262,0.00041788871749304235,-751442.8430490831,-1471.8442020297916,440427.7659035489,-1799.550732117803,-3.352882027451353,913.2153139122702,1148047.5977491708,-598397.4353123651,874825.0812184028,0
8073.7635937559535,phase0-forces,E,nominal,Kerbin,3531599999999.9995,600000.0,26876.376953125,0.0,1480000.125,315.0,272049.18588976166,2015.5946624596445,0.00041588727617636323,-752378.0668525205,-1473.5866379649733,440902.3198767281,-1797.4647994018,-3.3487964540413087,911.9928310077685,1148047.5977955728,-598397.4353123183,874825.0812416272,0
8074.263593755964,phase0-forces,E,nominal,Kerbin,3531599999999.9995,600000.0,26876.376953125,0.0,1480000.125,315.0,273054.5591072384,2013.2795998763213,0.00041397789027541876,-753276.2987759304,-1475.2600559949585,441358.0230245474,-1795.4637257475672,-3.3448773211617167,910.8202723910636,1148047.5977993412,-598397.4353124552,874825.0812434431,0
8074.803593755976,phase0-forces,E,nominal,Kerbin,3531599999999.9995,600000.0,26876.376953125,0.0,1480000.125,315.0,274139.06600539,2010.7853099815425,0.0004119233344681561,-754245.2667867665,-1477.0651491657368,441849.52475371095,-1793.307641531523,-3.340654852948161,909.5570931433433,1148047.5978357866,-598397.4353124367,874825.081261675,0
8075.3235937559875,phase0-forces,E,nominal,Kerbin,3531599999999.9995,600000.0,26876.376953125,0.0,1480000.125,315.0,275182.13684050227,2008.3892401677456,0.0004099700599908829,-755177.2479976193,-1478.8012346363496,442322.17884519213,-1791.2363700436542,-3.336598730939902,908.343808127361,1148047.5977994944,-598397.435312583,874825.0812434556,0
8075.843593755999,phase0-forces,E,nominal,Kerbin,3531599999999.9995,600000.0,26876.376953125,0.0,1480000.125,315.0,276223.96548287896,2005.9988716236103,0.00040801751310937107,-756108.1534089498,-1480.5352134540524,442794.20281947125,-1789.1699396083513,-3.332552332410088,907.1335592138557,1148047.5978171963,-598397.4353126513,874825.0812522725,0
8076.36359375601,phase0-forces,E,nominal,Kerbin,3531599999999.9995,600000.0,26876.376953125,0.0,1480000.125,315.0,277264.55487562215,2003.6141772667536,0.0004060837673023343,-757037.9855290634,-1482.2670906614608,443265.5982495066,-1787.1083274392593,-3.328515610999197,905.9263316216227,1148047.5978362593,-598397.4353124854,874825.081261887,0
8076.863593756021,phase0-forces,E,nominal,Kerbin,3531599999999.9995,600000.0,26876.376953125,0.0,1480000.125,315.0,278263.9556614052,2001.3265279221448,0.00040423631435260177,-757931.04504011,-1483.9303799642037,443718.27179985825,-1785.1305308287424,-3.3246432312455694,904.7683714716076,1148047.597857397,-598397.4353125679,874825.0812724147,0
8077.3835937560325,phase0-forces,E,nominal,Kerbin,3531599999999.9995,600000.0,26876.376953125,0.0,1480000.125,315.0,279302.12272686453,1998.9528858016688,0.0004023234941996634,-758858.7791097946,-1485.6581493462438,444188.43886331073,-1783.0783043090184,-3.320625358509782,903.5670278427184,1148047.597884329,-598397.4353125228,874825.0812859031,0
8077.903593756044,phase0-forces,E,nominal,Kerbin,3531599999999.9995,600000.0,26876.376953125,0.0,1480000.125,315.0,280339.05919024325,1996.5848387638962,0.0004004352376796305,-759785.4472587466,-1487.383831915291,444657.98200316314,-1781.030829475846,-3.3166170275631814,902.3686624046323,1148047.5978583551,-598397.4353127207,874825.0812728172,0
8078.423593756055,phase0-forces,E,nominal,Kerbin,3531599999999.9995,600000.0,26876.376953125,0.0,1480000.125,315.0,281374.76794333535,1994.22236055273,0.0003985394723713398,-760711.0519518394,-1489.107432624163,445126.9027643112,-1778.9880842441842,-3.312618193275334,901.173260814154,1148047.597925722,-598397.4353125192,874825.0813066013,0
8078.943593756067,phase0-forces,E,nominal,Kerbin,3531599999999.9995,600000.0,26876.376953125,0.0,1480000.125,315.0,282409.25186402595,1991.8654249261729,0.00039667499368079007,-761635.5956418618,-1490.8289563974834,445595.2026845882,-1776.950046518628,-3.308628810875125,899.9808087782549,1148047.5979443886,-598397.4353122374,874825.0813160756,0
8079.4435937560775,phase0-forces,E,nominal,Kerbin,3531599999999.9995,600000.0,26876.376953125,0.0,1480000.125,315.0,283402.7955339117,1989.6043434101816,0.00039488798938691616,-762523.5816570837,-1492.482313634221,446044.9070110839,-1774.9948139023716,-3.304801738447995,898.8369886813821,1148047.5979471013,-598397.4353122903,874825.0813174056,0
8079.963593756089,phase0-forces,E,nominal,Kerbin,3531599999999.9995,600000.0,26876.376953125,0.0,1480000.125,315.0,284434.88520700554,1987.2582044854068,0.00039304388337768614,-763446.0512316618,-1494.1997776384378,446511.9935644912,-1772.9659467462309,-3.3008307674299293,897.6502812838918,1148047.5979196897,-598397.4353124895,874825.0813036001,0
8080.4835937561,phase0-forces,E,nominal,Kerbin,3531599999999.9995,600000.0,26876.376953125,0.0,1480000.125,315.0,285465.7584945861,1984.9175317772185,0.00039120239671319723,-764367.4670047659,-1495.9151791677614,446978.46378644183,-1770.941722824676,-3.2968691174173,896.4664817880009,1148047.5980001143,-598397.4353120618,874825.0813440263,0
8081.0035937561115,phase0-forces,E,nominal,Kerbin,3531599999999.9995,600000.0,26876.376953125,0.0,1480000.125,315.0,286495.41822068195,1982.5822996972024,0.00038939074147492647,-765287.8313831344,-1497.6285230528501,447444.3191861619,-1768.9221205751428,-3.2929167448557615,895.2855762894313,1148047.59798355,-598397.4353119906,874825.0813357797,0
8081.523593756123,phase0-forces,E,nominal,Kerbin,3531599999999.9995,600000.0,26876.376953125,0.0,1480000.125,315.0,287523.86719857145,1980.252483003345,0.00038758089067414403,-766207.1467659926,-1499.3398141067476,447909.56126426463,-1766.907118757639,-3.2889736064561137,894.1075510122416,1148047.5979774988,-598397.4353117689,874825.0813328649,0
8082.043593756134,phase0-forces,E,nominal,Kerbin,3531599999999.9995,600000.0,26876.376953125,0.0,1480000.125,315.0,288551.1082270511,1977.9280565482939,0.00038578564999625087,-767125.4155393434,-1501.0490571198,448374.191515121,-1764.8966961913698,-3.285039659061784,892.9323922717426,1148047.5979603888,-598397.4353118199,874825.0813242844,0
8082.563593756146,phase0-forces,E,nominal,Kerbin,3531599999999.9995,600000.0,26876.376953125,0.0,1480000.125,315.0,289577.1440924702,1975.608995394052,0.000383996608434245,-768042.6400789086,-1502.7562568603907,448838.2114258633,-1762.890831886444,-3.281114860073569,891.7600864682674,1148047.5979821263,-598397.4353117507,874825.0813351878,0
8083.083593756157,phase0-forces,E,nominal,Kerbin,3531599999999.9995,600000.0,26876.376953125,0.0,1480000.125,315.0,290601.97756874445,1973.2952746648104,0.0003822316648438573,-768958.8227500527,-1504.4614180765066,449301.6224765419,-1760.8895048875124,-3.2771991670790634,890.590620070243,1148047.5979140424,-598397.435312007,874825.0813010177,0
8083.603593756168,phase0-forces,E,nominal,Kerbin,3531599999999.9995,600000.0,26876.376953125,0.0,1480000.125,315.0,291625.61141544825,1970.9868698431917,0.0003804599982686341,-769873.9659059045,-1506.1645454895,449764.42613956024,-1758.892694565966,-3.2732925378587887,889.4239796928683,1148047.5979604213,-598397.435311762,874825.0813243296,0
8084.12359375618,phase0-forces,E,nominal,Kerbin,3531599999999.9995,600000.0,26876.376953125,0.0,1480000.125,315.0,292648.0483805372,1968.683756382991,0.00037870838423259556,-770788.0718894859,-1507.8656438038142,450226.6238814299,-1756.900380236956,-3.2693949304723975,888.2601519973032,1148047.59799482,-598397.4353117247,874825.0813415477,0
8084.643593756191,phase0-forces,E,nominal,Kerbin,3531599999999.9995,600000.0,26876.376953125,0.0,1480000.125,315.0,293669.29120208963,1966.3859099573185,0.00037697734660468996,-771701.1430359171,-1509.5647176984394,450688.2171624497,-1754.9125414172534,-3.265506303408695,887.0991237306523,1148047.5980025094,-598397.4353116481,874825.0813454307,0
8085.143593756202,phase0-forces,E,nominal,Kerbin,3531599999999.9995,600000.0,26876.376953125,0.0,1480000.125,315.0,294650.1318517063,1964.181386806021,0.0003753230266738683,-772578.1223202746,-1511.1965378090981,451131.4881709969,-1753.0053595991337,-3.261775669207973,885.9853781589284,1148047.5979571796,-598397.4353120041,874825.0813225878,0
8085.663593756213,phase0-forces,E,nominal,Kerbin,3531599999999.9995,600000.0,26876.376953125,0.0,1480000.125,315.0,295669.04020577425,1961.8938018996353,0.0003736022626981139,-773489.1703231826,-1512.8916542391073,451591.89998795383,-1751.0262407311461,-3.2579045374999986,884.82980299105,1148047.597948081,-598397.4353119637,874825.0813180588,0
8086.083593756222,phase0-forces,E,nominal,Kerbin,3531599999999.9995,600000.0,26876.376953125,0.0,1480000.125,315.0,296491.13861801126,1960.0499314937304,0.0003722243709489703,-774224.266214396,-1514.2593186675617,451963.33285357815,-1749.4309461429102,-3.254784323228089,883.8984698510957,1148047.5979263866,-598397.4353119801,874825.0813072033,0
8086.663593756235,phase0-forces,E,nominal,Kerbin,3531599999999.9995,600000.0,26876.376953125,0.0,1480000.125,315.0,297625.1479074139,1957.5091837644727,0.0003703294787555933,-775238.2983661707,-1516.1458461753912,452475.6216680671,-1747.2326365479723,-3.250484917063369,882.6152914218503,1148047.5979144978,-598397.435311992,874825.0813012529,0
8087.183593756246,phase0-forces,E,nominal,Kerbin,3531599999999.9995,600000.0,26876.376953125,0.0,1480000.125,315.0,298640.59668637824,1955.2367206968966,0.00036864582216367126,-776146.3478976275,-1517.8350981242418,452934.28313016857,-1745.2663690646464,-3.2466395663107415,881.4677500084651,1148047.5979213843,-598397.4353120585,874825.0813046629,0
8087.703593756258,phase0-forces,E,nominal,Kerbin,3531599999999.9995,600000.0,26876.376953125,0.0,1480000.125,315.0,299654.86716518365,1952.969384789153,0.0003669809957500547,-777053.3761047587,-1519.5223527644541,453392.3485790424,-1743.3044592702092,-3.2428029564181355,880.3229319069865,1148047.5978854825,-598397.4353123216,874825.0812865804,0
8088.24359375627,phase0-forces,E,nominal,Kerbin,3531599999999.9995,600000.0,26876.376953125,0.0,1480000.125,315.0,300745.8437461676,1950.4464534546403,0.0003651273436844349,-777959.3852476918,-1521.2076146318216,453849.8194284319,-1741.3468876112001,-3.2389750477949804,879.180824471915,1148047.597854051,-598397.4353122171,874825.081270917,0
8088.843593756283,phase0-forces,E,nominal,Kerbin,3531599999999.9995,600000.0,26876.376953125,0.0,1480000.125,315.0,301952.124220258,1947.8431723775625,0.0003631561412476003,-779003.5170570383,-1523.1496772252606,454376.9333923379,-1739.018502606582,-3.2344223199362516,877.8226062879745,1148047.597851258,-598397.4353123347,874825.0812694617,0
8089.463593756296,phase0-forces,E,nominal,Kerbin,3531599999999.9995,600000.0,26876.376953125,0.0,1480000.125,315.0,303156.74188096053,1945.1601806104754,0.0003612725995481014,-780081.0347312512,-1525.1537016542038,454920.79042326997,-1736.696224283988,-3.2298818390748214,876.4682026095534,1148047.5978340113,-598397.435312217,874825.081258604,0
8090.043593756309,phase0-forces,E,nominal,Kerbin,3531599999999.9995,600000.0,26876.376953125,0.0,1480000.125,315.0,304204.57363512134,1942.8292027142895,0.0003595729940570891,-781122.4245183665,-1527.090403074772,455446.3051690302,-1734.5292700783368,-3.225645321260066,875.2046145749092,1148047.5978888203,-598397.4353122521,874825.081288284,0
8090.56359375632,phase0-forces,E,nominal,Kerbin,3531599999999.9995,600000.0,26876.376953125,0.0,1480000.125,315.0,305212.41051936126,1940.5896550274167,0.00035796593874692917,-782023.8755796356,-1528.7667530344556,455901.1176273798,-1732.5909811917402,-3.2218560827914455,874.0745510171618,1148047.5979198955,-598397.4353120662,874825.0813039147,0
8091.0835937563315,phase0-forces,E,nominal,Kerbin,3531599999999.9995,600000.0,26876.376953125,0.0,1480000.125,315.0,306219.086119481,1938.355086108562,0.00035636831307783723,-782924.319832089,-1530.4411347972864,456355.34314021235,-1730.6569249618065,-3.2180753313366126,872.9471300805318,1148047.5978799406,-598397.4353121622,874825.0812838892,0
8091.589687506341,phase0-forces,E,nominal,Kerbin,3531599999999.9995,600000.0,26876.376953125,0.0,1480000.125,315.0,307236.3795548439,1936.0993747820405,0.0,-783834.2938356029,-1532.1331400277552,456814.29570785497,-1728.7044922558857,-3.2142588721326515,871.8091740889356,1148047.5979072843,-598397.4353120668,874825.0812976088,0
8092.832812506341,phase0-forces,E,nominal,Kerbin,3531599999999.9995,600000.0,26876.376953125,0.0,1480000.125,315.0,309635.48021263303,1930.7893022256262,0.0,-785980.4301621844,-1536.1232765691814,457896.3972221385,-1724.1080478782535,-3.205274964045215,869.1308848745182,1148047.5979072843,-598397.4353120668,874825.0812976088,0
8095.25804688134,phase0-forces,E,nominal,Kerbin,3531599999999.9995,600000.0,26876.376953125,0.0,1480000.125,315.0,314297.0399490178,1920.5098304051273,0.0,-790150.9868550703,-1543.8756954448756,459997.94747295475,-1715.2088245608654,-3.187884531109204,863.948224272428,1148047.5979072843,-598397.4353120668,874825.0812976088,0
8099.12875000634,phase0-forces,E,nominal,Kerbin,3531599999999.9995,600000.0,26876.376953125,0.0,1480000.125,315.0,321685.7497121331,1904.3182962727626,0.0,-796762.8444541743,-1556.1618985014495,463326.20180587226,-1701.1880905274043,-3.1604949921905856,855.7904331308721,1148047.5979072843,-598397.4353120668,874825.0812976088,0
8106.985781256341,phase0-forces,E,nominal,Kerbin,3531599999999.9995,600000.0,26876.376953125,0.0,1480000.125,315.0,336494.03319178685,1872.2317411024478,0.0,-810019.3633216002,-1580.7796733456191,469986.38957262714,-1673.3915443430235,-3.1062272633974684,839.6444384767656,1148047.5979072843,-598397.4353120668,874825.0812976088,0
8125.61078125634,phase0-forces,E,nominal,Kerbin,3531599999999.9995,600000.0,26876.376953125,0.0,1480000.125,315.0,370620.70101379964,1800.0199045295417,0.0,-840596.3483477777,-1637.4825828152236,485283.0545482631,-1610.7769282971635,-2.9841434129797912,803.4055257814607,1148047.5979072843,-598397.4353120668,874825.0812976088,0
8151.43265625634,phase0-forces,E,nominal,Kerbin,3531599999999.9995,600000.0,26876.376953125,0.0,1480000.125,315.0,415806.57813124673,1707.7385477758944,0.0,-881139.6219733763,-1712.4949355202255,505423.62244400894,-1530.6438983322582,-2.8282246680619543,757.2926813347499,1148047.5979072843,-598397.4353120668,874825.0812976088,0
8177.43265625634,phase0-forces,E,nominal,Kerbin,3531599999999.9995,600000.0,26876.376953125,0.0,1480000.125,315.0,459003.13155670743,1622.574302526375,0.0,-919960.3390851805,-1784.1332316475448,524554.5005295487,-1456.5750759042228,-2.684425385822996,714.9330103820275,1148047.5979072843,-598397.4353120668,874825.0812976088,0
8203.43265625634,phase0-forces,E,nominal,Kerbin,3531599999999.9995,600000.0,26876.376953125,0.0,1480000.125,315.0,500074.99018857465,1543.933903921348,0.0,-956929.7745714246,-1852.1810815411147,542629.6711407483,-1388.0809218722575,-2.5517213273478445,675.9857563072948,1148047.5979072843,-598397.4353120668,874825.0812976088,0
8229.43265625634,phase0-forces,E,nominal,Kerbin,3531599999999.9995,600000.0,26876.376953125,0.0,1480000.125,315.0,539177.9438558021,1470.8294251425077,0.0,-992181.5424126401,-1916.9041934090194,559730.7389642993,-1324.322556293328,-2.42842690525203,639.9242670039248,1148047.5979072843,-598397.4353120668,874825.0812976088,0
8255.43265625634,phase0-forces,E,nominal,Kerbin,3531599999999.9995,600000.0,26876.376953125,0.0,1480000.125,315.0,576444.898215401,1402.4727476724756,0.0,-1025829.7454374918,-1978.5291104393539,575927.0937673061,-1264.62967482637,-2.313198196107265,606.3301432607805,1148047.5979072843,-598397.4353120668,874825.0812976088,0
8281.43265625634,phase0-forces,E,nominal,Kerbin,3531599999999.9995,600000.0,26876.376953125,0.0,1480000.125,315.0,611990.3622117692,1338.2256234639485,0.0,-1057972.7802312435,-2037.250918634468,591278.3473058044,-1208.4586130600183,-2.2049473808004527,574.8658435005325,1148047.5979072843,-598397.4353120668,874825.0812976088,0
8307.43265625634,phase0-forces,E,nominal,Kerbin,3531599999999.9995,600000.0,26876.376953125,0.0,1480000.125,315.0,645913.8457695346,1277.564296600701,0.0,-1088696.2221232324,-2093.2390725689465,605836.170400066,-1155.3625861017117,-2.1027821655880503,545.2553575090966,1148047.5979072843,-598397.4353120668,874825.0812976088,0
8333.43265625634,phase0-forces,E,nominal,Kerbin,3531599999999.9995,600000.0,26876.376953125,0.0,1480000.125,315.0,678302.4752770569,1220.0538971173678,0.0,-1118075.048559633,-2146.6418802815015,619645.7020075764,-1104.970114069861,-2.0059619590752473,517.2702726818294,1148047.5979072843,-598397.4353120668,874825.0812976088,0
8359.43265625634,phase0-forces,E,nominal,Kerbin,3531599999999.9995,600000.0,26876.376953125,0.0,1480000.125,315.0,709233.0393768051,1165.3295543360753,0.0,-1146175.3803795925,-2197.5900069552,632746.6470916176,-1056.9690850879963,-1.9138655637468913,490.71953343632435,1148047.5979072843,-598397.4353120668,874825.0812976088,0
8384.43265625634,phase0-forces,E,nominal,Kerbin,3531599999999.9995,600000.0,26876.376953125,0.0,1480000.125,315.0,737662.3809681139,1115.0492565905674,0.0,-1172043.9030947255,-2244.371627576881,644708.2266201994,-1012.8226984493448,-1.8292756899770073,466.3921953457359,1148047.5979072843,-598397.4353120668,874825.0812976088,0
8410.43265625634,phase0-forces,E,nominal,Kerbin,3531599999999.9995,600000.0,26876.376953125,0.0,1480000.125,315.0,765923.6959860534,1064.9342598679298,0.0,-1197800.8193555807,-2290.829354889923,656517.7015954457,-968.7793824508883,-1.7449889041006152,442.2085944350873,1148047.5979072843,-598397.4353120668,874825.0812976088,0
8435.43265625634,phase0-forces,E,nominal,Kerbin,3531599999999.9995,600000.0,26876.376953125,0.0,1480000.125,315.0,791893.1262614741,1018.6295910412123,0.0,-1221508.0141652338,-2333.4746863918836,667292.4405086085,-928.0467197762324,-1.667131444235782,419.91993323740917,1148047.5979072843,-598397.4353120668,874825.0812976088,0
8462.43265625634,phase0-forces,E,nominal,Kerbin,3531599999999.9995,600000.0,26876.376953125,0.0,1480000.125,315.0,818664.2116939111,970.4878769102661,0.0,-1245989.4760116257,-2377.387713559204,678316.0909465733,-885.6584696792736,-1.586204774388899,396.8038284462194,1148047.5979072843,-598397.4353120668,874825.0812976088,0
8488.43265625634,phase0-forces,E,nominal,Kerbin,3531599999999.9995,600000.0,26876.376953125,0.0,1480000.125,315.0,843236.5700102048,925.7855377278805,0.0,-1268501.5662890896,-2417.6467100458676,688352.9097209747,-846.2614745583119,-1.511075912107237,375.3905901778576,1148047.5979072843,-598397.4353120668,874825.0812976088,0
8514.43265625634,phase0-forces,E,nominal,Kerbin,3531599999999.9995,600000.0,26876.376953125,0.0,1480000.125,315.0,866665.00816558,882.5544360779716,0.0,-1290006.0026666084,-2455.9851938562924,697842.9102585954,-808.1261316164183,-1.4384326132521947,354.728655384939,1148047.5979072843,-598397.4353120668,874825.0812976088,0
8540.43265625634,phase0-forces,E,nominal,Kerbin,3531599999999.9995,600000.0,26876.376953125,0.0,1480000.125,315.0,888985.7659695733,840.6606634563005,0.0,-1310534.0514401374,-2492.464761264854,706804.710578042,-771.1365578310857,-1.368046550241264,334.74899358750645,1148047.5979072843,-598397.4353120668,874825.0812976088,0
8566.43265625634,phase0-forces,E,nominal,Kerbin,3531599999999.9995,600000.0,26876.376953125,0.0,1480000.125,315.0,910231.79056761,799.9854236737768,0.0,-1330114.137224582,-2527.141413219505,715255.2388851356,-735.1896789799999,-1.2997149097718315,315.39043224700123,1148047.5979072843,-598397.4353120668,874825.0812976088,0
8592.43265625634,phase0-forces,E,nominal,Kerbin,3531599999999.9995,600000.0,26876.376953125,0.0,1480000.125,315.0,930433.0949344554,760.4228332976314,0.0,-1348772.1500665548,-2560.066166885429,723209.9220397349,-700.1933346426608,-1.2332566013726918,296.59848044206717,1148047.5979072843,-598397.4353120668,874825.0812976088,0
8618.43265625634,phase0-forces,E,nominal,Kerbin,3531599999999.9995,600000.0,26876.376953125,0.0,1480000.125,315.0,949617.064701031,721.8781164736531,0.0,-1366531.708573921,-2591.2855790930325,730682.8463250846,-666.0647119073732,-1.1685091273515384,278.3243596628154,1148047.5979072843,-598397.4353120668,874825.0812976088,0
8644.43265625634,phase0-forces,E,nominal,Kerbin,3531599999999.9995,600000.0,26876.376953125,0.0,1480000.125,315.0,967808.7210083609,684.2661180072648,0.0,-1383414.3853322046,-2620.8421949225003,737686.8951743556,-632.729041513248,-1.1053259802460902,260.5241995150085,1148047.5979072843,-598397.4353120668,874825.0812976088,0
8670.43265625634,phase0-forces,E,nominal,Kerbin,3531599999999.9995,600000.0,26876.376953125,0.0,1480000.125,315.0,985030.9472706681,647.5100772089505,0.0,-1399439.9014670518,-2648.774934180313,744233.8677989516,-600.11850513,-1.0435744642592344,243.15836576193047,1148047.5979072843,-598397.4353120668,874825.0812976088,0
8695.43265625634,phase0-forces,E,nominal,Kerbin,3531599999999.9995,600000.0,26876.376953125,0.0,1480000.125,315.0,1000696.0739808213,612.9102941433384,0.0,-1414057.5152538766,-2674.1351408439214,750108.0680894565,-569.3884846254338,-0.9854356219848507,226.83652959666958,1148047.5979072843,-598397.4353120668,874825.0812976088,0
8721.43265625634,phase0-forces,E,nominal,Kerbin,3531599999999.9995,600000.0,26876.376953125,0.0,1480000.125,315.0,1016075.9033750161,577.6378608040433,0.0,-1428452.639155256,-2698.9832749443585,755789.0569788894,-538.0257459583735,-0.9261513789023667,210.22116250232864,1148047.5979072843,-598397.4353120668,874825.0812976088,0
8747.43265625634,phase0-forces,E,nominal,Kerbin,3531599999999.9995,600000.0,26876.376953125,0.0,1480000.125,315.0,1030543.3173431149,543.0343869247095,0.0,-1442039.678113993,-2722.304570622974,761042.4860249304,-507.2197690759134,-0.8679702828596648,193.94251176279062,1148047.5979072843,-598397.4353120668,874825.0812976088,0
8773.43265625634,phase0-forces,E,nominal,Kerbin,3531599999999.9995,600000.0,26876.376953125,0.0,1480000.125,315.0,1044114.4269180477,509.04818347899464,0.0,-1454832.4745358175,-2744.1264776068265,765876.7457012422,-476.92245344214064,-0.8107987995477057,177.97294488573277,1148047.5979072843,-598397.4353120668,874825.0812976088,0
8799.43265625634,phase0-forces,E,nominal,Kerbin,3531599999999.9995,600000.0,26876.376953125,0.0,1480000.125,315.0,1056803.9598874587,475.6326424560596,0.0,-1466843.6669391126,-2764.474106617504,770299.5365066081,-447.0892276873128,-0.7545504063411703,162.28697948196665,1148047.5979072843,-598397.4353120668,874825.0812976088,0
8825.43265625634,phase0-forces,E,nominal,Kerbin,3531599999999.9995,600000.0,26876.376953125,0.0,1480000.125,315.0,1068625.3613716832,442.7460632253314,0.0,-1478084.776258983,-2783.3704009132916,774317.9215628579,-417.6786176307025,-0.6991447375723784,146.86102298523772,1148047.5979072843,-598397.4353120668,874825.0812976088,0
8851.43265625634,phase0-forces,E,nominal,Kerbin,3531599999999.9995,600000.0,26876.376953125,0.0,1480000.125,315.0,1079590.8816512665,410.3516885696305,0.0,-1488566.2811649225,-2800.836285598808,777938.3726369408,-388.6518692085692,-0.644506839594513,131.67314640262055,1148047.5979072843,-598397.4353120668,874825.0812976088,0
8877.43265625634,phase0-forces,E,nominal,Kerbin,3531599999999.9995,600000.0,26876.376953125,0.0,1480000.125,315.0,1089711.653659552,378.4180199623223,0.0,-1498297.6844821812,-2816.8908009009892,781166.8108121646,-359.97261745985935,-0.5905665179373023,116.70288660735962,1148047.5979072843,-598397.4353120668,874825.0812976088,0
8903.43265625634,phase0-forces,E,nominal,Kerbin,3531599999999.9995,600000.0,26876.376953125,0.0,1480000.125,315.0,1098997.7609657182,346.91953760173095,0.0,-1507287.5714054888,-2831.5512172060544,784008.642280665,-331.606594253014,-0.5372577619391399,101.93107265114492,1148047.5979072843,-598397.4353120668,874825.0812976088,0
8928.43265625634,phase0-forces,E,nominal,Kerbin,3531599999999.9995,600000.0,26876.376953125,0.0,1480000.125,315.0,1107148.0564286513,317.02592110115745,0.0,-1515239.6014653784,-2844.347609438234,786381.171192342,-304.59675471622813,-0.4865368764585575,87.89775280544497,1148047.5979072843,-598397.4353120668,874825.0812976088,0
8954.43265625634,phase0-forces,E,nominal,Kerbin,3531599999999.9995,600000.0,26876.376953125,0.0,1480000.125,315.0,1114822.4777636575,286.33725689012266,0.0,-1522796.6293123455,-2856.317296631866,788478.533284166,-276.7524391604347,-0.43428889832698375,73.46375633782125,1148047.5979072843,-598397.4353120668,874825.0812976088,0
8980.43265625634,phase0-forces,E,nominal,Kerbin,3531599999999.9995,600000.0,26876.376953125,0.0,1480000.125,315.0,1121686.4865120365,256.0620613170389,0.0,-1529632.648937309,-2866.934582747751,790202.5675921906,-249.12977437625398,-0.38249684186878785,59.17760101029566,1148047.5979072843,-598397.4353120668,874825.0812976088,0
9006.43265625634,phase0-forces,E,nominal,Kerbin,3531599999999.9995,600000.0,26876.376953125,0.0,1480000.125,315.0,1127746.527937913,226.22636653061494,0.0,-1535753.0533096646,-2876.210615493589,791556.916124199,-221.70049479963825,-0.33110675391426647,45.023881302673416,1148047.5979072843,-598397.4353120668,874825.0812976088,0
9032.43265625634,phase0-forces,E,nominal,Kerbin,3531599999999.9995,600000.0,26876.376953125,0.0,1480000.125,315.0,1133008.2287538825,196.89138975069514,0.0,-1541162.5144729365,-2884.1551679449612,792544.829369981,-194.4373754920014,-0.2800667995803909,30.98786750214299,1148047.5979072843,-598397.4353120668,874825.0812976088,0
9058.43265625634,phase0-forces,E,nominal,Kerbin,3531599999999.9995,600000.0,26876.376953125,0.0,1480000.125,315.0,1137476.4265793113,168.18126726617956,0.0,-1545865.0083592273,-2890.776689581805,793169.1826208762,-167.31407258254728,-0.22932695328760386,17.055415100451885,1148047.5979072843,-598397.4353120668,874825.0812976088,0
9084.43265625634,phase0-forces,E,nominal,Kerbin,3531599999999.9995,600000.0,26876.376953125,0.0,1480000.125,315.0,1141155.1950792028,140.3418706050587,0.0,-1549863.8358483282,-2896.0823497252995,793432.4901261772,-140.30497515534987,-0.17883871306801913,3.2128816191085363,1148047.5979072843,-598397.4353120668,874825.0812976088,0
9110.43265625634,phase0-forces,E,nominal,Kerbin,3531599999999.9995,600000.0,26876.376953125,0.0,1480000.125,315.0,1144047.8646464252,113.87517107646175,0.0,-1553161.639905158,-2900.078073501819,793336.9171115409,-113.38506647647529,-0.12855483404591728,-10.552950368184074,1148047.5979072843,-598397.4353120668,874825.0812976088,0
9136.43265625634,phase0-forces,E,nominal,Kerbin,3531599999999.9995,600000.0,26876.376953125,0.0,1480000.125,315.0,1146157.0392433105,89.86497389864799,0.0,-1555760.4193742462,-2902.7685712652737,792884.2898822345,-86.5297926773468,-0.07842907742263952,-24.254945101976208,1148047.5979072843,-598397.4353120668,874825.0812976088,0
9162.43265625634,phase0-forces,E,nominal,Kerbin,3531599999999.9995,600000.0,26876.376953125,0.0,1480000.125,315.0,1147484.6093912036,70.72987494577524,0.0,-1557661.5393550384,-2904.1573615821535,792076.1041359843,-59.714937183599375,-0.028415971654911984,-37.905681362248835,1148047.5979072843,-598397.4353120668,874825.0812976088,0
9188.43265625634,phase0-forces,E,nominal,Kerbin,3531599999999.9995,600000.0,26876.376953125,0.0,1480000.125,315.0,1148031.7615225522,61.13551292858844,0.0,-1558865.7383690933,-2904.2467885908545,790913.5315451422,-32.91649930980914,0.021529417209822217,-51.51751693077931,1148047.5979072843,-598397.4353120668,874825.0812976088,0
9214.43265625634,phase0-forces,E,nominal,Kerbin,3531599999999.9995,600000.0,26876.376953125,0.0,1480000.125,315.0,1147798.9838295134,65.38883202558897,0.0,-1559373.1324492213,-2903.038032134703,789397.424648172,-6.110575534242566,0.07145170887495567,-65.102650598607,1148047.5979072843,-598397.4353120668,874825.0812976088,0
9240.43265625634,phase0-forces,E,nominal,Kerbin,3531599999999.9995,600000.0,26876.376953125,0.0,1480000.125,315.0,1146786.0686763097,81.35774624249348,0.0,-1559183.216123184,-2900.5311140396507,787528.3202530926,20.72675797168883,0.12139542850928459,-78.67318247529417,1148047.5979072843,-598397.4353120668,874825.0812976088,0
9266.43265625634,phase0-forces,E,nominal,Kerbin,3531599999999.9995,600000.0,26876.376953125,0.0,1480000.125,315.0,1144992.1115532417,103.8079294257403,0.0,-1558294.8603531034,-2896.7248971738727,785306.4411839579,47.61956295608258,0.17140522545289677,-92.24117332178648,1148047.5979072843,-598397.4353120668,874825.0812976088,0
9292.43265625634,phase0-forces,E,nominal,Kerbin,3531599999999.9995,600000.0,26876.376953125,0.0,1480000.125,315.0,1142415.506676056,129.46674159191232,0.0,-1556706.307438727,-2891.617079777351,782731.6965833979,74.59215823953532,0.2215260935121495,-105.81870361039684,1148047.5979072843,-598397.4353120668,874825.0812976088,0
9318.43265625634,phase0-forces,E,nominal,Kerbin,3531599999999.9995,600000.0,26876.376953125,0.0,1480000.125,315.0,1139053.9389855976,156.83542756096395,0.0,-1554415.1627047753,-2885.2041831144006,779803.6805835367,101.66924183942739,0.27180359547810523,-119.41793301188846,1148047.5979072843,-598397.4353120668,874825.0812976088,0
9344.43265625634,phase0-forces,E,nominal,Kerbin,3531599999999.9995,600000.0,26876.376953125,0.0,1480000.125,315.0,1134904.3726705385,185.23429277083355,0.0,-1551418.3830481863,-2877.4815338083417,776521.6694668136,128.87601755975155,0.32228409459622287,-133.0511610216606,1148047.5979072843,-598397.4353120668,874825.0812976088,0
9370.43265625634,phase0-forces,E,nominal,Kerbin,3531599999999.9995,600000.0,26876.376953125,0.0,1480000.125,315.0,1129963.035935835,214.33736978616514,0.0,-1547712.2620518447,-2868.443240446678,772884.6172825987,156.23832763933052,0.37301499587182385,-146.73088946479322,1148047.5979072843,-598397.4353120668,874825.0812976088,0
9396.43265625634,phase0-forces,E,nominal,Kerbin,3531599999999.9995,600000.0,26876.376953125,0.0,1480000.125,315.0,1124225.4018353657,243.98131021036008,0.0,-1543292.411601794,-2858.0821622439535,768891.1496388816,183.78279318513722,0.42404500031638054,-160.46988766391885,1148047.5979072843,-598397.4353120668,874825.0812976088,0
9422.43265625634,phase0-forces,E,nominal,Kerbin,3531599999999.9995,600000.0,26876.376953125,0.0,1480000.125,315.0,1117686.1650375768,274.08405876367675,0.0,-1538153.739698897,-2846.389873040548,764539.5559920266,211.53696429578568,0.47542437553887523,-174.28126111707263,1148047.5979072843,-598397.4353120668,874825.0812976088,0
9448.43265625634,phase0-forces,E,nominal,Kerbin,3531599999999.9995,600000.0,26876.376953125,0.0,1480000.125,315.0,1110339.2139647952,304.60762928976465,0.0,-1532290.4241406042,-2833.3566157945306,759827.7798310666,239.52948200487043,0.5272052464676023,-188.17852461595407,1148047.5979072843,-598397.4353120668,874825.0812976088,0
9474.43265625634,phase0-forces,E,nominal,Kerbin,3531599999999.9995,600000.0,26876.376953125,0.0,1480000.125,315.0,1102177.5985397992,335.5398069672138,0.0,-1525695.8821470656,-2818.971250725618,754753.4071279786,267.79025445741064,0.5794419104724627,-202.17568084293114,1148047.5979072843,-598397.4353120668,874825.0812976088,0
9500.43265625634,phase0-forces,E,nominal,Kerbin,3531599999999.9995,600000.0,26876.376953125,0.0,1480000.125,315.0,1093193.492181813,366.8845949928194,0.0,-1518362.734662358,-2803.2211948164613,749313.6525557383,296.3506500832345,0.6321911817593795,-216.2873056205545,1148047.5979072843,-598397.4353120668,874825.0812976088,0
9525.43265625634,phase0-forces,E,nominal,Kerbin,3531599999999.9995,600000.0,26876.376953125,0.0,1480000.125,315.0,1083771.146472154,397.4268110099679,0.0,-1510607.4505511187,-2786.776831937662,743735.5967724621,324.12587191564177,0.6834506067466035,-229.97830802000837,1148047.5979072843,-598397.4353120668,874825.0812976088,0
9551.43265625634,phase0-forces,E,nominal,Kerbin,3531599999999.9995,600000.0,26876.376953125,0.0,1480000.125,315.0,1073147.3853088105,429.6320211005752,0.0,-1501800.8143233652,-2768.3074510821016,737569.5381028437,353.37174017147595,0.7373818944242799,-244.35945463822293,1148047.5979072843,-598397.4353120668,874825.0812976088,0
9577.43265625634,phase0-forces,E,nominal,Kerbin,3531599999999.9995,600000.0,26876.376953125,0.0,1480000.125,315.0,1061672.3605125449,462.3160779015627,0.0,-1492228.6257088955,-2748.4269122012765,731027.5018463957,383.0208844800241,0.7920126947116778,-258.90255049789533,1148047.5979072843,-598397.4353120668,874825.0812976088,0
9603.43265625634,phase0-forces,E,nominal,Kerbin,3531599999999.9995,600000.0,26876.376953125,0.0,1480000.125,315.0,1049334.2809435637,495.513676162113,0.0,-1481879.8916981253,-2727.1161151059778,724105.0474303226,413.11280887948897,0.8474139595386789,-273.6254598771309,1148047.5979072843,-598397.4353120668,874825.0812976088,0
9629.43265625634,phase0-forces,E,nominal,Kerbin,3531599999999.9995,600000.0,26876.376953125,0.0,1480000.125,315.0,1036120.1929797286,529.2645420634778,0.0,-1470742.5564530664,-2704.354053212038,716797.2551447707,443.68981805425517,0.9036615280459136,-288.5471958562196,1148047.5979072843,-598397.4353120668,874825.0812976088,0
9655.43265625634,phase0-forces,E,nominal,Kerbin,3531599999999.9995,600000.0,26876.376953125,0.0,1480000.125,315.0,1022015.8972539767,563.6132954757735,0.0,-1458803.4238905944,-2680.1176772841127,709098.6943711983,474.7974013545855,0.9608368020593497,-303.68808224333407,1148047.5979072843,-598397.4353120668,874825.0812976088,0
9681.43265625634,phase0-forces,E,nominal,Kerbin,3531599999999.9995,600000.0,26876.376953125,0.0,1480000.125,315.0,1007005.8530573195,598.6095449817695,0.0,-1446048.0688678822,-2654.3817411788614,701003.386968654,506.48467259330255,1.0190275184725233,-319.0699380296629,1148047.5979072843,-598397.4353120668,874825.0812976088,0
9707.43265625634,phase0-forces,E,nominal,Kerbin,3531599999999.9995,600000.0,26876.376953125,0.0,1480000.125,315.0,991073.07033532,634.3081677373449,0.0,-1432460.7368607186,-2627.118625295988,692504.7658655046,538.8048764771688,1.078328637380831,-334.7162887432883,1148047.5979072843,-598397.4353120668,874825.0812976088,0
9732.43265625634,phase0-forces,E,nominal,Kerbin,3531599999999.9995,600000.0,26876.376953125,0.0,1480000.125,315.0,974865.6344223619,669.3524869064579,0.0,-1418595.4033749856,-2599.435804379812,683945.9707764997,570.5327941937219,1.1364921083267536,-350.0339852972163,1148047.5979072843,-598397.4353120668,874825.0812976088,0
9758.43265625634,phase0-forces,E,nominal,Kerbin,3531599999999.9995,600000.0,26876.376953125,0.0,1480000.125,315.0,957067.3516050433,706.6106887771272,0.0,-1403324.6955845421,-2569.0867607721,674634.6685355795,604.267895418057,1.19827988740447,-366.275224641839,1148047.5979072843,-598397.4353120668,874825.0812976088,0
9783.43265625634,phase0-forces,E,nominal,Kerbin,3531599999999.9995,600000.0,26876.376953125,0.0,1480000.125,315.0,939027.034055419,743.2844490289295,0.0,-1387804.5107332624,-2538.3730143436105,665279.1956797312,637.4788505409969,1.2590521258492016,-382.21839577512907,1148047.5979072843,-598397.4353120668,874825.0812976088,0
9810.43265625634,phase0-forces,E,nominal,Kerbin,3531599999999.9995,600000.0,26876.376953125,0.0,1480000.125,315.0,918498.1178483914,783.9112226108683,0.0,-1370098.0715640588,-2503.4744216331155,654722.4914583082,674.2775542515199,1.326325287099847,-399.83099633356056,1148047.5979072843,-598397.4353120668,874825.0812976088,0
9836.43265625634,phase0-forces,E,nominal,Kerbin,3531599999999.9995,600000.0,26876.376953125,0.0,1480000.125,315.0,897676.6297555664,824.125927001954,0.0,-1352095.4183138337,-2468.128828180662,644101.8362268639,710.7131346014719,1.3928681797335298,-417.21510492791845,1148047.5979072843,-598397.4353120668,874825.0812976088,0
9862.43265625634,phase0-forces,E,nominal,Kerbin,3531599999999.9995,600000.0,26876.376953125,0.0,1480000.125,315.0,875792.839939303,865.5150434371243,0.0,-1333131.6648825721,-2431.0288452037485,633023.3491762277,748.2248982161625,1.4613075885343634,-435.05592362995367,1148047.5979072843,-598397.4353120668,874825.0812976088,0
9889.43265625634,phase0-forces,E,nominal,Kerbin,3531599999999.9995,600000.0,26876.376953125,0.0,1480000.125,315.0,851908.9515070512,909.8607383417688,0.0,-1312389.8136123642,-2390.5895855554254,621020.8254754767,788.4314533389269,1.5345860722298856,-454.11457982240904,1148047.5979072843,-598397.4353120668,874825.0812976088,0
9915.43265625634,phase0-forces,E,nominal,Kerbin,3531599999999.9995,600000.0,26876.376953125,0.0,1480000.125,315.0,827758.0817794905,954.0101025769711,0.0,-1291372.9699577086,-2349.747805012098,608969.1874261866,828.4769277583518,1.6074914054796325,-473.03136467087154,1148047.5979072843,-598397.4353120668,874825.0812976088,0
9941.43265625634,phase0-forces,E,nominal,Kerbin,3531599999999.9995,600000.0,26876.376953125,0.0,1480000.125,315.0,802438.3640711701,999.7248481335542,0.0,-1269296.548663575,-2306.9780635961206,596417.9024992218,869.9612398416675,1.682932650213079,-492.5590125929091,1148047.5979072843,-598397.4353120668,874825.0812976088,0
9967.43265625634,phase0-forces,E,nominal,Kerbin,3531599999999.9995,600000.0,26876.376953125,0.0,1480000.125,315.0,775907.227347808,1047.169685271265,0.0,-1246121.199258188,-2262.2110144027383,583350.2699310202,913.0369991399023,1.7611781785418874,-512.7618221008131,1148047.5979072843,-598397.4353120668,874825.0812976088,0
9993.43265625634,phase0-forces,E,nominal,Kerbin,3531599999999.9995,600000.0,26876.376953125,0.0,1480000.125,315.0,748117.5173071795,1096.532972285202,0.0,-1221803.3274967894,-2215.369851840368,569747.8051951285,957.8787104193577,1.8425344523488434,-533.712975765776,1148047.5979072843,-598397.4353120668,874825.0812976088,0
10019.43265625634,phase0-forces,E,nominal,Kerbin,3531599999999.9995,600000.0,26876.376953125,0.0,1480000.125,315.0,719016.8251135591,1148.0314809204585,0.0,-1196294.469801672,-2166.369226110807,555589.9866798951,1004.687225226336,1.9273537182457012,-555.4963059814812,1148047.5979072843,-598397.4353120668,874825.0812976088,0
10045.43265625634,phase0-forces,E,nominal,Kerbin,3531599999999.9995,600000.0,26876.376953125,0.0,1480000.125,315.0,688546.6792238245,1201.9164101528645,0.0,-1169540.539678713,-2115.113931907049,540853.9515246472,1053.6953587567655,2.0160437037174157,-578.2085121277483,1148047.5979072843,-598397.4353120668,874825.0812976088,0
10071.43265625634,phase0-forces,E,nominal,Kerbin,3531599999999.9995,600000.0,26876.376953125,0.0,1480000.125,315.0,656641.5566957502,1258.4810562645946,0.0,-1141480.904903765,-2061.4973096975,525514.125389263,1105.1750549935512,2.109079968329878,-601.9619743626155,1148047.5979072843,-598397.4353120668,874825.0812976088,0
10097.43265625634,phase0-forces,E,nominal,Kerbin,3531599999999.9995,600000.0,26876.376953125,0.0,1480000.125,315.0,623227.6733972523,1318.0707109787284,0.0,-1112047.2578138988,-2005.3992881902368,509541.77034580626,1159.4466370491016,2.2070218253436313,-626.888366481754,1148047.5979072843,-598397.4353120668,874825.0812976088,0
10123.43265625634,phase0-forces,E,nominal,Kerbin,3531599999999.9995,600000.0,26876.376953125,0.0,1480000.125,315.0,588221.4754954271,1381.095602307133,0.0,-1081162.2050353645,-1946.6839442380578,492904.42446099024,1216.8909081818779,2.310533136491601,-653.143354657316,1148047.5979072843,-598397.4353120668,874825.0812976088,0
10149.126406256339,phase0-forces,E,nominal,Kerbin,3531599999999.9995,600000.0,26876.376953125,0.0,1480000.125,315.0,551970.1857931577,1447.2343930419488,0.0,-1049128.761397821,-1885.937492383352,475773.6796040441,1277.2226715027168,2.419075068677841,-680.5760676653074,1148047.5979072843,-598397.4353120668,874825.0812976088,0
10167.145156256336,phase0-forces,E,nominal,Kerbin,3531599999999.9995,600000.0,26876.376953125,0.0,1480000.125,315.0,525508.4649408413,1496.2093256150447,0.0,-1025715.1812405585,-1841.6306972631128,463329.5587619161,1321.9304413877146,2.4993944084177757,-700.8109639678164,1148047.5979072843,-598397.4353120668,874825.0812976088,0
10174.682656256342,phase0-forces,E,nominal,Kerbin,3531599999999.9995,600000.0,26876.376953125,0.0,1480000.125,315.0,514173.7949290825,1517.3940387151465,0.0,-1015678.463707802,-1822.6610643395097,458014.3901379918,1341.2780590316884,2.534123243160157,-709.5431032064497,1148047.5979072843,-598397.4353120668,874825.0812976088,0
10179.88265625636,phase0-forces,E,nominal,Kerbin,3531599999999.9995,600000.0,26876.376953125,0.0,1480000.125,315.0,506260.4366303494,1532.2636944094968,0.0,-1008668.5862061448,-1809.4204070099504,454308.8848484685,1354.861403469354,2.5584944504212785,-715.6647683801677,1148047.5979072843,-598397.4353120668,874825.0812976088,0
10184.755898443866,phase0-forces,E,nominal,Kerbin,3531599999999.9995,600000.0,26876.376953125,0.0,1480000.125,315.0,498773.73252332467,1546.3944392849949,0.0,-1002034.6319820452,-1796.8959473200948,450807.1458581823,1367.7721731784657,2.58165067361563,-721.4765271372387,1148047.5979072843,-598397.4353120668,874825.0812976088,0
10188.340078131367,phase0-forces,E,nominal,Kerbin,3531599999999.9995,600000.0,26876.376953125,0.0,1480000.125,315.0,493223.24555521854,1556.9114153608102,0.0,-997115.0973229646,-1787.6120179124982,448213.51134941704,1377.3826983959532,2.598882495930581,-725.7983902228334,1148047.5979072843,-598397.4353120668,874825.0812976088,0
10190.975234381374,phase0-forces,E,nominal,Kerbin,3531599999999.9995,600000.0,26876.376953125,0.0,1480000.125,315.0,489118.30104926974,1564.7123084899333,0.0,-993476.097122971,-1780.7467383869798,446296.70295310306,1384.5120823952795,2.6116627168533895,-729.0021133434634,1148047.5979072843,-598397.4353120668,874825.0812976088,0
10193.475234381383,phase0-forces,E,nominal,Kerbin,3531599999999.9995,600000.0,26876.376953125,0.0,1480000.125,315.0,485204.8451109815,1572.167816648284,0.0,-990006.3092754877,-1774.2023330756338,444470.37657549,1391.3264852099019,2.623876009436205,-732.062408905675,1148047.5979072843,-598397.4353120668,874825.0812976088,0
10196.175234381393,phase0-forces,E,nominal,Kerbin,3531599999999.9995,600000.0,26876.376953125,0.0,1480000.125,315.0,480957.3189566878,1580.2805893311843,0.0,-986239.7295754073,-1767.0999511607797,442489.3202901293,1398.7423812839747,2.6371648024586345,-735.3907377569802,1148047.5979072843,-598397.4353120668,874825.0812976088,0
10198.775234381403,phase0-forces,E,nominal,Kerbin,3531599999999.9995,600000.0,26876.376953125,0.0,1480000.125,315.0,476846.3476141689,1588.1535662959307,0.0,-982593.654754959,-1760.226580483547,440573.1126699098,1405.9398250880495,2.650059611136404,-738.6189379875966,1148047.5979072843,-598397.4353120668,874825.0812976088,0
10201.375234381412,phase0-forces,E,nominal,Kerbin,3531599999999.9995,600000.0,26876.376953125,0.0,1480000.125,315.0,472714.8494433635,1596.0870723221558,0.0,-978928.7938809071,-1753.3195563086183,438648.4818139735,1413.193347417387,2.6630523661259238,-741.870213313115,1148047.5979072843,-598397.4353120668,874825.0812976088,0
10203.975234381422,phase0-forces,E,nominal,Kerbin,3531599999999.9995,600000.0,26876.376953125,0.0,1480000.125,315.0,468562.6662593463,1604.08211490001,0.0,-975244.9999370002,-1746.3786218889863,436715.3672392038,1420.5038871007332,2.6761446906760735,-745.1449364542385,1148047.5979072843,-598397.4353120668,874825.0812976088,0
10206.575234381431,phase0-forces,E,nominal,Kerbin,3531599999999.9995,600000.0,26876.376953125,0.0,1480000.125,315.0,464389.6372281844,1612.139725563221,0.0,-971542.1234249686,-1739.4035162159116,434773.70749052556,1427.8724054768354,2.689338246589072,-748.4434887662853,1148047.5979072843,-598397.4353120668,874825.0812976088,0
10209.17523438144,phase0-forces,E,nominal,Kerbin,3531599999999.9995,600000.0,26876.376953125,0.0,1480000.125,315.0,460195.59881908237,1620.2609606477863,0.0,-967820.0123264734,-1732.3939738103063,432823.44010792277,1435.2998871075713,2.7026347354325533,-751.7662605050634,1148047.5979072843,-598397.4353120668,874825.0812976088,0
10211.77523438145,phase0-forces,E,nominal,Kerbin,3531599999999.9995,600000.0,26876.376953125,0.0,1480000.125,315.0,455980.38472839654,1628.4469020802883,0.0,-964078.5120314836,-1725.3497248419435,430864.50159954024,1442.7873405189905,2.7160358997988205,-755.1136511029432,1148047.5979072843,-598397.4353120668,874825.0812976088,0
10214.37523438146,phase0-forces,E,nominal,Kerbin,3531599999999.9995,600000.0,26876.376953125,0.0,1480000.125,315.0,451743.82583493204,1636.6986581974343,0.0,-960317.4652938021,-1718.2704947718294,428896.82743067003,1450.335798971826,2.7295435246137894,-758.486069455586,1148047.5979072843,-598397.4353120668,874825.0812976088,0
10216.975234381469,phase0-forces,E,nominal,Kerbin,3531599999999.9995,600000.0,26876.376953125,0.0,1480000.125,315.0,447485.75006452785,1645.0173645983077,0.0,-956536.7120987185,-1711.1560046800287,426920.35198705085,1457.9463212628546,2.743159438498013,-761.8839342198821,1148047.5979072843,-598397.4353120668,874825.0812976088,0
10219.575234381478,phase0-forces,E,nominal,Kerbin,3531599999999.9995,600000.0,26876.376953125,0.0,1480000.125,315.0,443205.98240120476,1653.4041850307342,0.0,-952736.089686753,-1704.0059703119905,424935.0085480264,1465.6199925584317,2.7568855151819998,-765.3076741235677,1148047.5979072843,-598397.4353120668,874825.0812976088,0
10222.175234381488,phase0-forces,E,nominal,Kerbin,3531599999999.9995,600000.0,26876.376953125,0.0,1480000.125,315.0,438904.34478435013,1661.8603123135645,0.0,-948915.4324457833,-1696.8201027640016,422940.72927488387,1473.3579252619322,2.7707236749786794,-768.757728287078,1148047.5979072843,-598397.4353120668,874825.0812976088,0
10224.675234381497,phase0-forces,E,nominal,Kerbin,3531599999999.9995,600000.0,26876.376953125,0.0,1480000.125,315.0,434747.36167360377,1670.05770171706,0.0,-945222.6728480838,-1689.876549018255,421014.6619081776,1480.8599082570079,2.7841371296206043,-772.1003223428665,1148047.5979072843,-598397.4353120668,874825.0812976088,0
10227.275234381506,phase0-forces,E,nominal,Kerbin,3531599999999.9995,600000.0,26876.376953125,0.0,1480000.125,315.0,430402.2959698561,1678.6533578031433,0.0,-941362.2241176603,-1682.6195349224718,419002.6531368309,1488.7272320531426,2.7982009084834645,-775.6033098684095,1148047.5979072843,-598397.4353120668,874825.0812976088,0
10229.875234381516,phase0-forces,E,nominal,Kerbin,3531599999999.9995,600000.0,26876.376953125,0.0,1480000.125,315.0,426034.8142398804,1687.3220333544705,0.0,-937481.2325481635,-1675.325801981321,416981.50071160146,1496.6622803966497,2.8123827459646904,-779.1339764024253,1148047.5979072843,-598397.4353120668,874825.0812976088,0
10232.475234381525,phase0-forces,E,nominal,Kerbin,3531599999999.9995,600000.0,26876.376953125,0.0,1480000.125,315.0,421644.72557135357,1696.0650461810153,0.0,-933579.5204971019,-1667.9950404890687,414951.1320489586,1504.6662828346618,2.8266847625972464,-782.6928056592726,1148047.5979072843,-598397.4353120668,874825.0812976088,0
10235.075234381535,phase0-forces,E,nominal,Kerbin,3531599999999.9995,600000.0,26876.376953125,0.0,1480000.125,315.0,417231.8355209655,1704.8837483331788,0.0,-929656.9070108426,-1660.6269351371438,412911.47327552957,1512.7405010152465,2.841109133746271,-786.2802935452603,1148047.5979072843,-598397.4353120668,874825.0812976088,0
10237.675234381544,phase0-forces,E,nominal,Kerbin,3531599999999.9995,600000.0,26876.376953125,0.0,1480000.125,315.0,412795.94620466954,1713.7795272774124,0.0,-925713.2079146265,-1653.221165014139,410862.4492464637,1520.8862297940134,2.8556580914844534,-789.8969485667149,1148047.5979072843,-598397.4353120668,874825.0812976088,0
10240.275234381554,phase0-forces,E,nominal,Kerbin,3531599999999.9995,600000.0,26876.376953125,0.0,1480000.125,315.0,408336.8559761037,1722.7538071222966,0.0,-921748.2355146388,-1645.7774031289728,408803.9834225725,1529.1047983883336,2.870333926547651,-793.5432922552437,1148047.5979072843,-598397.4353120668,874825.0812976088,0
10242.875234381563,phase0-forces,E,nominal,Kerbin,3531599999999.9995,600000.0,26876.376953125,0.0,1480000.125,315.0,403854.3595083655,1731.8080498973034,0.0,-917761.7986594654,-1638.2953165897043,406735.9979320117,1537.3975715813638,2.8851389903742057,-797.2198596107803,1148047.5979072843,-598397.4353120668,874825.0812976088,0
10245.475234381573,phase0-forces,E,nominal,Kerbin,3531599999999.9995,600000.0,26876.376953125,0.0,1480000.125,315.0,399348.24763729866,1740.943756887223,0.0,-913753.7026064765,-1630.774566275707,404658.4134835311,1545.765950978618,2.9000756972327624,-800.9271995635539,1148047.5979072843,-598397.4353120668,874825.0812976088,0
10247.975234381582,phase0-forces,E,nominal,Kerbin,3531599999999.9995,600000.0,26876.376953125,0.0,1480000.125,315.0,394992.97897109424,1749.8063502413615,0.0,-909879.1537552043,-1623.5062922664792,402651.608702616,1553.8851098439889,2.9145643685178104,-804.5214938487788,1148047.5979072843,-598397.4353120668,874825.0812976088,0
10250.575234381591,phase0-forces,E,nominal,Kerbin,3531599999999.9995,600000.0,26876.376953125,0.0,1480000.125,315.0,390439.92184987594,1759.1063702803547,0.0,-905827.9924705762,-1615.908691925636,400554.9596370184,1562.4060123296651,2.929766562338869,-808.290845590205,1148047.5979072843,-598397.4353120668,874825.0812976088,0
10253.1752343816,phase0-forces,E,nominal,Kerbin,3531599999999.9995,600000.0,26876.376953125,0.0,1480000.125,315.0,385862.6063295986,1768.4925447314065,0.0,-901754.5731768229,-1608.2713855334432,398448.46815720806,1571.006900938136,2.9451079397239788,-812.0926820964113,1148047.5979072843,-598397.4353120668,874825.0812976088,0
10255.97523438161,phase0-forces,E,nominal,Kerbin,3531599999999.9995,600000.0,26876.376953125,0.0,1480000.125,315.0,380728.24426906323,1779.065427494602,0.0,-897342.6808974824,-1600.0017698534639,396168.8338463859,1580.3606396989917,2.961788160550341,-816.2239956413741,1148047.5979072843,-598397.4353120668,874825.0812976088,0
10258.47523438162,phase0-forces,E,nominal,Kerbin,3531599999999.9995,600000.0,26876.376953125,0.0,1480000.125,315.0,376455.8545520146,1787.8997286776912,0.0,-893381.2541338009,-1592.5785339006097,394123.62824986246,1588.7937450614559,2.976823062711498,-819.9457384387144,1148047.5979072843,-598397.4353120668,874825.0812976088,0
10261.27523438163,phase0-forces,E,nominal,Kerbin,3531599999999.9995,600000.0,26876.376953125,0.0,1480000.125,315.0,371444.50997960893,1798.304920421609,0.0,-888919.3012356487,-1584.219667924276,391821.9010064296,1598.3320466450882,2.993824263359869,-824.1518625205995,1148047.5979072843,-598397.4353120668,874825.0812976088,0
10263.877578131638,phase0-forces,E,nominal,Kerbin,3531599999999.9995,600000.0,26876.376953125,0.0,1480000.125,315.0,366760.7106052344,1808.0726046012976,0.0,-884748.2587324163,-1576.4079774745614,389672.04823772464,1607.2871338649436,3.009781982082162,-828.0975510375306,1148047.5979072843,-598397.4353120668,874825.0812976088,0
10267.237539069141,phase0-forces,E,nominal,Kerbin,3531599999999.9995,600000.0,26876.376953125,0.0,1480000.125,315.0,360675.56263218133,1820.8253051329693,0.0,-879328.2338113534,-1566.2603035398633,386881.0420394432,1618.9806277715065,3.0306137058653118,-833.2450624478465,1148047.5979072843,-598397.4353120668,874825.0812976088,0
10271.936562506644,phase0-forces,E,nominal,Kerbin,3531599999999.9995,600000.0,26876.376953125,0.0,1480000.125,315.0,352092.9297278541,1838.93509055236,0.0,-871681.7011901132,-1551.9500918813856,382948.4953606568,1635.5896111597492,3.060191066879749,-840.5471589159949,1148047.5979072843,-598397.4353120668,874825.0812976088,0
10277.136562506663,phase0-forces,E,nominal,Kerbin,3531599999999.9995,600000.0,26876.376953125,0.0,1480000.125,315.0,342495.27236560336,1859.3621761121308,0.0,-863128.0806375241,-1535.95066581451,378556.33094963373,1654.3285749727645,3.0935457249227083,-848.7727009982525,1148047.5979072843,-598397.4353120668,874825.0812976088,0
10282.336562506682,phase0-forces,E,nominal,Kerbin,3531599999999.9995,600000.0,26876.376953125,0.0,1480000.125,315.0,332790.4698171088,1880.2120183194531,0.0,-854476.0028911877,-1519.7760337420614,374120.98490398633,1673.4605211776964,3.1275826266471847,-857.156541198571,1148047.5979072843,-598397.4353120668,874825.0812976088,0
10288.522500006691,phase0-forces,E,nominal,Kerbin,3531599999999.9995,600000.0,26876.376953125,0.0,1480000.125,315.0,321102.9557450048,1905.5909518174606,0.0,-844052.337136853,-1500.301426095596,368787.2779145605,1696.7554309899049,3.169002185110725,-867.3452833099332,1148047.5979072843,-598397.4353120668,874825.0812976088,0
10303.75062500669,phase0-forces,E,nominal,Kerbin,3531599999999.9995,600000.0,26876.376953125,0.0,1480000.125,315.0,291646.33171382826,1970.9401700184917,0.0,-817761.9642166602,-1451.2405177780302,355382.1107486921,1756.7740125134135,3.275599565948097,-893.4984573000254,1148047.5979072843,-598397.4353120668,874825.0812976088,0
10328.420937506693,phase0-forces,E,nominal,Kerbin,3531599999999.9995,600000.0,26876.376953125,0.0,1480000.125,315.0,241713.1687169118,2086.752469750115,0.0,-773133.7739748063,-1368.1468016334684,332781.2406150123,1863.2653405912565,3.4643158978641218,-939.556352261488,1148047.5979072843,-598397.4353120668,874825.0812976088,0
10354.420937506693,phase0-forces,E,nominal,Kerbin,3531599999999.9995,600000.0,26876.376953125,0.0,1480000.125,315.0,185801.90581680613,2225.219901237523,0.0,-723069.3977347325,-1275.2119485565336,307658.3414753161,1990.7998410140883,3.689619365201688,-994.1357998738163,1148047.5979072843,-598397.4353120668,874825.0812976088,0
10371.420937506693,phase0-forces,E,nominal,Kerbin,3531599999999.9995,600000.0,26876.376953125,0.0,1480000.125,315.0,147192.49841012922,2327.243949715124,0.0,-688439.424292106,-1211.102705878845,290424.3825696467,2084.9155161692074,3.8553950248087125,-1034.0100714459902,1148047.5979072843,-598397.4353120668,874825.0812976088,0
10398.420937506693,phase0-forces,E,nominal,Kerbin,3531599999999.9995,600000.0,26876.376953125,0.0,1480000.125,315.0,82039.02161529963,2513.7789104434787,0.0,-629891.0037781275,-1103.0447665878446,261559.42662726014,2257.313044380324,4.1579835735339925,-1106.1667783085145,1148047.5979072843,-598397.4353120668,874825.0812976088,0
10403.540937506705,phase0-forces,E,nominal,Kerbin,3531599999999.9995,600000.0,26876.376953125,0.0,1480000.125,315.0,69143.88465376128,2553.1653987309287,0.16501285135746002,-618287.812179744,-1081.6773120968248,255876.04353222353,2293.7740311468337,4.221790486221059,-1121.2655456217121,1148046.5347801433,-598397.4352977871,874824.549741178,0
10404.060937506716,phase0-forces,E,nominal,Kerbin,3531599999999.9995,600000.0,26876.376953125,0.0,1480000.0,314.9999694824219,67817.71009596938,2557.2648137137976,0.0015952534740790725,-617094.0286781682,-1079.4801896771053,255292.55455279624,2297.569261632247,4.228428494071214,-1122.8361126423504,1148041.398495058,-598397.4311604791,874821.9836672895,0
10404.580937506727,phase0-forces,E,nominal,Kerbin,3531599999999.9995,600000.0,26876.376953125,0.0,1479999.875,314.99993896484375,66489.4063766225,2561.377365184453,0.002267837757244706,-615898.2683297206,-1077.279610533318,254708.24750948854,2301.376646210123,4.235084313591273,-1124.4116698161554,1148029.1587555702,-598397.4174638905,874815.8706458398,0
10405.080937506738,phase0-forces,E,nominal,Kerbin,3531599999999.9995,600000.0,26876.376953125,0.0,1479999.5,314.9998779296875,65210.17729152413,2565.3434101292005,0.003070638282224536,-614746.6288549801,-1075.1604013048031,254145.63996608282,2305.048305732313,4.241498463044166,-1125.9312278397358,1148008.8104549672,-598397.3914452738,874805.7095048467,0
10405.60093750675,phase0-forces,E,nominal,Kerbin,3531599999999.9995,600000.0,26876.376953125,0.0,1479999.125,314.99981689453125,63877.6783467778,2569.4803392517106,0.003901280462741852,-613546.9733877572,-1072.9530178787024,253559.72082657786,2308.8780114238402,4.2481832399562816,-1127.5165165547414,1147978.6635780341,-598397.3482091905,874790.6576844217,0
10406.140937506761,phase0-forces,E,nominal,Kerbin,3531599999999.9995,600000.0,26876.376953125,0.0,1479998.875,314.9997253417969,62491.65550320945,2573.789981406548,0.0047195409424602985,-612299.0661073162,-1070.657051740275,252950.39226885798,2312.8673907973357,4.255140099247373,-1129.1683642211115,1147938.1957893835,-598397.2836471321,874770.4560711257,0
10406.660937506773,phase0-forces,E,nominal,Kerbin,3531599999999.9995,600000.0,26876.376953125,0.0,1479998.375,314.9996337890625,61154.770247600856,2577.953226169738,0.005527076311409473,-611095.338272062,-1068.4425669602751,252362.7868640562,2316.7210044218455,4.261853159624609,-1130.7645469315185,1147890.3528234747,-598397.2005481627,874746.576137656,0
10407.180937506784,phase0-forces,E,nominal,Kerbin,3531599999999.9995,600000.0,26876.376953125,0.0,1479997.875,314.99951171875,59815.72329977609,2582.1284577802644,0.006596641149371862,-609889.6035855294,-1066.2245883876278,251774.3499982069,2320.5853639219577,4.268576509558955,-1132.3659834543175,1147831.280541495,-598397.0920413532,874717.0942500709,0
10407.700937506796,phase0-forces,E,nominal,Kerbin,3531599999999.9995,600000.0,26876.376953125,0.0,1479997.125,314.9993896484375,58474.509083170444,2586.3135554168102,0.008133387193083763,-608681.8570192959,-1064.0031122464495,251185.0790656975,2324.4583426622585,4.275304171060573,-1133.9721962794385,1147755.8954117456,-598396.9507626216,874679.472324562,0
10408.200937506806,phase0-forces,E,nominal,Kerbin,3531599999999.9995,600000.0,26876.376953125,0.0,1479996.25,314.99920654296875,57182.83193934837,2590.345547583862,0.009917686693370342,-607518.6612044503,-1061.8637783924448,250617.6835929387,2328.1889871751537,4.281772232870445,-1135.5209211240517,1147664.458709554,-598396.7766153186,874633.8410471177,0
10408.700937506817,phase0-forces,E,nominal,Kerbin,3531599999999.9995,600000.0,26876.376953125,0.0,1479995.25,314.99896240234375,55889.1433220061,2594.3843342857567,0.011918728239834309,-606353.5986004987,-1059.7212115581863,250049.5126627006,2331.9251332467697,4.2882356325879405,-1137.073813766962,1147552.066838981,-598396.5581530409,874577.75434297,0
10409.220937506829,phase0-forces,E,nominal,Kerbin,3531599999999.9995,600000.0,26876.376953125,0.0,1479993.75,314.9986877441406,54541.57019697176,2598.5905697097896,0.014322219416499138,-605139.9505945712,-1057.4895163159918,249457.7900692625,2335.8151474129777,4.294947373200764,-1138.6931542464802,1147409.6427270279,-598396.2750152366,874506.6838558957,0
10409.72093750684,phase0-forces,E,nominal,Kerbin,3531599999999.9995,600000.0,26876.376953125,0.0,1479992.125,314.9983215332031,53243.7697634605,2602.6388909049533,0.017060130834579468,-603971.073052934,-1055.3403682586734,248888.030862819,2339.5578652056474,4.301384138925612,-1140.2542216101847,1147243.714837877,-598395.9374314193,874423.8887032289,0
10410.260937506851,phase0-forces,E,nominal,Kerbin,3531599999999.9995,600000.0,26876.376953125,0.0,1479989.75,314.9978332519531,51839.878824534826,2607.0126050321633,0.02063237875699997,-602706.5833570878,-1053.0156808854267,248271.81306379868,2343.5996502315397,4.3083068549308,-1141.9443247038073,1147026.0240350605,-598395.484122245,874315.2699564078,0
10410.780937506863,phase0-forces,E,nominal,Kerbin,3531599999999.9995,600000.0,26876.376953125,0.0,1479986.875,314.9972229003906,50485.75970228354,2611.2223557250236,0.02484249696135521,-601486.8647207094,-1050.7735705337227,247677.55453171657,2347.4877341500523,4.314931944626859,-1143.575493972964,1146770.3434475202,-598394.9408513888,874187.7012980656,0
10411.300937506874,phase0-forces,E,nominal,Kerbin,3531599999999.9995,600000.0,26876.376953125,0.0,1479983.5,314.9964904785156,49129.46085891512,2615.425665842981,0.030024074018001556,-600265.1263813238,-1048.5280294711636,247082.44695722644,2351.3672153420416,4.321501300046678,-1145.2095689398193,1146458.8462488176,-598394.270763332,874032.2877427428,0
10411.820937506885,phase0-forces,E,nominal,Kerbin,3531599999999.9995,600000.0,26876.376953125,0.0,1479979.125,314.9955749511719,47770.98744759383,2619.6168110506624,0.03642737865447998,-599041.374337383,-1046.27909134138,246486.48910411564,2355.23225540402,4.327997260703412,-1146.8454683537122,1146078.1122710789,-598393.45035426,873842.3309584094,0
10412.360937506897,phase0-forces,E,nominal,Kerbin,3531599999999.9995,600000.0,26876.376953125,0.0,1479973.625,314.9944152832031,46357.97264217632,2623.9486200777883,0.044672779738903046,-597768.4336578721,-1043.9401069510745,245866.70923362428,2359.222908807177,4.3346428322938255,-1148.544660968413,1145591.5841421122,-598392.4103043134,873599.5869188994,0
10412.880937506909,phase0-forces,E,nominal,Kerbin,3531599999999.9995,600000.0,26876.376953125,0.0,1479966.875,314.99298095703125,44995.097225106205,2628.09223411439,0.05425531789660454,-596540.6101445812,-1041.6843919043126,245269.01717579958,2363.0353959638405,4.340920944230638,-1150.1798402161883,1145016.6854813236,-598391.1936185258,873312.7459313989,0
10413.360937506919,phase0-forces,E,nominal,Kerbin,3531599999999.9995,600000.0,26876.376953125,0.0,1479959.375,314.99139404296875,43735.162183627486,2631.8850985720833,0.06478223204612732,-595405.4834818302,-1039.599328123494,244716.54726353532,2366.520151040183,4.3465860962986165,-1151.686873241092,1144375.1465600082,-598389.8500135369,872992.6482732357,0
10413.88093750693,phase0-forces,E,nominal,Kerbin,3531599999999.9995,600000.0,26876.376953125,0.0,1479949.375,314.9892883300781,42368.1989627101,2635.9496567345213,0.07825873047113419,-594173.8873641017,-1037.3374839949524,244117.22295686527,2370.248095078025,4.352552997152496,-1153.3150549178838,1143537.5864328516,-598388.1171357665,872574.7346485426,0
10414.380937506941,phase0-forces,E,nominal,Kerbin,3531599999999.9995,600000.0,26876.376953125,0.0,1479938.0,314.98687744140625,41051.84175111493,2639.804400437446,0.09333682805299759,-592987.8466390108,-1035.1597583874998,243540.1527370794,2373.77628338266,4.358093750862243,-1154.8742078848964,1142569.4402989529,-598386.1423443127,872091.6489773201,0
10414.900937506953,phase0-forces,E,nominal,Kerbin,3531599999999.9995,600000.0,26876.376953125,0.0,1479923.875,314.98388671875,39680.81513205322,2643.740775872486,0.11279379576444626,-591752.5120293673,-1032.8920491672425,242939.1752866474,2377.3700233274953,4.363604207509839,-1156.4852014414198,1141354.4887738624,-598383.7130727496,871485.3878505564,0
10415.440937506964,phase0-forces,E,nominal,Kerbin,3531599999999.9995,600000.0,26876.376953125,0.0,1479905.375,314.97998046875,38254.93118074769,2647.7229101525872,0.13853061199188232,-590467.7155089045,-1030.5341802967655,242314.2012296011,2380.9930709095606,4.36897879157783,-1158.1405429618053,1139806.0195730748,-598380.697153879,870712.661209598,0
10415.960937506976,phase0-forces,E,nominal,Kerbin,3531599999999.9995,600000.0,26876.376953125,0.0,1479882.125,314.97509765625,36879.87455529673,2651.4189598728954,0.17119690775871277,-589228.6913207802,-1028.2610093078613,241711.53596232872,2384.34030070674,4.373720138711647,-1159.708886648415,1137955.253640418,-598377.205495297,869789.0240725605,0
10416.480937506987,phase0-forces,E,nominal,Kerbin,3531599999999.9995,600000.0,26876.376953125,0.0,1479852.375,314.9688415527344,35502.961209891946,2654.9188970990817,0.21607398986816406,-587987.9776560748,-1025.9855230656703,241108.0653818266,2387.489116261494,4.377882269541025,-1161.23679930217,1135616.1829116582,-598372.9748420054,868621.6040348264,0
10416.500937506988,phase0-forces,E,nominal,Kerbin,3531599999999.9995,600000.0,26876.376953125,0.0,1479849.875,314.9682922363281,35396.971116873436,2655.178305092741,0.22000837326049805,-587891.0656292484,-1025.810399002173,241065.04012574922,2387.7146864396236,4.378174482054298,-1161.366109193779,1135412.2472714158,-598372.6151163144,868519.8160775506,0
10416.500937506988,phase0-forces,E,nominal,Kerbin,3531599999999.9995,600000.0,26876.376953125,0.0,1479849.875,314.9682922363281,35396.971116873436,2655.178305092741,0.22000837326049805,-587891.0656292484,-1025.810399002173,241065.04012574922,2387.7146864396236,4.378174482054298,-1161.366109193779,1135412.2472714158,-598372.6151163144,868519.8160775506,0
10416.500937506988,phase0-forces,E,nominal,Kerbin,3531599999999.9995,600000.0,26876.376953125,0.0,1479849.875,314.9682922363281,35396.971116873436,2655.178305092741,0.22000837326049805,-587891.0656292484,-1025.810399002173,241065.04012574922,2387.7146864396236,4.378174482054298,-1161.366109193779,1135412.2472714158,-598372.6151163144,868519.8160775506,0
10416.500937506988,phase0-forces,E,nominal,Kerbin,3531599999999.9995,600000.0,26876.376953125,0.0,1479849.875,314.9682922363281,35396.971116873436,2655.178305092741,0.22000837326049805,-587891.0656292484,-1025.810399002173,241065.04012574922,2387.7146864396236,4.378174482054298,-1161.366109193779,1135412.2472714158,-598372.6151163144,868519.8160775506,0
10416.500937506988,phase0-forces,E,nominal,Kerbin,3531599999999.9995,600000.0,26876.376953125,0.0,1479849.875,314.9682922363281,35396.971116873436,2655.178305092741,0.22000837326049805,-587891.0656292484,-1025.810399002173,241065.04012574922,2387.7146864396236,4.378174482054298,-1161.366109193779,1135412.2472714158,-598372.6151163144,868519.8160775506,0
10416.500937506988,phase0-forces,E,nominal,Kerbin,3531599999999.9995,600000.0,26876.376953125,0.0,1479849.875,314.9682922363281,35396.971116873436,2655.178305092741,0.22000837326049805,-587891.0656292484,-1025.810399002173,241065.04012574922,2387.7146864396236,4.378174482054298,-1161.366109193779,1135412.2472714158,-598372.6151163144,868519.8160775506,0
10416.500937506988,phase0-forces,E,nominal,Kerbin,3531599999999.9995,600000.0,26876.376953125,0.0,1479849.875,314.9682922363281,35396.971116873436,2655.178305092741,0.22000837326049805,-587891.0656292484,-1025.810399002173,241065.04012574922,2387.7146864396236,4.378174482054298,-1161.366109193779,1135412.2472714158,-598372.6151163144,868519.8160775506,0
10416.500937506988,phase0-forces,E,nominal,Kerbin,3531599999999.9995,600000.0,26876.376953125,0.0,1479849.875,314.9682922363281,35396.971116873436,2655.178305092741,0.22000837326049805,-587891.0656292484,-1025.810399002173,241065.04012574922,2387.7146864396236,4.378174482054298,-1161.366109193779,1135412.2472714158,-598372.6151163144,868519.8160775506,0
10416.500937506988,phase0-forces,E,nominal,Kerbin,3531599999999.9995,600000.0,26876.376953125,0.0,1479849.875,314.9682922363281,35396.971116873436,2655.178305092741,0.22000837326049805,-587891.0656292484,-1025.810399002173,241065.04012574922,2387.7146864396236,4.378174482054298,-1161.366109193779,1135412.2472714158,-598372.6151163144,868519.8160775506,0
10416.500937506988,phase0-forces,E,nominal,Kerbin,3531599999999.9995,600000.0,26876.376953125,0.0,1479849.875,314.9682922363281,35396.971116873436,2655.178305092741,0.22000837326049805,-587891.0656292484,-1025.810399002173,241065.04012574922,2387.7146864396236,4.378174482054298,-1161.366109193779,1135412.2472714158,-598372.6151163144,868519.8160775506,0
10416.500937506988,phase0-forces,E,nominal,Kerbin,3531599999999.9995,600000.0,26876.376953125,0.0,1479849.875,314.9682922363281,35396.971116873436,2655.178305092741,0.22000837326049805,-587891.0656292484,-1025.810399002173,241065.04012574922,2387.7146864396236,4.378174482054298,-1161.366109193779,1135412.2472714158,-598372.6151163144,868519.8160775506,0
10416.500937506988,phase0-forces,E,nominal,Kerbin,3531599999999.9995,600000.0,26876.376953125,0.0,1479849.875,314.9682922363281,35396.971116873436,2655.178305092741,0.22000837326049805,-587891.0656292484,-1025.810399002173,241065.04012574922,2387.7146864396236,4.378174482054298,-1161.366109193779,1135412.2472714158,-598372.6151163144,868519.8160775506,0
10416.500937506988,phase0-forces,E,nominal,Kerbin,3531599999999.9995,600000.0,26876.376953125,0.0,1479849.875,314.9682922363281,35396.971116873436,2655.178305092741,0.22000837326049805,-587891.0656292484,-1025.810399002173,241065.04012574922,2387.7146864396236,4.378174482054298,-1161.366109193779,1135412.2472714158,-598372.6151163144,868519.8160775506,0
